anchor_utc,n_compared,median_abs_dbeta,p95_abs_dbeta,max_abs_dbeta,max_abs_name,n_abs_dbeta_gt_1e-9,n_fallback_mismatch,beta_exec_prod_pub,beta_exec_eval_pub,delta_hedge_gross_pub,delta_lots_G10k_pub,order_diff_trunc_G10k_pub,beta_exec_prod_rsh,beta_exec_eval_rsh,delta_hedge_gross_rsh,delta_lots_G10k_rsh,order_diff_trunc_G10k_rsh,btc_px_cert
2026-09-13T16:00Z,449,4.551914400963142e-15,1.974809205051996e-14,0.029294810033547725,TACUSDT,6,0,-0.11543090411201533,-0.11593417490636168,-0.0005032707943463527,-0.0652770444501325,1,-0.035452221058527696,-0.03600378029105654,-0.0005515592325288435,-0.07154032569171687,0,77097.66864993512
2026-09-13T20:00Z,449,4.579669976578771e-15,1.9673151996357766e-14,0.02936678445643337,TACUSDT,6,0,-0.1154127429726862,-0.11590277710859537,-0.0004900341359091731,-0.06343181512295182,1,-0.03969747132713389,-0.04023241736212001,-0.0005349460349861196,-0.06924537599618397,0,77253.68333845217
2026-09-14T00:00Z,449,4.551914400963142e-15,1.9678703111480893e-14,0.02904967503818734,TACUSDT,6,0,-0.11773541647824333,-0.11820703793841748,-0.0004716214601741542,-0.06140551098149061,0,-0.04207678896077581,-0.0425930693740734,-0.0005162804132975915,-0.06722014425842193,0,76804.41912067223
2026-09-14T04:00Z,449,4.468647674116255e-15,1.9806378759312778e-14,0.02916601082609238,TACUSDT,6,0,-0.11664225410208509,-0.1171012462181077,-0.00045899211602261347,-0.05918059277623655,0,-0.036310307179840934,-0.03681714414123492,-0.0005068369613939888,-0.06534951422722202,0,77557.8774207398
2026-09-14T08:00Z,449,4.440892098500626e-15,1.9539925233402755e-14,0.02925451406606927,TACUSDT,6,0,-0.11352268100213936,-0.1139786959064991,-0.00045601490435974446,-0.0585737438473668,0,-0.040704820913028045,-0.041205075341919445,-0.0005002544288914001,-0.06425617780528015,0,77853.12571926754
2026-09-14T12:00Z,449,4.496403249731884e-15,1.9689805341727144e-14,0.02923492871952793,TACUSDT,6,0,-0.11355300839680721,-0.1139965169537488,-0.0004435085569415853,-0.05704683138831079,0,-0.04452481808186442,-0.045009291917000066,-0.0004844738351356473,-0.062316040474212464,0,77744.64350573297
2026-09-14T16:00Z,449,4.440892098500626e-15,1.9392820682639917e-14,0.02931854867243422,TACUSDT,6,0,-0.11630755508227977,-0.1167616647885002,-0.00045410970622042357,-0.05781753641983478,0,-0.05356422409540466,-0.05405645276513373,-0.0004922286697290751,-0.06267086708147751,0,78541.86365239552
2026-09-14T20:00Z,449,4.440892098500626e-15,1.9095836023552692e-14,0.029424686063032945,TACUSDT,6,0,-0.1155774094402931,-0.1160366554536301,-0.00045924601333699466,-0.05816849676635272,0,-0.04985469512604965,-0.050354185911395066,-0.0004994907853454189,-0.06326593435415973,0,78950.98530423846
2026-09-15T00:00Z,449,4.440892098500626e-15,1.9140244944537684e-14,0.028872647411943064,TACUSDT,6,0,-0.1154086783944712,-0.11584816721714862,-0.00043948882267741407,-0.05623495050394922,0,-0.050447489880630254,-0.05092624494511371,-0.0004787550644834576,-0.061259276608507385,0,78152.25562375867
2026-09-15T04:00Z,449,4.496403249731884e-15,1.93400850889702e-14,0.02855013604797063,TACUSDT,6,0,-0.10668089542980798,-0.1070893153302818,-0.0004084199004738276,-0.0525924035486689,0,-0.037709443710004883,-0.03815925107145428,-0.0004498073614493947,-0.057921884425962133,0,77657.58415963713
2026-09-15T08:00Z,449,4.440892098500626e-15,1.9562129693895232e-14,0.028051857956093718,TACUSDT,6,0,-0.09831719595005677,-0.09870424963607669,-0.00038705368601991974,-0.050335862786324626,0,-0.03120152965770157,-0.03162699174323363,-0.0004254620855320586,-0.05533082859472671,0,76894.21907059665
2026-09-15T12:00Z,449,4.440892098500626e-15,1.9562129693895232e-14,0.028083171600418122,TACUSDT,6,0,-0.10751287168297527,-0.10790737864327936,-0.00039450696030408905,-0.05130209251277229,1,-0.03857951702798158,-0.03901409679589764,-0.00043457976791605457,-0.056513201796548174,0,76898.80489882304
2026-09-15T16:00Z,449,4.440892098500626e-15,1.9362289549462715e-14,0.027776576705876854,TACUSDT,6,0,-0.10561693318318896,-0.10601257734027936,-0.0003956441570903968,-0.05173702390999502,0,-0.0446795774820388,-0.045110860513478075,-0.0004312830314392724,-0.056397396776040054,0,76472.15227893247
2026-09-15T20:00Z,449,4.6629367034256575e-15,1.9539925233402736e-14,0.027617539661615953,TACUSDT,6,0,-0.11240650282366077,-0.11279816900017767,-0.00039166617651689717,-0.05143550563984434,0,-0.050336316053330804,-0.05076494957814153,-0.0004286335248107273,-0.05629023746419204,0,76147.04505082281
2026-09-16T00:00Z,449,4.440892098500626e-15,1.9650947535865214e-14,0.02740513319571114,TACUSDT,6,0,-0.11044619219250872,-0.1108241262612347,-0.0003779340687259797,-0.049992715501588236,0,-0.0506509278655973,-0.05106317041829235,-0.0004122425526950496,-0.054531005167136826,0,75597.82759029219
2026-09-16T04:00Z,449,4.440892098500626e-15,2.1138646388862965e-14,0.049274234625965446,AINUSDT,7,0,-0.1165751721387962,-0.11703098629814475,-0.0004558141593485471,-0.060145423459982084,0,-0.05135967280601036,-0.0518700733143239,-0.0005104005083135452,-0.06734818143995902,0,75785.34377629276
2026-09-16T08:00Z,449,4.440892098500626e-15,2.0916601783937934e-14,0.04965483588199766,AINUSDT,7,0,-0.11481776382871882,-0.11529413897017092,-0.00047637514145210114,-0.06290938575987859,0,-0.0539479868326749,-0.054475755358430036,-0.0005277685257551387,-0.06969631890834549,0,75724.017282633
2026-09-16T12:00Z,449,4.218847493575595e-15,2.038369473211785e-14,0.04868854934525062,AINUSDT,7,0,-0.10965089744717044,-0.1101435100945282,-0.000492612647357768,-0.06464034478231184,0,-0.052089645220554134,-0.052629639951704735,-0.0005399947311506004,-0.07085779423128624,0,76208.23326619664
2026-09-16T16:00Z,449,4.218847493575595e-15,2.0444756998472255e-14,0.051486001540899495,AINUSDT,7,0,-0.11777811112044168,-0.11829297154622982,-0.0005148604257881467,-0.06796674679331538,0,-0.05748387860253001,-0.058048696316347966,-0.0005648177138179583,-0.07456161051935073,0,75751.81247880484
2026-09-16T20:00Z,449,4.3298697960381105e-15,2.0444756998472255e-14,0.05107116986929121,AINUSDT,7,0,-0.11598011798076152,-0.11651884218788872,-0.0005387242071271947,-0.07084591868297174,0,-0.05644590868772334,-0.057033613030408416,-0.0005877043426850762,-0.07728714158498029,0,76041.67143882065
2026-09-17T00:00Z,449,4.218847493575595e-15,2.0006218903745294e-14,0.05141589685725875,AINUSDT,7,0,-0.12653476834152283,-0.12711252080721563,-0.0005777524656928046,-0.07584787553036776,0,-0.06541317116582829,-0.06604256382291979,-0.0006293926570914987,-0.08262724739315708,0,76172.53108974184
2026-09-17T04:00Z,449,4.107825191113079e-15,2.0006218903745294e-14,0.04998749272355474,AINUSDT,7,0,-0.13816058073898363,-0.1387772577422901,-0.0006166770033064761,-0.08071691954992488,0,-0.06439021162060639,-0.065072119921347,-0.0006819083007406079,-0.08925505111458243,0,76399.9675340741
2026-09-17T08:00Z,449,4.440892098500626e-15,2.044198144091067e-14,0.049979511133325286,AINUSDT,7,0,-0.14161833438907354,-0.14226631831026726,-0.0006479839211937233,-0.08477994800196598,0,-0.06324985476448187,-0.06396789382195836,-0.0007180390574764856,-0.09394571680744157,0,76431.271363678
2026-09-17T12:00Z,449,4.440892098500626e-15,2.025046796916284e-14,0.05039004272968084,AINUSDT,7,0,-0.1336362150367793,-0.13432961193858076,-0.0006933969018014519,-0.09070194175898649,0,-0.0606202404663238,-0.06137774837776327,-0.00075750791143947,-0.09908818208857006,1,76447.85639142705
2026-09-17T16:00Z,449,4.440892098500626e-15,2.0461410343841633e-14,0.051221708759209686,AINUSDT,7,0,-0.13341101329758281,-0.1341585963195578,-0.0007475830219749735,-0.09740476823959554,0,-0.06613180754720793,-0.06693854434527725,-0.0008067367980693213,-0.10511208593087318,0,76750.14637230852
2026-09-17T20:00Z,449,4.551914400963142e-15,2.056133041605789e-14,0.05111700238480289,AINUSDT,7,0,-0.13421011292521487,-0.13499954783556176,-0.0007894349103468867,-0.10311390663027353,0,-0.06754274002621637,-0.06839219333331678,-0.0008494533071004146,-0.11095335137465057,0,76559.49969749953
2026-09-18T00:00Z,449,4.3298697960381105e-15,2.056133041605789e-14,0.051714016840500074,AINUSDT,7,0,-0.12965495351530804,-0.13046167974070086,-0.0008067262253928231,-0.10561418782261356,1,-0.06655868804684384,-0.06742211242306526,-0.0008634243762214167,-0.11303694037771628,0,76384.26635896722
2026-09-18T04:00Z,449,4.3298697960381105e-15,2.0716761639505417e-14,0.04796758704425512,AINUSDT,7,0,-0.1341173867667808,-0.13493616177510875,-0.0008187750083279433,-0.1058568844909118,0,-0.07304633973511762,-0.0739186164862284,-0.000872276751110776,-0.1127739590818777,0,77347.35556082263
2026-09-18T08:00Z,449,4.064023423344665e-15,2.042810365310286e-14,0.0468098264935176,AINUSDT,7,0,-0.13299349409968872,-0.1338208441625148,-0.0008273500628260821,-0.10637830324637676,0,-0.07362584908405304,-0.07450397010507365,-0.0008781210210206114,-0.11290628774725242,0,77774.3240470655
2026-09-18T12:00Z,449,4.218847493575595e-15,2.084998840246043e-14,0.04681725658943239,AINUSDT,7,0,-0.13427515466237533,-0.13512555405456175,-0.0008503993921864239,-0.10898493988791813,0,-0.07779043168438225,-0.07868940248537404,-0.0008989708009917857,-0.11520972334561641,1,78029.07383910389
2026-09-18T16:00Z,449,5.440092820663267e-15,2.2648549702353193e-14,0.06355815872279404,AINUSDT,7,0,-0.12842367485843273,-0.12951711580106762,-0.0010934409426348879,-0.13551655012846275,1,-0.061598468394389226,-0.06275169560900623,-0.0011532272146170044,-0.14292621352055512,0,80686.89334242737
2026-09-18T20:00Z,449,5.551115123125783e-15,2.3159252293680762e-14,0.06173057324985412,AINUSDT,7,0,-0.12988448464885863,-0.13099086176505698,-0.0011063771161983482,-0.1363082808197582,0,-0.06909082140991256,-0.07025085064898967,-0.0011600292390771122,-0.14291834941649384,0,81167.27094969079
2026-09-19T00:00Z,449,5.218048215738236e-15,2.1227464230832985e-14,0.06629301724997964,AINUSDT,7,0,-0.12122133017153855,-0.12230995927992043,-0.0010886291083818805,-0.13462931075827278,1,-0.06429772351010399,-0.06543243264934712,-0.0011347091392431286,-0.14032796675305104,1,80861.2257056352
