seed,symbol,anchor,year,state,qty_w,exit_price,unknown_flag,never_trades_again,pnl_bps_TO_ZERO_lo,pnl_bps_TO_ZERO_hi,pnl_bps_VOL3_lo,pnl_bps_VOL3_hi,sigma24,gross_total
42,TLMUSDT,2022-06-10T12:00Z,2022,HELD_QUIET,-0.009953511878848076,,True,False,-0.0,129.7200860017538,-5.588828055333479,5.588828055333494,0.014361250771033066,0.7673069133421254
42,ICPUSDT,2022-06-11T12:00Z,2022,HELD_QUIET,0.004426231142133474,,True,False,-58.787457312311304,0.0,-3.6896460721958464,3.6896460721958464,0.020920823595609407,0.7529210046658252
42,SCUSDT,2022-06-18T12:00Z,2022,HELD_QUIET,-0.0110826026648283,,True,True,-0.0,172.14509619376167,-15.65214614569544,15.65214614569542,0.030308049220830576,0.6437942706398116
42,FTTUSDT,2022-11-15T08:00Z,2022,HELD_QUIET,-0.008066348731517792,,True,True,-0.0,100.01050434225,-19.557023165759055,19.557023165759055,0.06518323014961235,0.806550150363567
42,RAYUSDT,2022-11-16T08:00Z,2022,HELD_QUIET,0.004696771502494812,,True,True,-56.91092473273228,0.0,-9.254962961505393,9.2549629615054,0.054207301468443776,0.8252846926230786
42,SRMUSDT,2022-11-16T08:00Z,2022,HELD_QUIET,-0.007489995565265417,,True,True,-0.0,90.75650659967135,-53.363583758846445,53.363583758846445,0.19599543789638582,0.8252846926230786
42,HNTUSDT,2023-03-21T12:00Z,2023,HELD_QUIET,0.00357269961386919,,True,True,-40.390298546589435,0.0,-6.054401623203561,6.054401623203561,0.04996580731071619,0.8845439975513302
42,COCOSUSDT,2023-05-26T12:00Z,2023,HELD_QUIET,-0.008744257502257824,,True,True,-0.0,98.67310016342479,-4.240762159360039,4.240762159360039,0.014325965071657103,0.8861845313236709
42,TOMOUSDT,2023-11-15T12:00Z,2023,HELD_QUIET,0.00012436443648766726,,True,True,-1.4802387951058227,0.0,-0.07228284080899042,0.07228284080899058,0.016277292791762682,0.8401646876089098
42,STRAXUSDT,2024-03-16T12:00Z,2024,HELD_QUIET,0.005963715258985758,,True,True,-113.5620127342045,0.0,-9.689388808233577,9.689388808233577,0.028440815653475896,0.5251505424568357
42,WAVESUSDT,2024-06-12T12:00Z,2024,HELD_QUIET,-0.00409933365881443,,True,True,-0.0,56.27777454155242,-4.690991191153879,4.690991191153873,0.027784747053743238,0.7284107611234178
42,AGIXUSDT,2024-06-26T12:00Z,2024,HELD_QUIET,0.0004717013507615775,,True,True,-6.10256786466503,0.0,-0.8376573816536546,0.8376573816536546,0.045754366589614494,0.7729555184348109
42,OCEANUSDT,2024-06-26T12:00Z,2024,HELD_QUIET,-0.0029727972578257322,,True,True,-0.0,38.46013369366287,-4.853720958299146,4.853720958299146,0.04206711809653176,0.7729555184348109
42,GALUSDT,2024-07-12T12:00Z,2024,HELD_QUIET,-0.0021311717573553324,,True,True,-0.0,31.243494121989368,-5.858524267849151,5.858524267849151,0.06250393809961101,0.6821169709873776
42,RNDRUSDT,2024-07-17T12:00Z,2024,HELD_QUIET,-0.0006730749155394733,,True,True,-0.0,9.571380710194157,-0.8062086756576572,0.8062086756576572,0.028077059450053767,0.7032161147060044
42,FRONTUSDT,2024-08-24T12:00Z,2024,HELD_QUIET,-0.00211124075576663,,True,True,-0.0,46.611880189381154,-2.7019535959956937,2.7019535959956995,0.01932235290672556,0.45294048366828177
42,MATICUSDT,2024-09-05T12:00Z,2024,HELD_QUIET,0.0022907971870154142,,True,True,-60.73076610337942,0.0,-1.7295107259291977,1.7295107259291977,0.009492776269747292,0.37720538270765214
42,UNFIUSDT,2024-10-31T12:00Z,2024,HELD_QUIET,-0.001996503444388509,,True,True,-0.0,44.31276518709565,-2.6303202131692762,2.6303202131692762,0.01978602329797924,0.4505481515222417
42,KEYUSDT,2024-12-04T12:00Z,2024,HELD_QUIET,0.002283275593072176,,True,True,-57.13523775778302,0.0,-2.0046348550077626,2.004634855007756,0.01169526275831233,0.3996265146829018
42,RENUSDT,2024-12-04T12:00Z,2024,HELD_QUIET,0.002463023876771331,,True,True,-61.6331446056753,0.0,-4.69887770665456,4.69887770665456,0.025413153570305193,0.3996265146829018
42,ORBSUSDT,2024-12-10T12:00Z,2024,HELD_QUIET,0.002369401976466179,,True,True,-57.606092845758724,0.0,-3.001863175185884,3.001863175185891,0.017370055995196112,0.4113110019126436
42,XEMUSDT,2024-12-10T12:00Z,2024,HELD_QUIET,0.0029409911949187517,,True,True,-71.50285747871571,0.0,-6.931865871439416,6.931865871439416,0.032315099544577994,0.4113110019126436
42,BONDUSDT,2024-12-17T12:00Z,2024,HELD_QUIET,0.00113354017958045,,True,True,-25.59149175849764,0.0,-0.9762742063220193,0.9762742063220167,0.012716129974432448,0.4429363439526962
42,MAVIAUSDT,2024-12-17T12:00Z,2024,HELD_QUIET,0.0021996465511620045,,True,False,-49.660556899275754,0.0,-2.9962382564771244,2.9962382564771297,0.020111455606873007,0.4429363439526962
42,BLZUSDT,2024-12-24T12:00Z,2024,HELD_QUIET,0.0012676194310188293,,True,True,-31.88391717425441,0.0,-2.061128389640707,2.0611283896407104,0.021548255592059903,0.39757330446285477
42,DARUSDT,2024-12-27T12:00Z,2024,HELD_QUIET,0.0014057107036933303,,True,True,-33.53887073433273,0.0,-1.5122732692083,1.5122732692082963,0.015030055535533481,0.41912881170872174
42,FTMUSDT,2025-01-07T12:00Z,2025,HELD_QUIET,-0.0004469213308766484,,True,True,-0.0,11.594524331426129,-0.731350157830684,0.731350157830684,0.021025734128894264,0.38545896157662984
42,REEFUSDT,2025-01-23T12:00Z,2025,HELD_QUIET,-0.00023207020421978086,,True,True,-0.0,5.998935401831765,-0.5529390853572008,0.5529390853572014,0.03072428957913445,0.38685231407712545
42,AMBUSDT,2025-02-22T12:00Z,2025,HELD_QUIET,0.0010510695865377784,,True,True,-26.961714934390073,0.0,-14.594697541723512,14.594697541723514,0.18043730498645882,0.3898378085724522
42,BNXUSDT,2025-03-18T12:00Z,2025,HELD_QUIET,-0.0012912685051560402,,True,True,-0.0,35.028385612448474,-7.874082588384183,7.874082588384183,0.0749304928056773,0.36863488927024546
42,COMBOUSDT,2025-03-28T12:00Z,2025,HELD_QUIET,-6.496775313280523e-05,,True,True,-0.0,1.623408977205551,-0.18647253454120763,0.18647253454120763,0.038288264008944,0.40019338346050803
42,LINAUSDT,2025-03-28T12:00Z,2025,HELD_QUIET,0.0010581259848549962,,True,True,-26.440366797303994,0.0,-12.011311446885962,12.011311446885959,0.15142643492765642,0.40019338346050803
42,BADGERUSDT,2025-04-15T12:00Z,2025,HELD_QUIET,0.0013194156344980001,,True,True,-34.279366641879506,0.0,-2.4946701722586426,2.4946701722586426,0.024258228944938898,0.3849008204504148
42,NULSUSDT,2025-04-15T12:00Z,2025,HELD_QUIET,0.0012612612918019295,,True,True,-32.7684750145762,0.0,-6.306736294535721,6.306736294535721,0.06415450919143409,0.3849008204504148
42,TROYUSDT,2025-04-15T12:00Z,2025,HELD_QUIET,0.0008605598704889417,,True,True,-22.357964045956198,0.0,-9.793730752718265,9.793730752718265,0.14601405167583703,0.3849008204504148
42,VIDTUSDT,2025-04-15T12:00Z,2025,HELD_QUIET,0.0005091679631732404,,True,True,-13.228549696968871,0.0,-5.526510102171259,5.526510102171259,0.1392571427901271,0.3849008204504148
42,ALPACAUSDT,2025-05-01T12:00Z,2025,HELD_QUIET,-0.0010914619779214263,,True,True,-0.0,25.06452432440742,-50.54934803497613,50.54934803497613,0.6722562319651658,0.43546087840916203
42,LOKAUSDT,2025-07-22T12:00Z,2025,HELD_QUIET,-0.0013450400438159704,,True,True,-0.0,24.439362619560917,-3.5015094455141047,3.5015094455141016,0.047757784576475885,0.5503580697883748
42,MEMEFIUSDT,2025-08-12T12:00Z,2025,HELD_QUIET,0.0012782083358615637,,True,True,-22.864574285414424,0.0,-6.15016720384843,6.150167203848428,0.08966078742712029,0.5590343908904298
42,LEVERUSDT,2025-09-04T12:00Z,2025,HELD_QUIET,0.002695046365261078,,True,True,-56.929342417006595,0.0,-47.72609840591533,47.72609840591533,0.27944639430590035,0.4734019840805297
42,MKRUSDT,2025-09-09T12:00Z,2025,HELD_QUIET,0.0024498009588569403,,True,True,-41.011709505729534,0.0,-0.9285003090556158,0.9285003090556111,0.0075466277009325735,0.5973418295364379
42,BSWUSDT,2025-09-16T12:00Z,2025,HELD_QUIET,0.0012804620200768113,,True,True,-16.58098409856105,0.0,-6.347585881150101,6.347585881150101,0.12760774317170887,0.7722472999584711
42,OMNIUSDT,2025-09-23T12:00Z,2025,HELD_QUIET,-0.0006618981715291739,,True,True,-0.0,10.148402301848224,-0.6047187380693884,0.6047187380693895,0.01986252679922691,0.6522190901011375
42,ALPHAUSDT,2025-09-24T12:00Z,2025,HELD_QUIET,0.0018045365577563643,,True,True,-27.643970189534986,0.0,-13.053427103416444,13.053427103416437,0.1573993293283418,0.6527776384448197
42,NEIROETHUSDT,2025-09-27T12:00Z,2025,HELD_QUIET,0.001287518534809351,,True,True,-19.675652823847237,0.0,-7.386326960071532,7.386326960071532,0.12513480537257657,0.6543714439039379
42,UXLINKUSDT,2025-09-27T12:00Z,2025,HELD_QUIET,0.00024586470681242645,,True,True,-3.7572652215019264,0.0,-0.6535229771340234,0.653522977134023,0.057978603994031645,0.6543714439039379
42,BAKEUSDT,2025-10-04T12:00Z,2025,HELD_QUIET,0.0012744050472974777,,True,True,-17.52411923303609,0.0,-4.397519151226719,4.397519151226719,0.08364698377035715,0.7272291579111132
42,HIFIUSDT,2025-10-04T12:00Z,2025,HELD_QUIET,0.0030189023818820715,,True,True,-41.5123946701139,0.0,-6.9092334791297745,6.90923347912977,0.055479281421330545,0.7272291579111132
42,AI16ZUSDT,2025-11-07T12:00Z,2025,HELD_QUIET,0.0022928453981876373,,True,True,-30.749289162676885,0.0,-11.313633188772144,11.313633188772144,0.12264384529257664,0.7456580170219562
42,KDAUSDT,2025-11-07T12:00Z,2025,HELD_QUIET,0.0013499727938324213,,True,True,-18.10444953336659,0.0,-2.7213994175234983,2.7213994175234983,0.05010553552057183,0.7456580170219562
42,SXPUSDT,2025-12-06T12:00Z,2025,HELD_QUIET,0.0006473047542385757,,True,True,-8.465821843011792,0.0,-0.7586057275933401,0.7586057275933401,0.02986934766093381,0.7646094688053242
42,AIAUSDT,2025-12-12T16:00Z,2025,HELD_QUIET,0.0019287465838715434,,True,False,-25.33774774105127,0.0,-13.510955882829482,13.510955882829482,0.1777447627535778,0.7612146918436087
42,OMUSDT,2026-02-24T12:00Z,2026,HELD_QUIET,-0.0002313721925020218,,True,True,-0.0,3.065325540856465,-0.17609119477947305,0.17609119477947338,0.01914872144708352,0.7548046346730776
42,MLNUSDT,2026-05-20T12:00Z,2026,HELD_QUIET,-0.002061274601146579,,True,True,-0.0,27.376026181235797,-1.8993772928514203,1.8993772928514232,0.023127014859365067,0.7529487981566247
42,PHBUSDT,2026-05-20T12:00Z,2026,HELD_QUIET,0.0005304249352775514,,True,True,-7.044634861973908,0.0,-0.5184123003940561,0.5184123003940561,0.02452988742739923,0.7529487981566247
42,TONUSDT,2026-06-24T12:00Z,2026,HELD_QUIET,0.0025756077375262976,,True,True,-32.2668903331356,0.0,-2.6906401310374917,2.6906401310374877,0.027795676447883083,0.7982200053785002
42,IPUSDT,2026-06-29T12:00Z,2026,HELD_QUIET,-0.0021010807249695063,,True,True,-0.0,25.24669189252716,-2.1758353076236867,2.1758353076236867,0.028727662180930705,0.8322202108353891
42,NFPUSDT,2026-07-03T12:00Z,2026,HELD_QUIET,0.0031947821844369173,,True,True,-39.41707037416674,0.0,-142.5632596160504,142.5632596160504,1.2055966130305806,0.8105072635054892
42,VANRYUSDT,2026-08-08T12:00Z,2026,HELD_QUIET,-0.001007797196507454,,True,True,-0.0,11.710179680833996,-0.694232778703015,0.6942327787030164,0.019761517973382433,0.8606163389251077
42,STORJUSDT,2026-08-27T12:00Z,2026,HELD_QUIET,-0.0002885830763261765,,True,True,-0.0,3.6124505950804786,-0.18990409059292668,0.18990409059292668,0.01752310844532541,0.7988568112714838
2027,TLMUSDT,2022-06-10T12:00Z,2022,HELD_QUIET,-0.009953511878848076,,True,False,-0.0,129.7200860017538,-5.588828055333479,5.588828055333494,0.014361250771033066,0.7673069133421254
2027,ICPUSDT,2022-06-11T12:00Z,2022,HELD_QUIET,0.004426231142133474,,True,False,-58.787457312311304,0.0,-3.6896460721958464,3.6896460721958464,0.020920823595609407,0.7529210046658252
2027,SCUSDT,2022-06-18T12:00Z,2022,HELD_QUIET,-0.0110826026648283,,True,True,-0.0,172.14509619376167,-15.65214614569544,15.65214614569542,0.030308049220830576,0.6437942706398116
2027,FTTUSDT,2022-11-15T08:00Z,2022,HELD_QUIET,-0.008066348731517792,,True,True,-0.0,100.01050434225,-19.557023165759055,19.557023165759055,0.06518323014961235,0.806550150363567
2027,RAYUSDT,2022-11-16T08:00Z,2022,HELD_QUIET,0.004696771502494812,,True,True,-56.91092473273228,0.0,-9.254962961505393,9.2549629615054,0.054207301468443776,0.8252846926230786
2027,SRMUSDT,2022-11-16T08:00Z,2022,HELD_QUIET,-0.007489995565265417,,True,True,-0.0,90.75650659967135,-53.363583758846445,53.363583758846445,0.19599543789638582,0.8252846926230786
2027,HNTUSDT,2023-03-21T12:00Z,2023,HELD_QUIET,0.0035726989153772593,,True,True,-40.398185144637004,0.0,-6.055583803918706,6.055583803918706,0.04996580731071619,0.884371142561474
2027,COCOSUSDT,2023-05-26T12:00Z,2023,HELD_QUIET,-0.008744257502257824,,True,True,-0.0,98.67978190635253,-4.24104932660744,4.24104932660744,0.014325965071657103,0.8861245265576444
2027,TOMOUSDT,2023-11-15T12:00Z,2023,HELD_QUIET,0.0001766269124345854,,True,True,-2.0945528221609013,0.0,-0.1022809486623774,0.10228094866237764,0.016277292791762682,0.843267883081428
2027,STRAXUSDT,2024-03-16T12:00Z,2024,HELD_QUIET,0.0055177053436636925,,True,True,-101.58641306713986,0.0,-8.667601340821138,8.667601340821138,0.028440815653475896,0.5431538703917979
2027,WAVESUSDT,2024-06-12T12:00Z,2024,HELD_QUIET,-0.004051407799124718,,True,True,-0.0,55.07512927515404,-4.590745607587097,4.590745607587092,0.027784747053743238,0.7356147597736866
2027,AGIXUSDT,2024-06-26T12:00Z,2024,HELD_QUIET,0.00044871337013319135,,True,True,-5.8479603797844,0.0,-0.8027091690545903,0.8027091690545903,0.045754366589614494,0.767298923030211
2027,OCEANUSDT,2024-06-26T12:00Z,2024,HELD_QUIET,-0.0029727972578257322,,True,True,-0.0,38.74366519485762,-4.889503017733686,4.889503017733686,0.04206711809653176,0.767298923030211
2027,GALUSDT,2024-07-12T12:00Z,2024,HELD_QUIET,-0.0016154209151864052,,True,True,-0.0,24.057125863771837,-4.510995317531238,4.510995317531238,0.06250393809961101,0.6714937288577367
2027,RNDRUSDT,2024-07-17T12:00Z,2024,HELD_QUIET,-0.00018433391232974827,,True,True,-0.0,2.710304929841306,-0.22829217792878434,0.22829217792878434,0.028077059450053767,0.6801224109515287
2027,FRONTUSDT,2024-08-24T12:00Z,2024,HELD_QUIET,-0.001733600627630949,,True,True,-0.0,42.120588779545855,-2.441606643112346,2.4416066431123506,0.01932235290672556,0.4115803406035961
2027,MATICUSDT,2024-09-05T12:00Z,2024,HELD_QUIET,0.001226377789862454,,True,True,-32.18674001919016,0.0,-0.9166245655640803,0.9166245655640803,0.009492776269747292,0.38101957176504087
2027,UNFIUSDT,2024-10-31T12:00Z,2024,HELD_QUIET,-0.0025582320522516966,,True,True,-0.0,60.41709079249766,-3.58624189804946,3.58624189804946,0.01978602329797924,0.4234285396226604
2027,KEYUSDT,2024-12-04T12:00Z,2024,HELD_QUIET,0.001984191592782736,,True,True,-45.63889542911782,0.0,-1.601276622128019,1.6012766221280137,0.01169526275831233,0.4347588989887807
2027,RENUSDT,2024-12-04T12:00Z,2024,HELD_QUIET,0.0019794609397649765,,True,True,-45.53008447599501,0.0,-3.471189086572289,3.471189086572289,0.025413153570305193,0.4347588989887807
2027,ORBSUSDT,2024-12-10T12:00Z,2024,HELD_QUIET,0.001776133431121707,,True,True,-48.80799408507863,0.0,-2.5433927708130484,2.543392770813054,0.017370055995196112,0.36390215668885656
2027,XEMUSDT,2024-12-10T12:00Z,2024,HELD_QUIET,0.002548065036535263,,True,True,-70.02060827888712,0.0,-6.7881687801124215,6.7881687801124215,0.032315099544577994,0.36390215668885656
2027,BONDUSDT,2024-12-17T12:00Z,2024,HELD_QUIET,0.001185599947348237,,True,True,-30.672237361177594,0.0,-1.170096470674133,1.1700964706741295,0.012716129974432448,0.3865384625801287
2027,MAVIAUSDT,2024-12-17T12:00Z,2024,HELD_QUIET,0.0021361683029681444,,True,False,-55.264055450246964,0.0,-3.3343217935302283,3.3343217935302345,0.020111455606873007,0.3865384625801287
2027,BLZUSDT,2024-12-24T12:00Z,2024,HELD_QUIET,0.0012676194310188293,,True,True,-33.60080111577276,0.0,-2.172115951621928,2.172115951621932,0.021548255592059903,0.3772586929255649
2027,DARUSDT,2024-12-27T12:00Z,2024,HELD_QUIET,0.0011238240404054523,,True,True,-27.444746773342867,0.0,-1.2374882044859907,1.2374882044859878,0.015030055535533481,0.40948603012691104
2027,FTMUSDT,2025-01-07T12:00Z,2025,HELD_QUIET,-0.0006604291847907007,,True,True,-0.0,16.15456383009108,-1.0189846921792407,1.0189846921792407,0.021025734128894264,0.40881895155876646
2027,REEFUSDT,2025-01-23T12:00Z,2025,HELD_QUIET,9.026831685332581e-05,,True,True,-2.2799055787639646,0.0,-0.21014543764508462,0.21014543764508437,0.03072428957913445,0.39593006699103817
2027,AMBUSDT,2025-02-22T12:00Z,2025,HELD_QUIET,0.0013283706502988935,,True,True,-33.785633065255524,0.0,-18.288565732668296,18.2885657326683,0.18043730498645882,0.3931761905225223
2027,BNXUSDT,2025-03-18T12:00Z,2025,HELD_QUIET,-0.0012912685051560402,,True,True,-0.0,34.206347741298075,-7.689295480013494,7.689295480013494,0.0749304928056773,0.3774938250999137
2027,COMBOUSDT,2025-03-28T12:00Z,2025,HELD_QUIET,0.000742484291549772,,True,True,-18.455623407896063,0.0,-2.1199013444735133,2.1199013444735133,0.038288264008944,0.40230789019682056
2027,LINAUSDT,2025-03-28T12:00Z,2025,HELD_QUIET,0.0017582952277734876,,True,True,-43.7052136092404,0.0,-19.8543740537969,19.854374053796892,0.15142643492765642,0.40230789019682056
2027,BADGERUSDT,2025-04-15T12:00Z,2025,HELD_QUIET,0.0017964637372642756,,True,True,-45.7359479780541,0.0,-3.328419291196355,3.328419291196355,0.024258228944938898,0.3927903141149035
2027,NULSUSDT,2025-04-15T12:00Z,2025,HELD_QUIET,0.0025940118357539177,,True,True,-66.04062632244765,0.0,-12.710411905234595,12.710411905234595,0.06415450919143409,0.3927903141149035
2027,TROYUSDT,2025-04-15T12:00Z,2025,HELD_QUIET,0.0015625221421942115,,True,True,-39.78005785899101,0.0,-17.4253422716715,17.4253422716715,0.14601405167583703,0.3927903141149035
2027,VIDTUSDT,2025-04-15T12:00Z,2025,HELD_QUIET,0.0006306841387413442,,True,True,-16.056509442258022,0.0,-6.707950884334647,6.707950884334647,0.1392571427901271,0.3927903141149035
2027,ALPACAUSDT,2025-05-01T12:00Z,2025,HELD_QUIET,-0.0010914619779214263,,True,True,-0.0,26.928871463723596,-54.30930498383132,54.30930498383132,0.6722562319651658,0.4053129294303164
2027,LOKAUSDT,2025-07-22T12:00Z,2025,HELD_QUIET,-0.001271405490115285,,True,True,-0.0,24.04809922588178,-3.4454518269101375,3.445451826910135,0.047757784576475885,0.5286927162820977
2027,MEMEFIUSDT,2025-08-12T12:00Z,2025,HELD_QUIET,0.0010555274784564972,,True,True,-18.919623937181914,0.0,-5.089045140098172,5.08904514009817,0.08966078742712029,0.5579008768679143
2027,LEVERUSDT,2025-09-04T12:00Z,2025,HELD_QUIET,0.0034035714343190193,,True,True,-74.29788391177833,0.0,-62.286827291114456,62.28682729111444,0.27944639430590035,0.45809803121182247
2027,MKRUSDT,2025-09-09T12:00Z,2025,HELD_QUIET,0.002304247347638011,,True,True,-39.232615768055076,0.0,-0.8882218348057465,0.8882218348057419,0.0075466277009325735,0.5873295222681101
2027,BSWUSDT,2025-09-16T12:00Z,2025,HELD_QUIET,0.0012804620200768113,,True,True,-16.607044416989194,0.0,-6.357562376412956,6.357562376412956,0.12760774317170887,0.7710354641834306
2027,OMNIUSDT,2025-09-23T12:00Z,2025,HELD_QUIET,-0.0006166923558339477,,True,True,-0.0,9.258645266366308,-0.5517002691832076,0.5517002691832087,0.01986252679922691,0.6660719123500642
2027,ALPHAUSDT,2025-09-24T12:00Z,2025,HELD_QUIET,0.0019625388085842133,,True,True,-29.495835934989096,0.0,-13.927874382438262,13.92787438243826,0.1573993293283418,0.6653613116474432
2027,NEIROETHUSDT,2025-09-27T12:00Z,2025,HELD_QUIET,0.001287518534809351,,True,True,-19.333577328703065,0.0,-7.25791030854875,7.25791030854875,0.12513480537257657,0.665949458250477
2027,UXLINKUSDT,2025-09-27T12:00Z,2025,HELD_QUIET,0.00024586470681242645,,True,True,-3.6919424404719883,0.0,-0.6421610061746525,0.6421610061746521,0.057978603994031645,0.665949458250477
2027,BAKEUSDT,2025-10-04T12:00Z,2025,HELD_QUIET,0.001243959879502654,,True,True,-17.058128403960556,0.0,-4.28058296927627,4.28058296927627,0.08364698377035715,0.7292475763131385
2027,HIFIUSDT,2025-10-04T12:00Z,2025,HELD_QUIET,0.0028302068822085857,,True,True,-38.80995939016047,0.0,-6.459445976871371,6.459445976871366,0.055479281421330545,0.7292475763131385
2027,AI16ZUSDT,2025-11-07T12:00Z,2025,HELD_QUIET,0.002282904228195548,,True,True,-30.50590245664127,0.0,-11.224083544208238,11.224083544208238,0.12264384529257664,0.7483483668251715
2027,KDAUSDT,2025-11-07T12:00Z,2025,HELD_QUIET,0.00135737971868366,,True,True,-18.13834009476458,0.0,-2.7264937317073157,2.7264937317073157,0.05010553552057183,0.7483483668251715
2027,SXPUSDT,2025-12-06T12:00Z,2025,HELD_QUIET,0.0006473047542385757,,True,True,-8.452018026314567,0.0,-0.7573687945934084,0.7573687945934084,0.02986934766093381,0.765858227257979
2027,AIAUSDT,2025-12-12T16:00Z,2025,HELD_QUIET,0.0020072057377547026,,True,False,-26.398575499512646,0.0,-14.076625617579863,14.076625617579863,0.1777447627535778,0.7603462307243656
2027,OMUSDT,2026-02-24T12:00Z,2026,HELD_QUIET,-0.0006712763570249081,,True,True,-0.0,8.821974680903239,-0.5067886073335183,0.5067886073335194,0.01914872144708352,0.7609139464863884
2027,MLNUSDT,2026-05-20T12:00Z,2026,HELD_QUIET,-0.0022463600616902113,,True,True,-0.0,29.986331570364243,-2.080483007416983,2.080483007416986,0.023127014859365067,0.749128000675584
2027,PHBUSDT,2026-05-20T12:00Z,2026,HELD_QUIET,0.0005304249352775514,,True,True,-7.080564800664235,0.0,-0.5210563724480973,0.5210563724480973,0.02452988742739923,0.749128000675584
2027,TONUSDT,2026-06-24T12:00Z,2026,HELD_QUIET,0.0027595320716500282,,True,True,-34.40312005366866,0.0,-2.8687739814283577,2.8687739814283533,0.027795676447883083,0.8021168043320417
2027,IPUSDT,2026-06-29T12:00Z,2026,HELD_QUIET,-0.0021430333144962788,,True,True,-0.0,25.979704323088615,-2.239008508062464,2.239008508062464,0.028727662180930705,0.8248874921150383
2027,NFPUSDT,2026-07-03T12:00Z,2026,HELD_QUIET,0.0030004314612597227,,True,True,-37.059497179503424,0.0,-134.03641284067703,134.03641284067703,1.2055966130305806,0.8096255183190068
2027,VANRYUSDT,2026-08-08T12:00Z,2026,HELD_QUIET,-0.001200493541546166,,True,True,-0.0,13.85053833705834,-0.8211229868664011,0.8211229868664027,0.019761517973382433,0.8667486507251052
2027,STORJUSDT,2026-08-27T12:00Z,2026,HELD_QUIET,-0.0005502361455000937,,True,True,-0.0,6.900473237877553,-0.3627532226141825,0.3627532226141825,0.01752310844532541,0.7973890000468074
