symbol,beta_certified,beta_klines,abs_diff,ua_in_certified_window
0GUSDT,0.9030895952726709,0.9031015436173448,1.1948344673995415e-05,False
1000BONKUSDT,1.912311021763781,1.9122098297140808,0.00010119204970027162,False
1000CATUSDT,1.2356795223389008,1.2356143322017992,6.51901371016006e-05,False
1000FLOKIUSDT,1.8186892114204145,1.818595485160684,9.372625973047555e-05,False
1000LUNCUSDT,1.1410723042825022,1.1411189287081804,4.6624425678265524e-05,False
1000PEPEUSDT,2.114080046627481,2.1140830101064316,2.963478950679388e-06,False
1000RATSUSDT,0.24675205176828838,0.2467776008527767,2.554908448831883e-05,False
1000SATSUSDT,1.410368666114365,1.4103132719101048,5.539420426026176e-05,False
1000SHIBUSDT,1.5053192483795452,1.5053110063878499,8.241991695356887e-06,False
1000XECUSDT,1.1748366672216775,1.1748630676564313,2.640043475388154e-05,False
1INCHUSDT,0.9947607967511259,0.9946972690543763,6.352769674966563e-05,False
1MBABYDOGEUSDT,1.1868948190427102,1.1868855208123306,9.298230379650718e-06,False
2ZUSDT,0.8282111873102951,0.8281946664326345,1.6520877660575195e-05,False
4USDT,1.1800289551762366,1.1799892424645095,3.971271172709123e-05,False
AAVEUSDT,1.2665973290881485,1.2665313022634233,6.602682472522936e-05,False
ACEUSDT,0.6244893453794341,0.6244120223650578,7.732301437635147e-05,False
ACHUSDT,1.2108622913115517,1.2108299205588895,3.237075266215861e-05,False
ACTUSDT,1.491241289175618,1.4913109720842188,6.968290860087656e-05,False
ACUUSDT,0.22006096849515694,0.2200346738225168,2.6294672640148065e-05,False
ADAUSDT,1.7972402582031581,1.797233893850652,6.364352506116333e-06,False
AEROUSDT,1.6235360287779252,1.6234650758249372,7.095295298809035e-05,False
AEVOUSDT,0.9308156245341392,0.9307889599510616,2.6664583077651294e-05,False
AGLDUSDT,0.9528356902915688,0.9528398729005255,4.18260895673761e-06,False
AGTUSDT,0.3149298841196892,0.31499666566328544,6.678154359623933e-05,False
AIAUSDT,0.28099425853786514,0.2808833697845251,0.00011088875334003268,False
AIGENSYNUSDT,0.7080251381352315,0.7080058330596136,1.9305075617870315e-05,False
AINUSDT,-0.03387960060603167,-0.033983789975008415,0.00010418936897674258,False
AIOTUSDT,0.4067720010038631,0.4068050066450738,3.300564121067051e-05,False
AIOUSDT,0.3693450430399314,0.3692638253440022,8.121769592916994e-05,False
AIXBTUSDT,1.445870352935908,1.445943966222099,7.361328619093221e-05,False
AKEUSDT,-0.263151051677847,-0.26301589476903425,0.00013515690881277242,False
AKTUSDT,1.4006483508500902,1.4005603983624004,8.79524876897797e-05,False
ALGOUSDT,1.1893068977296246,1.1892598849653149,4.701276430973955e-05,False
ALICEUSDT,0.6862135836231349,0.6861984880066915,1.5095616443416837e-05,False
ALLOUSDT,0.5885196799571735,0.5884880114957228,3.166846145064017e-05,False
ALTUSDT,0.8707000820888465,0.8706956662453318,4.415843514737894e-06,False
ANKRUSDT,0.7034679494107617,0.7034486432011884,1.9306209573355382e-05,False
APEUSDT,1.1184170612179967,1.118433777087561,1.6715869564309926e-05,False
API3USDT,0.8300005163104794,0.8299794395034834,2.1076806996034314e-05,False
APRUSDT,0.9880144345572826,0.9880737123271824,5.927776989989031e-05,False
APTUSDT,1.0967389874705447,1.0968664712508318,0.00012748378028715202,False
ARBUSDT,1.4252123027712011,1.4251474381770877,6.486459411347845e-05,False
ARCUSDT,0.40294789724840896,0.40296582443954554,1.79271911365797e-05,False
ARIAUSDT,0.7117099145394729,0.7116796179741184,3.0296565354470673e-05,False
ARKMUSDT,1.2824620864604297,1.2825004746353525,3.838817492285429e-05,False
ARPAUSDT,0.7769701568923898,0.77691675070986,5.340618252980267e-05,False
ARUSDT,1.3951498680222414,1.3951068151410257,4.305288121564388e-05,False
ASTERUSDT,0.9974622842171326,0.9974638107249368,1.5265078042725477e-06,False
ATHUSDT,1.385344169840774,1.38531820884843,2.596099234408733e-05,False
ATOMUSDT,0.9082969756663993,0.9082197208670412,7.725479935816182e-05,False
ATUSDT,0.16108838317970112,0.1610508087023718,3.7574477329327394e-05,False
AUCTIONUSDT,0.8111815081918123,0.8111648597171089,1.66484747033957e-05,False
AUSDT,1.1701808304794503,1.1701424652032026,3.836527624767605e-05,False
AVAAIUSDT,-0.2287266469360607,-0.22836550891611299,0.000361138019947721,False
AVAXUSDT,1.0995138723804796,1.099508562510189,5.3098702905707285e-06,False
AVNTUSDT,1.299005695642129,1.2989105483161771,9.514732595183872e-05,False
AWEUSDT,0.5473340428334115,0.5473808647114796,4.6821878068148415e-05,False
AXSUSDT,1.220694980962262,1.220628440833998,6.654012826401434e-05,False
B2USDT,0.651629088386459,0.6516141109335452,1.497745291390018e-05,False
BABYUSDT,0.8405149950346426,0.8404914912812846,2.3503753357911883e-05,False
BANANAS31USDT,0.9212420779389053,0.9212199887481132,2.208919079216276e-05,False
BANANAUSDT,0.7593900140581984,0.7593905805573874,5.66499189003089e-07,False
BANKUSDT,0.4187611209828103,0.41883641612891065,7.529514610032928e-05,False
BANUSDT,0.690783191277088,0.6906808514397416,0.00010233983734642127,False
BARDUSDT,0.881574552234538,0.8816361616668926,6.160943235467009e-05,False
BASEDUSDT,1.1592819199168185,1.1594532095634489,0.00017128964663037927,False
BASUSDT,0.8178285170315814,0.8177169086766393,0.00011160835494217203,False
BATUSDT,1.0491983330259071,1.0491845871071217,1.3745918785446065e-05,False
BBUSDT,1.1072641340798304,1.1072538636230185,1.027045681190053e-05,False
BCHUSDT,1.6334349654774765,1.6332392936174838,0.00019567185999269654,False
BEATUSDT,0.17520815650437999,0.1753634971385251,0.00015534063414510135,False
BELUSDT,0.8297090665702462,0.8297413694492307,3.2302878984480365e-05,False
BERAUSDT,1.1468138259876575,1.1468723854203446,5.855943268717745e-05,False
BICOUSDT,0.5120465799441691,0.5120152233955586,3.135654861052828e-05,False
BIGTIMEUSDT,0.7704661924132011,0.770394949981949,7.124243125211649e-05,False
BILLUSDT,0.7994019691664476,0.7993639538966215,3.8015269826052744e-05,False
BIOUSDT,1.184498361077842,1.1844213957558785,7.69653219634403e-05,False
BIRBUSDT,0.8303926686695849,0.8302868084954721,0.00010586017411284843,False
BLESSUSDT,0.7697483601470616,0.7698714038906028,0.00012304374354121794,False
BLUAIUSDT,0.33382943542592414,0.3338666734572399,3.72380313157783e-05,False
BLURUSDT,1.2846922004134909,1.2847782870809654,8.608666747456084e-05,False
BMTUSDT,0.46665095406342677,0.46661441635737927,3.6537706047501395e-05,False
BNBUSDT,0.7709656583644457,0.7709655394899156,1.1887453010839266e-07,False
BOMEUSDT,1.9886469402109925,1.9885504877987898,9.645241220268552e-05,False
BRETTUSDT,1.9453241542288857,1.945398126997759,7.397276887322057e-05,False
BREVUSDT,0.7576244779010214,0.7575971949986334,2.7282902387959496e-05,False
BROCCOLI714USDT,1.079426929609095,1.0792908105742842,0.000136119034810811,False
BROCCOLIF3BUSDT,0.823881407761696,0.8237989173042684,8.249045742769745e-05,False
BRUSDT,2.5205851830466246,2.5208827658528765,0.000297582806251917,False
BSBUSDT,0.8124863155720305,0.8125029680811026,1.6652509072012656e-05,False
BSVUSDT,0.9650516406191443,0.9650511714586674,4.69160476912478e-07,False
BTCDOMUSDT,-0.1683402202035132,-0.1683208326775055,1.9387526007691447e-05,False
BTRUSDT,-0.1670627166055806,-0.16723927621885754,0.00017655961327692204,False
BULLAUSDT,1.5195324661655374,1.5195201142238877,1.2351941649724196e-05,False
BUSDT,0.8725819287870326,0.872670633794512,8.870500747948373e-05,False
C98USDT,1.190554469581594,1.1905404382606082,1.4031320985763429e-05,False
CAKEUSDT,1.023281334828223,1.0232356140749421,4.5720753280908966e-05,False
CARVUSDT,0.8232534261465508,0.8231919160722634,6.151007428745192e-05,False
CATIUSDT,0.47896555788336226,0.4789690886458216,3.5307624593472475e-06,False
CCUSDT,1.087265086815252,1.087252916587285,1.217022796695666e-05,False
CELOUSDT,0.986534285733548,0.9865341656234051,1.20110142831642e-07,False
CETUSUSDT,1.4178063193240709,1.4177511044059399,5.521491813098578e-05,False
CFGUSDT,1.0538467833926366,1.053814936947263,3.184644537368442e-05,False
CFXUSDT,1.1435546794364968,1.143639886581818,8.520714532123108e-05,False
CGPTUSDT,0.7679824218235208,0.7679562041406325,2.6217682888352023e-05,False
CHILLGUYUSDT,1.5537101359058594,1.553720233757456,1.0097851596668761e-05,False
CHIPUSDT,1.979138455999595,1.97905718125745,8.127474214503216e-05,False
CHRUSDT,1.1190969908887352,1.1190992646424645,2.273753729298278e-06,False
CHZUSDT,0.9680043153520038,0.9680707928581934,6.647750618959947e-05,False
CLOUSDT,-0.22897444259568475,-0.22902239025062818,4.7947654943425455e-05,False
COAIUSDT,0.809939417990945,0.8099364637792528,2.954211692274278e-06,False
COLLECTUSDT,1.255964053053572,1.2558198725846295,0.00014418046894260073,False
COMPUSDT,0.8005390091866132,0.8005878799751591,4.88707885458739e-05,False
COOKIEUSDT,0.9224722684134475,0.9224223690530303,4.989936041721599e-05,False
COTIUSDT,0.17205120185385794,0.17222582425400837,0.00017462240015042596,False
CROSSUSDT,0.12384750758230956,0.12383747639520212,1.0031187107434336e-05,False
CRVUSDT,1.059117626812934,1.0591031966577005,1.4430155233613462e-05,False
CTSIUSDT,0.8496306211681869,0.8495864116864081,4.4209481778745285e-05,False
CUSDT,1.0973974754053195,1.0973905636877226,6.91171759692466e-06,False
CVXUSDT,1.356252088483143,1.3561921082524537,5.9980230689316016e-05,False
CYSUSDT,0.08133816138020095,0.08120671588393805,0.0001314454962628997,False
DASHUSDT,1.8211193745934657,1.8210448933894878,7.448120397790525e-05,False
DEEPUSDT,1.4425165472671084,1.4425026713192364,1.387594787205515e-05,False
DEXEUSDT,0.14675349773183047,0.1467796538647108,2.6156132880345018e-05,False
DIAUSDT,0.762192350374664,0.7622077087910203,1.5358416356248128e-05,False
DODOXUSDT,-0.14224590149743044,-0.14222829316889735,1.760832853309191e-05,False
DOGEUSDT,1.4543192897228345,1.4542937495792734,2.5540143561153528e-05,False
DOGSUSDT,1.3029757098081998,1.3029248646605684,5.0845147631317644e-05,False
DOLOUSDT,0.801092527713299,0.8011485134404784,5.598572717946393e-05,False
DOODUSDT,1.4415251274685843,1.4415067692348085,1.8358233775828126e-05,False
DOTUSDT,1.0384239948497676,1.0383826132784477,4.138157131983178e-05,False
DRIFTUSDT,0.718468674582098,0.7185872474838599,0.00011857290176198187,False
DUSKUSDT,1.5506151934351562,1.5507314719883964,0.0001162785532402566,False
DYDXUSDT,1.0943272670507298,1.0943162335347205,1.1033516009284483e-05,False
DYMUSDT,0.8803904813669136,0.8805317261489379,0.00014124478202437452,False
EDENUSDT,0.6092955315388179,0.6092450048123254,5.0526726492527985e-05,False
EDGEUSDT,1.342363286209002,1.3423178811680092,4.540504099281861e-05,False
EDUUSDT,0.5221083931516871,0.5221858035110517,7.741035936459362e-05,False
EGLDUSDT,0.617411809525738,0.617280138506992,0.00013167101874600462,False
EIGENUSDT,1.540925930232469,1.5408199720187363,0.00010595821373260428,False
ELSAUSDT,0.7521891091960858,0.7521638271401384,2.5282055947428717e-05,False
ENAUSDT,2.216971693676471,2.217003227505718,3.1533829246921385e-05,False
ENJUSDT,0.9301492434800935,0.9301919291055892,4.268562549569754e-05,False
ENSOUSDT,0.5746802572283211,0.5746780666441116,2.190584209471602e-06,False
ENSUSDT,1.912550514826075,1.9125602978266842,9.783000609164816e-06,False
EPICUSDT,0.3043124036609576,0.30435751206007083,4.510839911325837e-05,False
ERAUSDT,0.8007519214167155,0.8007333817370468,1.8539679668694298e-05,False
ESPORTSUSDT,0.3449432818072329,0.3450478397600854,0.00010455795285252423,False
ESPUSDT,0.6428612398369837,0.6428148875516514,4.635228533234059e-05,False
ETCUSDT,1.4064337797765625,1.4064258374122922,7.942364270263624e-06,False
ETHFIUSDT,1.6626906370373131,1.6625036337181147,0.00018700331919840885,False
ETHUSDT,1.1324412519522051,1.1324536382273642,1.2386275159093074e-05,False
EULUSDT,0.4657071770827025,0.46560964848437975,9.752859832273808e-05,False
EVAAUSDT,1.5331535291653795,1.5328320837753595,0.00032144539001999206,False
FARTCOINUSDT,2.1249543386032745,2.1248691804057556,8.515819751897524e-05,False
FETUSDT,1.672942169288528,1.6729718794413497,2.9710152821715852e-05,False
FFUSDT,-0.35276479245874637,-0.35275411381168037,1.0678647065998081e-05,False
FHEUSDT,1.1058519515714997,1.1059451355438275,9.318397232771503e-05,False
FIDAUSDT,1.110618129946707,1.1105442449641918,7.388498251525988e-05,False
FIGHTUSDT,0.7691022977507286,0.7691136380762932,1.1340325564601628e-05,False
FILUSDT,1.1763901857410766,1.1762921273542275,9.805838684906476e-05,False
FLOCKUSDT,0.05077100770068459,0.050580242981987024,0.00019076471869756279,False
FLOWUSDT,0.8865847649428059,0.886617614895944,3.284995313812544e-05,False
FLUIDUSDT,1.2970240251146767,1.2970173008561114,6.724258565293795e-06,False
FOGOUSDT,1.092795540352257,1.0927891992053587,6.341146898236616e-06,False
FOLKSUSDT,0.28449691919801917,0.28456280922266713,6.589002464796323e-05,False
FORMUSDT,1.1588116688274372,1.1586745004424908,0.00013716838494648442,False
FUSDT,2.01315916725755,2.013259774663882,0.0001006074063321094,False
GALAUSDT,1.7264820202832771,1.7265169892470957,3.496896381860459e-05,False
GASUSDT,0.9693111955472115,0.9693840026167476,7.280706953616267e-05,False
GENIUSUSDT,0.6522750077694477,0.6523464981091285,7.149033968079088e-05,False
GIGGLEUSDT,1.2622614697142867,1.262395155067844,0.00013368535355740008,False
GMTUSDT,0.9102502262929753,0.910267671985112,1.7445692136797142e-05,False
GMXUSDT,0.856461049075598,0.856450866972454,1.0182103143963062e-05,False
GPSUSDT,0.036432407799185176,0.036601424524894774,0.00016901672570959758,False
GRASSUSDT,1.058372779446231,1.0583390823773131,3.369706891787061e-05,False
GRIFFAINUSDT,0.9416762867115346,0.9416366233553894,3.96633561451365e-05,False
GRTUSDT,1.4208547413217743,1.4208594025139878,4.661192213539778e-06,False
GTCUSDT,0.8888466553945329,0.8887470718175536,9.958357697925635e-05,False
GUAUSDT,0.7031936989662556,0.7033133678366433,0.00011966887038772356,False
GUNUSDT,1.0693410314751328,1.0693208485706938,2.0182904439058902e-05,False
GUSDT,0.7401912275934368,0.7401473771823939,4.385041104293386e-05,False
GWEIUSDT,1.3715064954343172,1.3716179787136646,0.00011148327934740188,False
HAEDALUSDT,0.8658879806050361,0.8658681764332626,1.980417177349647e-05,False
HANAUSDT,0.5982044917973417,0.5979958711759628,0.000208620621378941,False
HBARUSDT,1.2074911874445378,1.2074881717323542,3.015712183529473e-06,False
HEIUSDT,0.5878246865417394,0.5879291255590597,0.00010443901732037908,False
HEMIUSDT,1.2113566357547034,1.2112999610650985,5.667468960490751e-05,False
HMSTRUSDT,0.7199172003404778,0.7199458776827011,2.8677342223337732e-05,False
HOLOUSDT,0.856461841163842,0.8564601453808012,1.6957830408781405e-06,False
HOMEUSDT,0.6997469500781935,0.6997157762982172,3.117377997630122e-05,False
HOTUSDT,0.8337363728401991,0.8337699556070196,3.3582766820527965e-05,False
HUMAUSDT,0.7866967146209067,0.7867969333026351,0.00010021868172838122,False
HUSDT,0.23061378546576747,0.23061718264167594,3.397175908470551e-06,False
HYPERUSDT,0.9800602543190982,0.9801097927813057,4.953846220756564e-05,False
HYPEUSDT,1.02920943418969,1.0291751245495497,3.430964014028426e-05,False
ICNTUSDT,0.8229726218196625,0.8229547628655636,1.785895409889271e-05,False
ICPUSDT,1.0904661874647879,1.0904757085884014,9.521123613520643e-06,False
IDOLUSDT,0.6468967881209146,0.6467572140715279,0.0001395740493866926,False
IDUSDT,0.9709504345340095,0.9709284038510175,2.2030682992002504e-05,False
IMXUSDT,1.2886997230240729,1.2887433903146852,4.3667290612336984e-05,False
INJUSDT,1.3993851838950497,1.3994556459755205,7.046208047079006e-05,False
INUSDT,0.6713027770019937,0.6712964281265978,6.348875395856268e-06,False
INXUSDT,0.7927668843353212,0.7928831740704186,0.00011628973509747453,False
IOSTUSDT,0.6790178858805743,0.6790547041637955,3.681828322121827e-05,False
IOTAUSDT,1.343369089242369,1.3434141665261545,4.507728378544407e-05,False
IOTXUSDT,0.8574220242575034,0.857415633320764,6.390936739375519e-06,False
IOUSDT,1.2891396362603098,1.2891374583675959,2.1778927139504134e-06,False
IRYSUSDT,0.6778423518936344,0.6777535669238075,8.878496982689388e-05,False
JASMYUSDT,1.3372870528483314,1.3372976218652395,1.0569016908101858e-05,False
JCTUSDT,0.9540275464639824,0.9540276910730754,1.4460909303348757e-07,False
JELLYJELLYUSDT,0.757657082054664,0.7576712197146872,1.4137660023227916e-05,False
JOEUSDT,1.016173038937578,1.0161273048293853,4.573410819275203e-05,False
JSTUSDT,-0.05408251874281552,-0.05408752200753977,5.003264724252887e-06,False
JTOUSDT,1.4915689540533408,1.491552639542289,1.631451105188475e-05,False
JUPUSDT,1.58965990586018,1.58973654244065,7.663658047007971e-05,False
KAIAUSDT,1.4274752699579367,1.4273850617866335,9.020817130322989e-05,False
KAITOUSDT,0.8247950224484673,0.824799947557268,4.925108800790667e-06,False
KASUSDT,1.2594428037462,1.2593938636632782,4.894008292177787e-05,False
KATUSDT,0.7957501868858953,0.7956598305809481,9.035630494713676e-05,False
KAVAUSDT,0.2884045643801142,0.2884360388366173,3.147445650308889e-05,False
KERNELUSDT,0.8413631280174976,0.8413472983116786,1.5829705818926065e-05,False
KGENUSDT,0.5860265321631358,0.5860499454653563,2.3413302220443022e-05,False
KITEUSDT,0.7397792432070595,0.7398151717192104,3.5928512150951164e-05,False
KMNOUSDT,0.8495829907335254,0.8496280525332107,4.506179968533086e-05,False
KOMAUSDT,0.9119956139501441,0.9121464063349696,0.0001507923848255155,False
KSMUSDT,1.0763721827935266,1.0763124025671462,5.9780226380423684e-05,False
LABUSDT,0.9006414096190681,0.9005686808891241,7.272872994401602e-05,False
LAUSDT,0.8686885608412559,0.8687475273038693,5.896646261338567e-05,False
LAYERUSDT,0.7947634221070583,0.7947131696200741,5.025248698420359e-05,False
LDOUSDT,1.3047280785030766,1.3047473540765253,1.927557344871822e-05,False
LIGHTUSDT,0.49811255979633107,0.49816679931579694,5.423951946587069e-05,False
LINEAUSDT,1.1066907449742052,1.1066481235277614,4.262144644373578e-05,False
LINKUSDT,1.3569085623854682,1.3568723344786335,3.6227906834662704e-05,False
LISTAUSDT,1.1372342404364624,1.1372344176955247,1.7725906231724764e-07,False
LITUSDT,1.2277157150980689,1.2277693856448366,5.367054676774785e-05,False
LPTUSDT,1.104077513755798,1.1040513147361262,2.6199019671935275e-05,False
LQTYUSDT,0.7039634555087924,0.7039545604544066,8.895054385726908e-06,False
LSKUSDT,0.09797736022236062,0.0980057643398864,2.8404117525790418e-05,False
LTCUSDT,0.8327701501425105,0.8327615955872987,8.55455521187043e-06,False
LUMIAUSDT,0.9984499437642431,0.9985310155470677,8.107178282457106e-05,False
LUNA2USDT,1.0272987727337295,1.0273118132867645,1.304055303497087e-05,False
LYNUSDT,0.6073432468483464,0.6073705365664502,2.7289718103840066e-05,False
MAGICUSDT,0.8281100093355039,0.8281119338153708,1.924479866910467e-06,False
MAGMAUSDT,-0.003831590860775656,-0.003610746398390287,0.0002208444623853687,False
MANAUSDT,0.9258685710554158,0.9258861309593875,1.755990397178664e-05,False
MANTAUSDT,0.7012076839603609,0.7011770730739035,3.061088645739396e-05,False
MANTRAUSDT,0.9039095512699558,0.903955370343423,4.5819073467234794e-05,False
MAVUSDT,1.013674518102885,1.013552542216128,0.00012197588675699755,False
MEGAUSDT,1.3322228216147975,1.3321980424800732,2.4779134724317586e-05,False
MEMEUSDT,1.2426679747937985,1.2426992024721142,3.122767831564843e-05,False
MERLUSDT,1.0445801685352114,1.044558427692511,2.1740842700346263e-05,False
METUSDT,1.2457482312060078,1.2456562866679168,9.194453809091563e-05,False
MEUSDT,0.9827098703516548,0.9827577230185722,4.785266691742507e-05,False
MINAUSDT,0.9990403525180058,0.9989894481531255,5.0904364880310915e-05,False
MIRAUSDT,0.7641504962917891,0.7642007877356893,5.029144390022999e-05,False
MITOUSDT,0.9720666192632414,0.9719848424188036,8.177684443788635e-05,False
MMTUSDT,0.6014125621471013,0.6013569252383941,5.563690870713511e-05,False
MONUSDT,1.8892786692821784,1.8892843332259552,5.663943776879066e-06,False
MOODENGUSDT,1.8814774235298006,1.8815360659499745,5.8642420173837806e-05,False
MORPHOUSDT,1.1761175817801055,1.1760807437899379,3.6837990167626344e-05,False
MOVEUSDT,1.1044283331469025,1.1043424848131518,8.584833375069323e-05,False
MOVRUSDT,0.8211046406619167,0.8212441079257949,0.0001394672638782568,False
MUBARAKUSDT,1.4747558500196425,1.4747454433526546,1.0406666987927693e-05,False
MUSDT,0.22978051519149517,0.2297747641489522,5.751042542967433e-06,False
MYXUSDT,1.7968466299013426,1.7966327698260458,0.00021386007529677897,False
NAORISUSDT,0.685160767088551,0.6850203552628557,0.00014041182569535238,False
NEARUSDT,1.7131983365794023,1.7130888250770853,0.0001095115023170834,False
NEIROUSDT,2.1727279219022098,2.1725445147968183,0.00018340710539144212,False
NEOUSDT,1.068395715262135,1.0683376295530518,5.808570908327759e-05,False
NEWTUSDT,0.9062110119345078,0.9061754943179945,3.55176165133253e-05,False
NIGHTUSDT,1.5550144131359604,1.5549774599434163,3.6953192544153524e-05,False
NILUSDT,0.6425490110857566,0.6425037214573576,4.528962839900341e-05,False
NOMUSDT,0.7381839330036084,0.7382021903989293,1.8257395320908643e-05,False
NOTUSDT,1.1012727270476996,1.1012606304738284,1.2096573871245297e-05,False
NXPCUSDT,0.7024475529754463,0.7024465963225807,9.566528655913231e-07,False
OGNUSDT,0.966586476905726,0.966644054482783,5.757757705704414e-05,False
ONDOUSDT,1.5626020187316083,1.5625792114286654,2.280730294290656e-05,False
ONEUSDT,0.29198487191863914,0.2921130854569766,0.00012821353833747384,False
ONGUSDT,1.1190014341985748,1.118990447228271,1.0986970303772381e-05,False
ONTUSDT,0.8623834620377947,0.8622592761601446,0.00012418587765006261,False
ONUSDT,0.4645555974985556,0.46464443297119573,8.883547264015856e-05,False
OPENUSDT,0.9316345493841257,0.9317571292492329,0.00012257986510721963,False
OPGUSDT,0.7151448784373913,0.7152754873449765,0.0001306089075852057,False
OPNUSDT,1.1237140987355763,1.1236950954253235,1.9003310252729833e-05,False
OPUSDT,1.4268232569164456,1.4267996282704756,2.3628645970052986e-05,False
ORCAUSDT,0.9853704616656406,0.9853980253706786,2.7563705037980668e-05,False
ORDERUSDT,1.0917250401774046,1.0916588807614684,6.615941593612895e-05,False
ORDIUSDT,1.923818529283933,1.9238798978647964,6.136858086347452e-05,False
PARTIUSDT,1.0323738780521672,1.0323903625725044,1.6484520337201047e-05,False
PAXGUSDT,0.1521110729929935,0.15213309685812726,2.202386513375232e-05,False
PENDLEUSDT,1.1882875865427185,1.1882574156300343,3.0170912684202023e-05,False
PENGUUSDT,2.084884653067089,2.0849003910706876,1.5738003598553263e-05,False
PEOPLEUSDT,1.7179353514872173,1.7177960493124869,0.00013930217473046014,False
PHAROSUSDT,0.28047471824915676,0.28047379759054775,9.206586090160229e-07,False
PHAUSDT,0.7941281191988396,0.7941268175190626,1.3016797770770694e-06,False
PIEVERSEUSDT,1.8337340151747876,1.8337526993889566,1.8684214168951385e-05,False
PIPPINUSDT,1.2046244333567313,1.2046914272588654,6.699390213404932e-05,False
PIXELUSDT,1.1155608230871275,1.1155817793274767,2.0956240349256916e-05,False
PLAYUSDT,0.09999699720748753,0.09997598649357964,2.1010713907892997e-05,False
PLUMEUSDT,1.3050385704503276,1.3051101632105984,7.159276027079997e-05,False
PNUTUSDT,1.6244775669205012,1.6245332176185914,5.5650698090214945e-05,False
POLUSDT,1.0493169841636272,1.0492175952071425,9.93889564846473e-05,False
POPCATUSDT,1.4837988386826393,1.4836810220729393,0.00011781660970000551,False
PORTALUSDT,0.676409453519349,0.6764873946309228,7.794111157377603e-05,False
POWERUSDT,0.2762099098200315,0.2763717780613473,0.0001618682413157546,False
POWRUSDT,0.6373656119855067,0.6373711729143622,5.560928855508074e-06,False
PRLUSDT,0.617457008800226,0.6175012468919746,4.423809174858295e-05,False
PROMPTUSDT,0.8782864051278961,0.8783532432001319,6.68380722357309e-05,False
PROMUSDT,0.8891689386695086,0.889248145715765,7.920704625641317e-05,False
PROVEUSDT,0.560427415824349,0.5604161527734263,1.1263050922694084e-05,False
PTBUSDT,0.5679800865700521,0.5681590030136763,0.00017891644362422188,False
PUMPUSDT,1.0999465319272663,1.0999070117637417,3.952016352459786e-05,False
PYTHUSDT,1.4401820171528532,1.4400808055136567,0.00010121163919651899,False
QNTUSDT,0.9301589770931081,0.9301770702423664,1.8093149258269214e-05,False
QTUMUSDT,1.161506749400714,1.1614914763059003,1.5273094813750276e-05,False
QUSDT,0.05233073627894267,0.05227448159421274,5.6254684729931115e-05,False
RAREUSDT,0.8341929991058255,0.8341960243011549,3.0251953294646583e-06,False
RAVEUSDT,1.1699684196845466,1.1698056130537329,0.0001628066308136944,False
RECALLUSDT,0.4446667347160844,0.4445978040045396,6.893071154484565e-05,False
RENDERUSDT,1.322399986104527,1.3223654178797055,3.456822482150734e-05,False
RESOLVUSDT,0.8488734504215045,0.84890503567926,3.1585257755484264e-05,False
REZUSDT,1.107592810523941,1.1076267532547148,3.394273077383936e-05,False
RIFUSDT,0.670333298540822,0.6704185543782752,8.525583745322418e-05,False
RIVERUSDT,1.3888087042427553,1.3887770856637989,3.161857895639386e-05,False
RLCUSDT,0.9164499987448251,0.9164632251112129,1.3226366387786292e-05,False
ROBOUSDT,0.5328546437825393,0.5329452364721746,9.059268963529377e-05,False
RONINUSDT,1.2276209623267367,1.227606959208434,1.4003118302685635e-05,False
ROSEUSDT,1.166235264112929,1.1662314094047879,3.85470814112665e-06,False
RSRUSDT,1.447102849682234,1.44713484496418,3.1995281946084475e-05,False
RUNEUSDT,1.0626961910577681,1.0626846973230237,1.1493734744405515e-05,False
RVNUSDT,1.0548986606651654,1.0548649689611884,3.369170397693466e-05,False
SAFEUSDT,0.7875240957255385,0.7876318654819013,0.00010776975636284103,False
SAGAUSDT,0.7864150457707799,0.786492848006967,7.780223618703008e-05,False
SAHARAUSDT,1.1905500535461484,1.190555937078955,5.883532806505443e-06,False
SANDUSDT,1.0504329777867383,1.0504562381823015,2.326039556321824e-05,False
SAPIENUSDT,0.8788709009113467,0.8788369670525048,3.39338588418725e-05,False
SCRTUSDT,0.25413942382520877,0.25424252367776795,0.0001030998525591853,False
SCRUSDT,0.9325230686192694,0.9324642755123409,5.879310692846751e-05,False
SEIUSDT,1.2777495212566647,1.2777360124029753,1.3508853689447875e-05,False
SENTUSDT,0.7762657716383362,0.776225309842381,4.046179595518229e-05,False
SHELLUSDT,0.9297305571535003,0.9297305631197064,5.9662060847287535e-09,False
SIGNUSDT,0.75268736681946,0.7527164687659622,2.9101946502185783e-05,False
SIRENUSDT,0.535918264475698,0.5359569154826582,3.865100696021084e-05,False
SKLUSDT,1.0485618086195585,1.0485668614183303,5.052798771831846e-06,False
SKRUSDT,0.704277500906018,0.7044731619123213,0.00019566100630330485,False
SKYAIUSDT,0.8810196590839754,0.8812349869753973,0.00021532789142186815,False
SKYUSDT,0.9478971253091525,0.9479236646740116,2.6539364859079484e-05,False
SNXUSDT,1.0216718889163467,1.0217459927193902,7.410380304340158e-05,False
SOLUSDT,1.3032817732354651,1.3031929255883814,8.884764708372295e-05,False
SOLVUSDT,0.1288019605792668,0.1285665670567774,0.0002353935224893855,False
SOONUSDT,0.7393600507698882,0.7393823936997265,2.2342929838270464e-05,False
SOPHUSDT,0.44963499430543186,0.44968344039385805,4.844608842619058e-05,False
SPACEUSDT,0.7956468016066964,0.7956186637512317,2.8137855464738237e-05,False
SPELLUSDT,0.7722763141650686,0.7723858767563833,0.00010956259131467139,False
SPKUSDT,0.9756607713180011,0.9756529195901745,7.851727826579946e-06,False
SPXUSDT,2.362805410100689,2.3626986654530544,0.00010674464763438252,False
SQDUSDT,0.8283729654641373,0.8282869193197127,8.60461444246452e-05,False
SSVUSDT,1.4523894134458197,1.4523404279645649,4.898548125487068e-05,False
STABLEUSDT,0.8238001876437787,0.8239123957289773,0.00011220808519862846,False
STARUSDT,0.7518767555688356,0.7518394840957853,3.727147305032652e-05,False
STBLUSDT,0.9302678154274396,0.9301545201961551,0.00011329523128456032,False
STGUSDT,0.39109372669415354,0.39116352385562686,6.979716147331727e-05,False
STORJUSDT,0.241501895996159,0.24154268247756502,4.0786481406013264e-05,False
STOUSDT,0.9231590773612054,0.9230928371431659,6.624021803947056e-05,False
STRKUSDT,1.8245964750218753,1.8245468091950023,4.9665826872935526e-05,False
STXUSDT,1.4776727504437166,1.4776236477921512,4.9102651565435806e-05,False
SUIUSDT,1.586494670275233,1.5864102241954405,8.44460797924107e-05,False
SUSDT,1.5100762254333973,1.5101200406334794,4.381520008212014e-05,False
SUSHIUSDT,0.9550272415607949,0.9549790463582798,4.819520251508891e-05,False
SWARMSUSDT,1.3659224614978014,1.3659220808982766,3.8059952478519676e-07,False
SXTUSDT,0.9828228809417755,0.9829469090178485,0.000124028076073035,False
SYNUSDT,0.19202606442657572,0.19184261849280224,0.0001834459337734795,False
SYRUPUSDT,1.0786501261082984,1.0785889418874637,6.118422083467578e-05,False
TACUSDT,0.5228659189961486,0.5236298684883276,0.0007639494921789503,False
TAGUSDT,0.9196894853193144,0.9195922385023693,9.724681694511794e-05,False
TAIKOUSDT,0.5707251237219859,0.5707220275108339,3.0962111520205227e-06,False
TAKEUSDT,0.7762363364012199,0.776178401099125,5.793530209496911e-05,False
TAOUSDT,1.325283119848487,1.3252220906880448,6.102916044214979e-05,False
TAUSDT,0.5052213033756715,0.5052246533836967,3.350008025204687e-06,False
THETAUSDT,0.9710870341322011,0.9711231899897261,3.615585752503314e-05,False
THEUSDT,0.8047031229918992,0.8046783533457768,2.476964612241339e-05,False
TIAUSDT,1.3666302155039,1.3666508148264729,2.059932257281183e-05,False
TLMUSDT,0.6945628777481425,0.6946346419258852,7.176417774268362e-05,False
TNSRUSDT,1.059869613942719,1.0599058835926047,3.626964988567849e-05,False
TOSHIUSDT,1.5660756994986555,1.566035582814167,4.0116684488555876e-05,False
TOWNSUSDT,0.8281331298802508,0.8280424496964096,9.068018384117416e-05,False
TRADOORUSDT,1.4008496634439074,1.4007765813993451,7.308204456224487e-05,False
TRBUSDT,1.3516405696236655,1.3516213376289852,1.923199468034653e-05,False
TREEUSDT,0.5525723330279274,0.5525182182049047,5.4114823022755054e-05,False
TRIAUSDT,0.5344334358233858,0.5343123123375453,0.00012112348584047972,False
TRUMPUSDT,1.562472180038596,1.5624388276731132,3.3352365482741675e-05,False
TRUSTUSDT,0.762912388286772,0.7629509608081124,3.8572521340429766e-05,False
TRUTHUSDT,0.26019262740350146,0.26017823523201056,1.4392171490906769e-05,False
TRXUSDT,0.24111270888091382,0.24110284573967644,9.863141237381745e-06,False
TSTUSDT,0.9059461597569356,0.9058651478886459,8.10118682896821e-05,False
TURBOUSDT,1.7392935083054777,1.7393577023315987,6.419402612101166e-05,False
TURTLEUSDT,0.9170798686137193,0.9171540366422413,7.416802852200366e-05,False
TUSDT,0.578476985551096,0.5786281211278154,0.0001511355767194189,False
TUTUSDT,0.04384704546834838,0.0438444545387271,2.590929621279492e-06,False
TWTUSDT,0.8819502919024687,0.8819101739872924,4.0117915176218766e-05,False
UAIUSDT,-0.06001988005466938,-0.05974048929440636,0.0002793907602630166,False
UBUSDT,0.11664560318613695,0.11665472537201832,9.122185881366152e-06,False
UMAUSDT,0.8723290449747267,0.8723295872898968,5.423151701045015e-07,False
UNIUSDT,1.2655932115437587,1.2653758177960746,0.000217393747684147,False
USDCUSDT,-0.002360356859174396,-0.0023604278362805995,7.097710620325784e-08,False
USELESSUSDT,2.578173763994586,2.5781268510719246,4.691292266123526e-05,False
USUALUSDT,1.446140910764829,1.4463118121498215,0.0001709013849924279,False
USUSDT,0.5077013463721618,0.5080179223394571,0.00031657596729528503,False
VANAUSDT,0.7473420804182652,0.7473259856978014,1.6094720463821766e-05,False
VELODROMEUSDT,1.4497976765423493,1.4497813716032113,1.630493913795661e-05,False
VELVETUSDT,-0.8683015073809652,-0.8681754120214727,0.00012609535949248407,False
VETUSDT,1.3698973763508522,1.3698680191577857,2.9357193066514853e-05,False
VIRTUALUSDT,1.8017724741119219,1.801847483267682,7.500915576019729e-05,False
VVVUSDT,1.1891305858873893,1.1891423377911539,1.1751903764567473e-05,False
WALUSDT,1.0731690810072363,1.0732617800507211,9.269904348485625e-05,False
WAXPUSDT,0.6696648326232122,0.6697106805832007,4.584795998852087e-05,False
WETUSDT,0.7901024860952734,0.7899984202872449,0.00010406580802857501,False
WIFUSDT,2.176739800446491,2.1767304466130697,9.353833421155144e-06,False
WLDUSDT,1.3309450756859358,1.3309751197533104,3.0044067374612737e-05,False
WLFIUSDT,0.7203814300502203,0.7204394510141848,5.8020963964566796e-05,False
WOOUSDT,0.9902014364744395,0.9902344765486306,3.3040074191137414e-05,False
WUSDT,1.2619984604647434,1.2619438082362917,5.465222845169038e-05,False
XAIUSDT,0.8666421234156589,0.8666056653620517,3.645805360719123e-05,False
XANUSDT,0.6296067428192582,0.629667668342585,6.092552332681578e-05,False
XAUTUSDT,0.14983468860351945,0.14981027801064023,2.4410592879220427e-05,False
XLMUSDT,1.5939513532080352,1.593842362450152,0.00010899075788306511,False
XMRUSDT,0.7677668757961035,0.7676477610117196,0.00011911478438386691,False
XNYUSDT,0.46301981324413183,0.46312015756996455,0.00010034432583272412,False
XPINUSDT,0.697234802708134,0.6970966557218932,0.0001381469862408169,False
XPLUSDT,1.8680508415088621,1.868011986449361,3.885505950118606e-05,False
XRPUSDT,1.7405580146029969,1.7405588421201146,8.27517117718557e-07,False
XTZUSDT,1.0287892830432235,1.028720392625199,6.8890418024381e-05,False
XVGUSDT,1.2162748877920508,1.2161818672098437,9.302058220717058e-05,False
YBUSDT,0.6630955322554394,0.6632044771981993,0.00010894494275992539,False
YFIUSDT,0.9367186575766433,0.9367015549717027,1.7102604940588684e-05,False
YGGUSDT,1.133408507147383,1.1334563517353402,4.7844587957257545e-05,False
ZAMAUSDT,1.2518456829040217,1.2516437715343565,0.0002019113696651864,False
ZBTUSDT,0.5282903818827943,0.5283250288539109,3.4646971116547576e-05,False
ZECUSDT,2.0095179778376413,2.0093037524033197,0.00021422543432159102,False
ZENUSDT,1.8102874812519647,1.8102381112123829,4.937003958183084e-05,False
ZEREBROUSDT,0.9448426743949997,0.9449955308572453,0.00015285646224560967,False
ZETAUSDT,0.9568298429177496,0.9567811175511147,4.8725366634916334e-05,False
ZILUSDT,0.949770475094604,0.9497661192355322,4.355859071769608e-06,False
ZKCUSDT,0.8366011150647428,0.8365471306621713,5.398440257142756e-05,False
ZKPUSDT,0.7280928894873108,0.7280497848447228,4.310464258794333e-05,False
ZKUSDT,1.3826246135081723,1.3824899922367382,0.00013462127143415437,False
ZORAUSDT,0.8231586487235266,0.8232332936737096,7.464495018294492e-05,False
ZROUSDT,1.2956767119102925,1.2957791251171984,0.00010241320690584921,False
