model,col_idx,keep_pos,name,gain,gain_rank,split,total_S_vs_T:kind,total_S_vs_T:bitwise_equal_share,total_S_vs_T:max,total_S_vs_T:median,total_S_vs_T:n_gt_1e-3,total_S_vs_T:share_gt_1e-3,total_S_vs_T:spearman_median,total_S_vs_T:spearman_min,universe_Trep_vs_TP:kind,universe_Trep_vs_TP:bitwise_equal_share,universe_Trep_vs_TP:max,universe_Trep_vs_TP:median,universe_Trep_vs_TP:n_gt_1e-3,universe_Trep_vs_TP:share_gt_1e-3,universe_Trep_vs_TP:spearman_median,universe_Trep_vs_TP:spearman_min,clock_TP_vs_TPE:kind,clock_TP_vs_TPE:bitwise_equal_share,clock_TP_vs_TPE:max,clock_TP_vs_TPE:median,clock_TP_vs_TPE:n_gt_1e-3,clock_TP_vs_TPE:share_gt_1e-3,clock_TP_vs_TPE:spearman_median,clock_TP_vs_TPE:spearman_min,store_TPE_vs_TPE32:kind,store_TPE_vs_TPE32:bitwise_equal_share,store_TPE_vs_TPE32:max,store_TPE_vs_TPE32:median,store_TPE_vs_TPE32:n_gt_1e-3,store_TPE_vs_TPE32:share_gt_1e-3,store_TPE_vs_TPE32:spearman_median,store_TPE_vs_TPE32:spearman_min,reduction_TPE32_vs_S:kind,reduction_TPE32_vs_S:bitwise_equal_share,reduction_TPE32_vs_S:max,reduction_TPE32_vs_S:median,reduction_TPE32_vs_S:n_gt_1e-3,reduction_TPE32_vs_S:share_gt_1e-3,reduction_TPE32_vs_S:spearman_median,reduction_TPE32_vs_S:spearman_min,P10:n_thresholds,P10:n_thr_with_f16_risk,P10:served_cells_in_risk_interval,P10:leaf_rows_changed_single_col,P10:rank_changed_single_col,P10:max_abs_dpred_single_col,clock_subst:spearman_median,clock_subst:decile_changed_median,clock_subst:max_abs_dpred
king,0,,ret5_sum_48_v,,,,rel,0.002697,1.9998544254658386,0.15498249338632536,9726,0.971434,0.973421596504243,0.9498044431234998,rel,1.0,0.0,0.0,0,0.0,1.0,0.9999999999999999,rel,0.016016,2.0,0.15659578773163246,12378,0.967031,0.9719179321043857,0.943530034269152,rel,0.077813,0.0004880429477794046,0.00016602562646592648,0,0.0,0.9999995312469385,0.9999987343662889,rel,1.0,0.0,0.0,0,0.0,0.9999999999999999,0.9999999999999999,,,,,,,,,
king,1,,ret5_sum_48_r,,,,abs_rank_units,0.001598,0.8194650411605835,0.03264141082763672,9612,0.960048,0.9734289263426448,0.9498027017431343,abs_rank_units,0.081902,0.130340576171875,0.02001953125,9192,0.918098,0.9999999999999999,0.9999999999999999,abs_rank_units,0.049297,0.822265625,0.025146484375,12169,0.950703,0.9719037931487071,0.9435163474545014,abs_rank_units,0.0025,0.00012177228927612305,3.0606985092163086e-05,0,0.0,0.9999999999999999,0.9999999999999999,abs_rank_units,1.0,0.0,0.0,0,0.0,0.9999999999999999,0.9999999999999999,,,,,,,,,
king,2,,ret5_sum_288_v,,,,rel,0.000799,1.9956187092954412,0.06097854717867594,9644,0.963244,0.995117171822608,0.9703158327025808,rel,1.0,0.0,0.0,0,0.0,1.0,0.9999999999999999,rel,0.019609,1.9952651515151516,0.062020460358056265,12284,0.959688,0.9947300837179809,0.9735285746268069,rel,0.035078,0.0004873294346978557,0.00016811545768576324,0,0.0,0.9999996015599301,0.9999986406154526,rel,0.999922,1.0810124806133924e-07,0.0,0,0.0,0.9999999999999999,0.9999999999999999,,,,,,,,,
king,3,,ret5_sum_288_r,,,,abs_rank_units,0.002297,0.7770341336727142,0.022539258003234863,9285,0.927387,0.9951203284143191,0.9703186457627758,abs_rank_units,0.082801,0.14031982421875,0.02001953125,9183,0.917199,0.9999999999999999,0.9999999999999999,abs_rank_units,0.110078,0.777099609375,0.010009765625,11391,0.889922,0.9947344983406146,0.9735289595559972,abs_rank_units,0.0025,0.00012177228927612305,3.0606985092163086e-05,0,0.0,0.9999999999999999,0.9999999999999999,abs_rank_units,1.0,0.0,0.0,0,0.0,0.9999999999999999,0.9999999999999999,,,,,,,,,
king,4,0,ret5_sum_864_v,943.487,8,524,rel,0.0003,1.9944623522605174,0.03623723813367742,9633,0.962145,0.9981208402241588,0.9960784919918114,rel,1.0,0.0,0.0,0,0.0,1.0,0.9999999999999999,rel,0.019922,1.9947089947089947,0.03732656659140143,12253,0.957266,0.9978519372915724,0.9945453014761038,rel,0.021484,0.0004861448711716091,0.00016840255472528475,0,0.0,0.9999994843716443,0.9999986874909355,rel,0.999531,2.382736596808801e-07,0.0,0,0.0,0.9999999999999999,0.9999999999999999,524,524,4,0,0,0.0,0.9998704366902292,6.0,0.01396599973198427
king,5,1,ret5_sum_864_r,2260.456,2,618,abs_rank_units,0.002996,0.2381322681903839,0.01744474470615387,9166,0.915501,0.9981239228405545,0.9960744826895291,abs_rank_units,0.094087,0.115325927734375,0.0150146484375,9070,0.905913,0.9999999999999999,0.9999999999999999,abs_rank_units,0.163516,0.4862060546875,0.005126953125,10707,0.836484,0.9978500178126113,0.9945598409990062,abs_rank_units,0.0025,0.00012177228927612305,3.0606985092163086e-05,0,0.0,0.9999999999999999,0.9999999999999999,abs_rank_units,1.0,0.0,0.0,0,0.0,0.9999999999999999,0.9999999999999999,618,618,0,0,0,0.0,0.9985647722798268,27.0,0.025069785666046267
king,6,2,ret5_sum_2016_v,864.096,9,510,rel,0.0003,1.985695092073026,0.021542126909333423,9524,0.951258,0.9992849623592607,0.9986167147316267,rel,1.0,0.0,0.0,0,0.0,1.0,0.9999999999999999,rel,0.023281,1.9937952430196484,0.023586199401773977,12146,0.948906,0.9991575561873669,0.9978134537516867,rel,0.015312,0.00048638132295719845,0.00016712499796680695,0,0.0,0.9999994374963262,0.9999985468648621,rel,0.994844,2.96761354311987e-07,0.0,0,0.0,0.9999999999999999,0.9999999999999999,510,510,3,0,0,0.0,0.9998858117863235,4.0,0.02419263519952966
king,7,3,ret5_sum_2016_r,784.781,12,439,abs_rank_units,0.002996,0.17796551436185837,0.017533309757709503,9180,0.9169,0.9992855648316464,0.9986174007917561,abs_rank_units,0.084399,0.08522987365722656,0.017578125,9167,0.915601,0.9999999999999999,0.9999999999999999,abs_rank_units,0.225938,0.28570556640625,0.0048828125,9908,0.774062,0.9991549322183263,0.9978086738042112,abs_rank_units,0.0025,0.00012177228927612305,3.0606985092163086e-05,0,0.0,0.9999999999999999,0.9999999999999999,abs_rank_units,1.0,0.0,0.0,0,0.0,0.9999999999999999,0.9999999999999999,439,439,0,0,0,0.0,0.999829467684173,5.5,0.019541971592910407
king,8,4,ret5_sum_8640_v,587.426,24,407,rel,0.0,1.9146058732612055,0.007240925799198972,9031,0.902018,0.9997889455676829,0.9995301977573704,rel,1.0,0.0,0.0,0,0.0,1.0,0.9999999999999999,rel,0.036406,1.9144770736733643,0.008207070707070708,11585,0.905078,0.9997671232224266,0.9990070390864805,rel,0.003984,0.0004880429477794046,0.00016804016561833084,0,0.0,0.9999992968703582,0.99999878124164,rel,0.967812,3.974757639152953e-06,0.0,0,0.0,0.9999999999999999,0.9999999999999999,407,407,0,0,0,0.0,0.9999859374121087,2.0,0.017214503856655915
king,9,5,ret5_sum_8640_r,722.499,14,441,abs_rank_units,0.002897,0.10275688022375107,0.014980390667915344,9287,0.927587,0.9997841991884661,0.9995292196865221,abs_rank_units,0.067619,0.06012725830078125,0.014892578125,9335,0.932381,0.9999999999999999,0.9999999999999999,abs_rank_units,0.376641,0.22058868408203125,0.00244140625,7979,0.623359,0.9997640297751862,0.9990146813417584,abs_rank_units,0.0025,0.00012177228927612305,3.0606985092163086e-05,0,0.0,0.9999999999999999,0.9999999999999999,abs_rank_units,1.0,0.0,0.0,0,0.0,0.9999999999999999,0.9999999999999999,441,441,0,0,0,0.0,0.9999667185419909,2.0,0.012460728002841724
king,10,6,range_mean_48_v,635.546,17,390,rel,0.0002,0.18315159792155888,0.007165026506685646,9109,0.909808,0.9992515144380387,0.9985246486452712,rel,1.0,0.0,0.0,0,0.0,1.0,0.9999999999999999,rel,0.058125,0.202888583218707,0.007287660146642585,11542,0.901719,0.9991359919233811,0.9988081405323709,rel,0.007734,0.0006100834725018302,0.00017041308433485606,0,0.0,0.9999982187371138,0.9999965312219788,rel,1.0,0.0,0.0,0,0.0,0.9999999999999999,0.9999999999999999,390,390,6,0,0,0.0,0.9998828117675734,4.0,0.020854948852674873
king,11,7,range_mean_48_r,3572.666,1,387,abs_rank_units,0.002497,0.1779448539018631,0.019960477948188782,9341,0.93298,0.9992438849063583,0.9985100760400336,abs_rank_units,0.076009,0.155517578125,0.01751708984375,9251,0.923991,0.9999999999999999,0.9999999999999999,abs_rank_units,0.206328,0.145416259765625,0.0050048828125,10159,0.793672,0.999130767984235,0.9987983518083726,abs_rank_units,0.0025,0.00012177228927612305,3.0606985092163086e-05,0,0.0,0.9999999999999999,0.9999999999999999,abs_rank_units,1.0,0.0,0.0,0,0.0,0.9999999999999999,0.9999999999999999,387,387,0,0,0,0.0,0.9995478409240057,10.0,0.024723908946221368
king,12,8,range_mean_288_v,334.267,67,229,rel,0.0,0.060464000158328056,0.0012469594517170433,5813,0.580603,0.9999525011643554,0.9998920880429795,rel,1.0,0.0,0.0,0,0.0,1.0,0.9999999999999999,rel,0.165625,0.09116279069767441,0.0012775472398695931,7267,0.567734,0.9999486010729137,0.9998283889491998,rel,0.000547,0.0004843588348953262,0.00016824361611476234,0,0.0,0.9999981718619032,0.9999970937276126,rel,0.999687,1.1826479060864029e-07,0.0,0,0.0,0.9999999999999999,0.9999999999999999,229,229,0,0,0,0.0,0.9999999999999999,0.0,0.02288259765983058
king,13,9,range_mean_288_r,642.55,16,266,abs_rank_units,0.002797,0.1529807150363922,0.010034317150712013,8897,0.888634,0.9999509224148526,0.9998918927063041,abs_rank_units,0.118957,0.153076171875,0.010009765625,8821,0.881043,0.9999999999999999,0.9999999999999999,abs_rank_units,0.567109,0.06768798828125,0.0,5541,0.432891,0.9999474996718729,0.9998282489265558,abs_rank_units,0.0025,0.00012177228927612305,3.0606985092163086e-05,0,0.0,0.9999999999999999,0.9999999999999999,abs_rank_units,1.0,0.0,0.0,0,0.0,0.9999999999999999,0.9999999999999999,266,266,0,0,0,0.0,0.9999973749835936,0.0,0.013487918656984638
king,14,10,range_mean_864_v,359.109,60,246,rel,0.0,0.02934045565801457,0.0004809939293196191,2132,0.212944,0.9999856182773593,0.9999560720839025,rel,1.0,0.0,0.0,0,0.0,1.0,0.9999999999999999,rel,0.38125,0.04169339320076972,0.0006022282991085353,2655,0.207422,0.9999872733135383,0.9999464682323012,rel,0.000156,0.0004848476524612027,0.00017137822291841574,0,0.0,0.9999980781111414,0.9999970468521823,rel,0.959531,1.8120636324265163e-07,0.0,0,0.0,0.9999999999999999,0.9999999999999999,246,246,0,0,0,0.0,0.9999999999999999,0.0,0.012666305256761
king,15,11,range_mean_864_r,453.794,42,266,abs_rank_units,0.002897,0.14536646008491516,0.007628947496414185,9004,0.899321,0.9999837594488699,0.9999534307088079,abs_rank_units,0.105274,0.145263671875,0.007568359375,8958,0.894726,0.9999999999999999,0.9999999999999999,abs_rank_units,0.777656,0.050048828125,0.0,2846,0.222344,0.999985281158007,0.9999413121332008,abs_rank_units,0.0025,0.00012177228927612305,3.0606985092163086e-05,0,0.0,0.9999999999999999,0.9999999999999999,abs_rank_units,1.0,0.0,0.0,0,0.0,0.9999999999999999,0.9999999999999999,266,266,0,0,0,0.0,0.9999995312470702,0.0,0.010802305044486479
king,16,12,range_mean_2016_v,392.978,54,257,rel,0.0001,0.009057381302838164,0.0002578471702707391,481,0.048042,0.9999936594532424,0.9999894338395404,rel,1.0,0.0,0.0,0,0.0,1.0,0.9999999999999999,rel,0.627031,0.020086083213773313,0.0,646,0.050469,0.9999956171379074,0.9999881405008635,rel,7.8e-05,0.0004839089348378509,0.00017007945982717762,0,0.0,0.9999979374849822,0.9999972812293118,rel,0.635547,1.0994034974900618e-06,0.0,0,0.0,0.9999999999999999,0.9999999999999999,257,257,1,0,0,0.0,0.9999999999999999,0.0,0.006106581780201993
king,17,13,range_mean_2016_r,632.995,18,248,abs_rank_units,0.003196,0.11038950085639954,0.015032051131129265,9418,0.940671,0.99999371027042,0.9999870858268122,abs_rank_units,0.05833,0.1103515625,0.0150146484375,9428,0.94167,0.9999999999999999,0.9999999999999999,abs_rank_units,0.880859,0.022705078125,0.0,1525,0.119141,0.9999938124613278,0.9999876249226557,abs_rank_units,0.0025,0.00012177228927612305,3.0606985092163086e-05,0,0.0,0.9999999999999999,0.9999999999999999,abs_rank_units,1.0,0.0,0.0,0,0.0,0.9999999999999999,0.9999999999999999,248,248,0,0,0,0.0,0.9999996249976562,0.0,0.003913705449758831
king,18,14,range_mean_8640_v,447.477,45,298,rel,0.0001,0.004069323636502799,0.00017722679305032279,22,0.002197,0.9999967069623307,0.9999945212455406,rel,1.0,0.0,0.0,0,0.0,1.0,0.9999999999999999,rel,0.875703,0.004375,0.0,32,0.0025,0.9999986874849351,0.9999970468417848,rel,0.000156,0.0004869721556915808,0.00016838178227368943,0,0.0,0.9999974687309747,0.9999962499695308,rel,0.036406,8.159314256509396e-06,6.466133231972065e-07,0,0.0,0.9999999999999999,0.9999998124988281,298,298,0,0,0,0.0,0.9999999999999999,0.0,0.0011738249602656348
king,19,15,range_mean_8640_r,459.514,41,267,abs_rank_units,0.003196,0.1102481484413147,0.01755671203136444,9382,0.937076,0.9999984270957336,0.9999964779527669,abs_rank_units,0.063324,0.1103515625,0.017578125,9378,0.936676,0.9999999999999999,0.9999999999999999,abs_rank_units,0.963359,0.0075206756591796875,0.0,469,0.036641,0.999998499990625,0.9999969999812499,abs_rank_units,0.0025,0.00012177228927612305,3.0606985092163086e-05,0,0.0,0.9999999999999999,0.9999999999999999,abs_rank_units,0.999687,0.002506271004676819,0.0,4,0.000313,0.9999999999999999,0.9999998124988281,267,267,0,0,0,0.0,0.9999999999999999,0.0,0.0018884035868458986
king,20,16,cpos_mean_48_v,1265.304,4,663,rel,0.000799,0.05825935149206935,0.013290441200799488,9401,0.938973,0.9787837361772211,0.9611639344329973,rel,1.0,0.0,0.0,0,0.0,1.0,0.9999999999999999,rel,0.047109,0.058001397624039136,0.013510003510003511,11923,0.931484,0.9803696028630726,0.9670077021757795,rel,0.003516,0.00048638132295719845,0.0001615327674227877,0,0.0,0.9999882576690686,0.999980124676403,rel,0.999141,1.1403909009122329e-07,0.0,0,0.0,0.9999999999999999,0.9999999999999999,663,663,39,1,21,0.0018484487182729489,0.9978422365139782,27.0,0.06256987222401636
king,21,17,cpos_mean_48_r,1091.833,6,663,abs_rank_units,0.000599,0.2694328874349594,0.037581443786621094,9795,0.978326,0.9786942058024137,0.961065129905846,abs_rank_units,0.048042,0.092742919921875,0.02008056640625,9531,0.951958,0.9999999999999999,0.9999999999999999,abs_rank_units,0.037656,0.2781982421875,0.032470703125,12318,0.962344,0.980357657564626,0.9670179782702998,abs_rank_units,0.0025,0.00012177228927612305,3.0606985092163086e-05,0,0.0,0.9999999999999999,0.9999999999999999,abs_rank_units,1.0,0.0,0.0,0,0.0,0.9999999999999999,0.9999999999999999,663,663,0,0,0,0.0,0.996728479552997,46.5,0.03442856488695556
king,22,18,cpos_mean_288_v,790.522,11,512,rel,0.0,0.009228659519277996,0.002145974109691201,7429,0.74201,0.9976740163609671,0.9966165669759093,rel,1.0,0.0,0.0,0,0.0,1.0,0.9999999999999999,rel,0.114531,0.0091683038637852,0.0020050125313283208,9025,0.705078,0.9977577589268738,0.9965149520862568,rel,0.000234,0.00048471483403392625,0.0001665534803121463,0,0.0,0.9999719681819121,0.9999556081122369,rel,0.951875,2.372574368936738e-07,0.0,0,0.0,0.9999999999999999,0.999999953124706,512,512,4,0,0,0.0,0.9998454990343689,6.0,0.03131450962721877
king,23,19,cpos_mean_288_r,598.485,22,407,abs_rank_units,0.0004,0.13039924204349518,0.01757720112800598,9516,0.950459,0.9976793806337061,0.9964869462865841,abs_rank_units,0.061227,0.0802001953125,0.01513671875,9399,0.938773,0.9999999999999999,0.9999999999999999,abs_rank_units,0.106094,0.09521484375,0.010009765625,11442,0.893906,0.9977367671047943,0.9965940412127575,abs_rank_units,0.0025,0.00012177228927612305,3.0606985092163086e-05,0,0.0,0.9999999999999999,0.9999999999999999,abs_rank_units,0.999844,0.0012531280517578125,0.0,2,0.000156,0.9999999999999999,0.999999953124706,407,407,0,0,0,0.0,0.9999727185794911,1.0,0.026052063453039568
king,24,20,cpos_mean_864_v,597.445,23,398,rel,0.0,0.0030507157488567074,0.0007578650853222503,3704,0.369956,0.99935782252627,0.999082736989433,rel,1.0,0.0,0.0,0,0.0,1.0,0.9999999999999999,rel,0.265703,0.003048780487804878,0.000945179584120983,3470,0.271094,0.9994069330648057,0.9991714320900705,rel,0.0,0.00048697122713414634,0.00017313949168395917,0,0.0,0.999948529602046,0.999926871869104,rel,0.825859,3.576230086060785e-07,0.0,0,0.0,0.9999999999999999,0.9999999999999999,398,398,0,0,0,0.0,0.9999748748429677,2.0,0.024457155825304108
king,25,21,cpos_mean_864_r,508.964,31,340,abs_rank_units,0.0,0.10523486137390137,0.014938771724700928,9406,0.939473,0.9993789009164585,0.9990991385855144,abs_rank_units,0.065122,0.0802001953125,0.0126953125,9360,0.934878,0.9999999999999999,0.9999999999999999,abs_rank_units,0.186562,0.0501251220703125,0.0050048828125,10412,0.813438,0.999426152663454,0.9992501828136425,abs_rank_units,0.0025,0.00012177228927612305,3.0606985092163086e-05,0,0.0,0.9999999999999999,0.9999999999999999,abs_rank_units,0.999844,0.0012531280517578125,0.0,2,0.000156,0.9999999999999999,0.999999953124706,340,340,0,0,0,0.0,0.9999061556634729,3.5,0.02316254858023245
king,26,22,cpos_mean_2016_v,501.617,35,345,rel,0.0001,0.001458889100609756,0.0003403711759829136,362,0.036157,0.9997103107853158,0.999591802486297,rel,1.0,0.0,0.0,0,0.0,1.0,0.9999999999999999,rel,0.531484,0.0019138755980861245,0.0,153,0.011953,0.9997017724970573,0.9996141822294307,rel,7.8e-05,0.00048613745679572504,0.0001752165211860823,0,0.0,0.999918902454666,0.999888805622979,rel,0.473125,5.602164178268333e-07,5.988169174206089e-08,0,0.0,0.9999999999999999,0.9999998124988281,345,345,2,0,0,0.0,0.9999905311908199,2.0,0.013268059367438644
king,27,23,cpos_mean_2016_r,520.324,29,341,abs_rank_units,0.0001,0.07017750293016434,0.015015259385108948,9449,0.943767,0.9997538480322712,0.9996651036231019,abs_rank_units,0.051338,0.05517578125,0.0150146484375,9498,0.948662,0.9999999999999999,0.9999999999999999,abs_rank_units,0.290312,0.035083770751953125,0.00252532958984375,9084,0.709688,0.9997841861511634,0.999706935668348,abs_rank_units,0.0025,0.00012177228927612305,3.0606985092163086e-05,0,0.0,0.9999999999999999,0.9999999999999999,abs_rank_units,0.999219,0.0025062672793865204,0.0,10,0.000781,0.9999999999999999,0.9999998124988281,341,341,0,0,0,0.0,0.9999891249320307,0.0,0.01766560746296635
king,28,24,cpos_mean_8640_v,503.165,34,348,rel,0.0,0.0007099589856528827,0.00018582595104139367,0,0.0,0.9997620340795761,0.9997280269258624,rel,1.0,0.0,0.0,0,0.0,1.0,0.9999999999999999,rel,0.878437,0.000975609756097561,0.0,0,0.0,0.9998014076646087,0.9996849282660338,rel,0.000547,0.0004863794729795521,0.00017888066297852881,0,0.0,0.9997992832894262,0.999756828289121,rel,0.025703,3.3524677425254486e-06,8.444147950878925e-07,0,0.0,0.9999997890611767,0.9999990156188026,348,348,3,0,0,0.0,0.9999995312470702,0.0,0.01788930717504794
king,29,25,cpos_mean_8640_r,553.635,25,366,abs_rank_units,0.001298,0.07768482714891434,0.01512998342514038,9571,0.955953,0.9999377771655501,0.9999110994508712,abs_rank_units,0.044047,0.065155029296875,0.01513671875,9571,0.955953,0.9999999999999999,0.9999999999999999,abs_rank_units,0.510156,0.01513671875,0.0,6270,0.489844,0.9999467965399855,0.9999308120675754,abs_rank_units,0.0025,0.00012177228927612305,3.0606985092163086e-05,0,0.0,0.9999999999999999,0.9999999999999999,abs_rank_units,0.992656,0.0025062859058380127,0.0,94,0.007344,0.9999998124988281,0.9999990156188026,366,366,0,0,0,0.0,0.999982468640429,0.0,0.02126902872777029
king,30,26,log_qv_mean_48_v,396.419,53,265,rel,0.001798,0.013675623800383877,0.0016660491666686827,6811,0.680284,0.9996996808711887,0.9995668816284592,rel,1.0,0.0,0.0,0,0.0,1.0,0.9999999999999999,rel,0.112812,0.01916376306620209,0.0018066847335140017,8532,0.666562,0.9996916968338903,0.9995850071389452,rel,0.015,0.0004880429477794046,0.00017929634655405473,0,0.0,0.9999939530680826,0.9999896405056228,rel,1.0,0.0,0.0,0,0.0,1.0,0.9999999999999999,265,265,32,0,0,0.0,0.9999892186826167,0.0,0.013340826420981534
king,31,27,log_qv_mean_48_r,606.197,21,322,abs_rank_units,0.003196,0.21054956316947937,0.09523903205990791,9804,0.979225,0.9996888640912924,0.9995590591239826,abs_rank_units,0.022074,0.18310546875,0.09521484375,9791,0.977926,1.0,0.9999999999999999,abs_rank_units,0.282266,0.06015205383300781,0.0025634765625,9187,0.717734,0.9996836854784031,0.9995771848574053,abs_rank_units,0.0025,0.00012177228927612305,3.0606985092163086e-05,0,0.0,1.0,0.9999999999999999,abs_rank_units,1.0,0.0,0.0,0,0.0,1.0,0.9999999999999999,322,322,0,0,0,0.0,0.9997684360527253,4.0,0.01661877847190932
king,32,28,log_qv_mean_288_v,338.489,63,211,rel,0.001398,0.002652497076112126,0.0003469020320146193,862,0.086097,0.9999712275215562,0.9999593003957956,rel,1.0,0.0,0.0,0,0.0,1.0,0.9999999999999999,rel,0.496172,0.0035650623885918,0.0004898359343545467,873,0.068203,0.9999752728836155,0.9999680774841886,rel,0.002656,0.00048198100973416126,0.0001802288998772265,0,0.0,0.9999932499350305,0.9999909061518145,rel,0.999766,6.111843309939642e-08,0.0,0,0.0,0.9999999999999999,0.9999999999999999,211,211,5,0,0,0.0,0.9999999999999999,0.0,0.014703758269371054
king,33,29,log_qv_mean_288_r,300.023,75,206,abs_rank_units,0.003196,0.19290658831596375,0.09531335532665253,9785,0.977327,0.999969811023717,0.9999573440946226,abs_rank_units,0.023072,0.1881103515625,0.0953369140625,9781,0.976928,0.9999999999999999,0.9999999999999999,abs_rank_units,0.669063,0.017578125,0.0,4236,0.330937,0.9999735388964934,0.9999621247632797,abs_rank_units,0.0025,0.00012177228927612305,3.0606985092163086e-05,0,0.0,0.9999999999999999,0.9999999999999999,abs_rank_units,1.0,0.0,0.0,0,0.0,0.9999999999999999,0.9999999999999999,206,206,0,0,0,0.0,0.9999999999999999,0.0,0.017673002002225765
king,34,30,log_qv_mean_864_v,247.536,78,162,rel,0.000599,0.00129420279542186,0.00021341550534831257,12,0.001199,0.9999868411566543,0.9999826831454778,rel,1.0,0.0,0.0,0,0.0,1.0,0.9999999999999999,rel,0.776641,0.0016233766233766235,0.0,13,0.001016,0.9999919842217764,0.9999876716224837,rel,0.000937,0.00048364115040204676,0.00018009775212427583,0,0.0,0.9999930858703817,0.9999911405303834,rel,0.999922,1.1471131292144937e-07,0.0,0,0.0,0.9999999999999999,0.9999999999999999,162,162,1,0,0,0.0,0.9999999999999999,0.0,0.0
king,35,31,log_qv_mean_864_r,337.199,65,198,abs_rank_units,0.003196,0.20543423295021057,0.10778471641242504,9819,0.980723,0.9999903097113165,0.9999866944882307,abs_rank_units,0.019277,0.2005615234375,0.1077880859375,9819,0.980723,0.9999999999999999,0.9999999999999999,abs_rank_units,0.841484,0.010009765625,0.0,2029,0.158516,0.9999921249507808,0.9999889374308588,abs_rank_units,0.0025,0.00012177228927612305,3.0606985092163086e-05,0,0.0,0.9999999999999999,0.9999999999999999,abs_rank_units,1.0,0.0,0.0,0,0.0,0.9999999999999999,0.9999999999999999,198,198,0,0,0,0.0,0.999999906249414,0.0,0.011330617328118086
king,36,32,log_qv_mean_2016_v,284.484,76,190,rel,0.0002,0.0007332815302910452,0.0001974860424653726,0,0.0,0.9999876226138826,0.9999849333511124,rel,1.0,0.0,0.0,0,0.0,1.0,0.9999999999999999,rel,0.900312,0.000975609756097561,0.0,0,0.0,0.9999956405299916,0.9999932967220874,rel,0.000234,0.00048378205322502425,0.00018024039215653296,0,0.0,0.9999925936762827,0.9999903436430255,rel,0.998672,1.1716108841245203e-07,0.0,0,0.0,0.9999999999999999,0.9999999999999999,190,190,0,0,0,0.0,0.9999999999999999,0.0,0.00019182792360192963
king,37,33,log_qv_mean_2016_r,320.618,70,210,abs_rank_units,0.003196,0.22315308451652527,0.13032767176628113,9855,0.984319,0.9999960677393342,0.9999917818897894,abs_rank_units,0.015681,0.220703125,0.1303253173828125,9855,0.984319,0.9999999999999999,0.9999999999999999,abs_rank_units,0.923359,0.007568359375,0.0,981,0.076641,0.9999964374777341,0.9999938124613278,abs_rank_units,0.0025,0.00012177228927612305,3.0606985092163086e-05,0,0.0,0.9999999999999999,0.9999999999999999,abs_rank_units,1.0,0.0,0.0,0,0.0,0.9999999999999999,0.9999999999999999,210,210,0,0,0,0.0,0.9999999999999999,0.0,0.0007210643531781794
king,38,34,log_qv_mean_8640_v,312.614,73,193,rel,0.0001,0.0005416985910956464,0.00019979760088910837,0,0.0,0.9999892877994563,0.9999828787904939,rel,1.0,0.0,0.0,0,0.0,1.0,0.9999999999999999,rel,0.971875,0.0009746588693957114,0.0,0,0.0,0.9999984062085648,0.9999970467995484,rel,0.000156,0.0004816508547526673,0.0001927365318727946,0,0.0,0.9999897811339187,0.9999871092113468,rel,0.262109,2.87510912974317e-06,1.9041385307179342e-07,0,0.0,0.9999999999999999,0.9999998124988281,193,193,1,0,0,0.0,0.9999999999999999,0.0,0.00012239031570622505
king,39,35,log_qv_mean_8640_r,338.023,64,203,abs_rank_units,0.003196,0.1830497905611992,0.1152903214097023,9916,0.990412,0.999999017878576,0.9999964439780348,abs_rank_units,0.009588,0.18304443359375,0.1152496337890625,9916,0.990412,0.9999999999999999,0.9999999999999999,abs_rank_units,0.971719,0.00506591796875,0.0,362,0.028281,0.9999990624941405,0.9999973749835936,abs_rank_units,0.0025,0.00012177228927612305,3.0606985092163086e-05,0,0.0,0.9999999999999999,0.9999999999999999,abs_rank_units,0.999375,0.002506271004676819,0.0,8,0.000625,0.9999999999999999,0.9999998124988281,203,203,0,0,0,0.0,0.9999999999999999,0.0,0.009312610979826295
king,40,36,log_cnt_mean_48_v,431.6,48,269,rel,0.001698,0.017331710414902626,0.0018720771417728788,7084,0.707551,0.9997758091916126,0.999588113185866,rel,1.0,0.0,0.0,0,0.0,1.0,0.9999999999999999,rel,0.104766,0.023741007194244605,0.0019673743881689822,9007,0.703672,0.9997561760900042,0.9996412604067775,rel,0.016563,0.00048520135856380397,0.0001781377609440599,0,0.0,0.9999954062100969,0.999994140570663,rel,1.0,0.0,0.0,0,0.0,1.0,0.9999999999999999,269,269,28,0,0,0.0,0.9999957812236324,0.0,0.018024350781678133
king,41,37,log_cnt_mean_48_r,739.782,13,293,abs_rank_units,0.002996,0.180329367518425,0.04510390758514404,9543,0.953156,0.9997777685704492,0.9995780391332798,abs_rank_units,0.049541,0.1579437255859375,0.045166015625,9516,0.950459,1.0,0.9999999999999999,abs_rank_units,0.297891,0.052734375,0.002506256103515625,8987,0.702109,0.9997480921514761,0.9996340445363171,abs_rank_units,0.0025,0.00012177228927612305,3.0606985092163086e-05,0,0.0,1.0,0.9999999999999999,abs_rank_units,1.0,0.0,0.0,0,0.0,1.0,0.9999999999999999,293,293,0,0,0,0.0,0.9999588434927718,2.0,0.01034172989437637
king,42,38,log_cnt_mean_288_v,314.449,72,214,rel,0.001398,0.0038324986480449555,0.0004004458038855877,1266,0.126448,0.9999761133319923,0.9999592042696361,rel,1.0,0.0,0.0,0,0.0,1.0,0.9999999999999999,rel,0.436484,0.004750593824228029,0.0005894489165119356,1493,0.116641,0.9999789527861116,0.9999699057687736,rel,0.002344,0.00048284013141957363,0.00017865834768984365,0,0.0,0.9999950780821243,0.9999936249398353,rel,1.0,0.0,0.0,0,0.0,0.9999999999999999,0.9999999999999999,214,214,5,0,0,0.0,0.9999999999999999,0.0,0.005456957134472733
king,43,39,log_cnt_mean_288_r,274.926,77,181,abs_rank_units,0.003196,0.15539643168449402,0.050078511238098145,9509,0.94976,0.9999748335317398,0.9999584142945825,abs_rank_units,0.04994,0.153076171875,0.050048828125,9512,0.95006,0.9999999999999999,0.9999999999999999,abs_rank_units,0.678984,0.017578125,0.0,4109,0.321016,0.9999753201576747,0.9999641872761704,abs_rank_units,0.0025,0.00012177228927612305,3.0606985092163086e-05,0,0.0,0.9999999999999999,0.9999999999999999,abs_rank_units,1.0,0.0,0.0,0,0.0,0.9999999999999999,0.9999999999999999,181,181,0,0,0,0.0,0.9999999999999999,0.0,0.006643122492887124
king,44,40,log_cnt_mean_864_v,310.652,74,201,rel,0.000899,0.0015867184208802892,0.00021151407542139753,34,0.003396,0.999991194846148,0.9999862697240448,rel,1.0,0.0,0.0,0,0.0,1.0,0.9999999999999999,rel,0.740781,0.0018674136321195146,0.0,33,0.002578,0.9999933670735814,0.9999891716779795,rel,0.000703,0.0004760509228888359,0.00018116197531545014,0,0.0,0.9999951952709275,0.9999931561838074,rel,1.0,0.0,0.0,0,0.0,0.9999999999999999,0.9999999999999999,201,201,1,0,0,0.0,0.9999999999999999,0.0,0.007729333828708385
king,45,41,log_cnt_mean_864_r,328.091,69,198,abs_rank_units,0.003196,0.15034595131874084,0.057603269815444946,9348,0.93368,0.9999917818897894,0.9999893319341047,abs_rank_units,0.067319,0.14794921875,0.0576171875,9338,0.932681,0.9999999999999999,0.9999999999999999,abs_rank_units,0.85625,0.010009765625,0.0,1840,0.14375,0.9999929687060543,0.9999908124425777,abs_rank_units,0.0025,0.00012177228927612305,3.0606985092163086e-05,0,0.0,0.9999999999999999,0.9999999999999999,abs_rank_units,1.0,0.0,0.0,0,0.0,0.9999999999999999,0.9999999999999999,198,198,0,0,0,0.0,0.9999999999999999,0.0,0.004677771526131674
king,46,42,log_cnt_mean_2016_v,317.83,71,196,rel,0.0,0.0008158463230163477,0.00017801937185385897,0,0.0,0.9999933818266213,0.9999910848983528,rel,1.0,0.0,0.0,0,0.0,1.0,0.9999999999999999,rel,0.878125,0.0009746588693957114,0.0,0,0.0,0.9999965780643844,0.9999932967570692,rel,0.0,0.00047722717106864654,0.00018311999663152528,0,0.0,0.9999945155756829,0.9999918436657601,rel,1.0,0.0,0.0,0,0.0,0.9999999999999999,0.9999999999999999,196,196,0,0,0,0.0,0.9999999999999999,0.0,0.008837393495123441
king,47,43,log_cnt_mean_2016_r,361.372,58,208,abs_rank_units,0.003196,0.14798471331596375,0.06767506152391434,9490,0.947863,0.9999964779527669,0.9999885417070012,abs_rank_units,0.052237,0.14794921875,0.067657470703125,9489,0.947763,0.9999999999999999,0.9999999999999999,abs_rank_units,0.927344,0.010009765625,0.0,930,0.072656,0.9999968124800779,0.9999926874542965,abs_rank_units,0.0025,0.00012177228927612305,3.0606985092163086e-05,0,0.0,0.9999999999999999,0.9999999999999999,abs_rank_units,1.0,0.0,0.0,0,0.0,0.9999999999999999,0.9999999999999999,208,208,0,0,0,0.0,0.9999999999999999,0.0,0.0008767647407658952
king,48,44,log_cnt_mean_8640_v,331.876,68,210,rel,0.0002,0.0005389455709258128,0.00017172008680734125,0,0.0,0.9999937083631423,0.9999918013606814,rel,1.0,0.0,0.0,0,0.0,1.0,0.9999999999999999,rel,0.960547,0.000966183574879227,0.0,0,0.0,0.999998968731721,0.9999958749153753,rel,0.000156,0.00048132025473275635,0.00017738800266213286,0,0.0,0.9999941171334279,0.9999920780441093,rel,0.305859,2.8568452429351315e-06,1.5744267309168123e-07,0,0.0,0.9999999999999999,0.9999999999999999,210,210,0,0,0,0.0,0.9999999999999999,0.0,0.0005616107986405397
king,49,45,log_cnt_mean_8640_r,369.679,55,234,abs_rank_units,0.003196,0.09272571094334126,0.05256366729736328,9859,0.984718,0.999998814659345,0.9999968692913483,abs_rank_units,0.015481,0.0927276611328125,0.052490234375,9857,0.984519,0.9999999999999999,0.9999999999999999,abs_rank_units,0.971172,0.00506591796875,0.0,369,0.028828,0.9999988749929687,0.9999979374871092,abs_rank_units,0.0025,0.00012177228927612305,3.0606985092163086e-05,0,0.0,0.9999999999999999,0.9999999999999999,abs_rank_units,1.0,0.0,0.0,0,0.0,0.9999999999999999,0.9999999999999999,234,234,0,0,0,0.0,0.9999999999999999,0.0,0.0005740382787391349
king,50,46,log_avgsz_mean_48_v,504.293,33,323,rel,0.002297,0.030849697766920356,0.0019482865379556588,7234,0.722533,0.9994376397182423,0.9991367986170505,rel,1.0,0.0,0.0,0,0.0,1.0,0.9999999999999999,rel,0.090391,0.08256107834877843,0.0020958869659661343,9366,0.731719,0.9994902014730823,0.9992082204817536,rel,0.017891,0.00048638132295719845,0.0001571772554217301,0,0.0,0.999994234322342,0.9999920311662026,rel,0.999766,1.0212025129342958e-07,0.0,0,0.0,1.0,0.9999999999999999,323,323,33,1,3,0.0001546788569376349,0.9999740310876942,2.0,0.029486555860923806
king,51,47,log_avgsz_mean_48_r,529.877,28,352,abs_rank_units,0.002797,0.21803134679794312,0.13782166689634323,9942,0.993008,0.9994320574957547,0.9991277063019599,abs_rank_units,0.006792,0.1829833984375,0.13787841796875,9944,0.993208,1.0,0.9999999999999999,abs_rank_units,0.241797,0.085205078125,0.0048828125,9705,0.758203,0.9994826841940385,0.9992060731257427,abs_rank_units,0.002656,0.00012177228927612305,3.0606985092163086e-05,0,0.0,1.0,0.9999999999999999,abs_rank_units,1.0,0.0,0.0,0,0.0,1.0,0.9999999999999999,352,352,0,0,0,0.0,0.9999514371964824,2.0,0.020840056168945787
king,52,48,log_avgsz_mean_288_v,493.735,37,301,rel,0.000999,0.00428869960476417,0.00038203553666500077,1117,0.111566,0.9999541393758686,0.9999123393920933,rel,1.0,0.0,0.0,0,0.0,1.0,0.9999999999999999,rel,0.403359,0.009478672985781991,0.0005213764337851929,2269,0.177266,0.9999635540354532,0.9999464676566003,rel,0.002109,0.00048637564356600804,0.00015335633738243064,0,0.0,0.9999941874467787,0.9999918436657601,rel,0.9975,1.2206680337741756e-07,0.0,0,0.0,0.9999999999999999,0.9999999999999999,301,301,4,0,0,0.0,0.9999999999999999,0.0,0.0032238883213418293
king,53,49,log_avgsz_mean_288_r,369.514,56,248,abs_rank_units,0.003196,0.19299132749438286,0.14784030243754387,9942,0.993008,0.9999514869113229,0.9999036328648961,abs_rank_units,0.006992,0.18798828125,0.1478271484375,9942,0.993008,1.0,0.9999999999999999,abs_rank_units,0.593516,0.017578125,0.0,5203,0.406484,0.9999580700475215,0.9999319370682302,abs_rank_units,0.0025,0.00012177228927612305,3.0606985092163086e-05,0,0.0,0.9999999999999999,0.9999999999999999,abs_rank_units,1.0,0.0,0.0,0,0.0,0.9999999999999999,0.9999999999999999,248,248,0,0,0,0.0,0.9999999999999999,0.0,0.015374709215882187
king,54,50,log_avgsz_mean_864_v,419.508,52,249,rel,0.000899,0.0018785068579720088,0.00019798580052307656,32,0.003196,0.9999856671501184,0.9999764905375806,rel,1.0,0.0,0.0,0,0.0,1.0,0.9999999999999999,rel,0.698281,0.002779708130646282,0.0,140,0.010937,0.9999889841590368,0.9999859371989682,rel,0.000781,0.0004855517207532829,0.00015077515120717167,0,0.0,0.9999941640089954,0.9999923124224034,rel,0.984531,2.2446404439539656e-07,0.0,0,0.0,0.9999999999999999,0.9999999999999999,249,249,1,0,0,0.0,0.9999999999999999,0.0,0.001971692214064097
king,55,51,log_avgsz_mean_864_r,334.81,66,222,abs_rank_units,0.003196,0.19301029667258263,0.16536641120910645,9948,0.993608,0.9999874167658699,0.9999780850394389,abs_rank_units,0.006392,0.18798828125,0.16534423828125,9948,0.993608,0.9999999999999999,0.9999999999999999,abs_rank_units,0.802422,0.0125732421875,0.0,2529,0.197578,0.9999884452400141,0.9999810623816399,abs_rank_units,0.0025,0.00012177228927612305,3.0606985092163086e-05,0,0.0,0.9999999999999999,0.9999999999999999,abs_rank_units,1.0,0.0,0.0,0,0.0,0.9999999999999999,0.9999999999999999,222,222,0,0,0,0.0,0.9999999999999999,0.0,0.0029886582052973468
king,56,52,log_avgsz_mean_2016_v,350.965,62,226,rel,0.0001,0.0007502728797263662,0.00015836291247065237,0,0.0,0.9999895295945826,0.9999853807020492,rel,1.0,0.0,0.0,0,0.0,1.0,0.9999999999999999,rel,0.86375,0.0011926058437686344,0.0,3,0.000234,0.9999954061691596,0.9999912341967809,rel,7.8e-05,0.00048470846036585366,0.0001499284236204971,0,0.0,0.9999939765067118,0.9999916092873561,rel,0.93875,5.538115108061087e-07,0.0,0,0.0,0.9999999999999999,0.9999999999999999,226,226,0,0,0,0.0,0.9999999999999999,0.0,0.0009115882354131222
king,57,53,log_avgsz_mean_2016_r,362.527,57,234,abs_rank_units,0.003196,0.19544038362801075,0.1678176149725914,9948,0.993608,0.9999940732967249,0.9999902165354637,abs_rank_units,0.006392,0.1905364990234375,0.16552734375,9948,0.993608,0.9999999999999999,0.9999999999999999,abs_rank_units,0.896797,0.007568359375,0.0,1321,0.103203,0.9999954062212887,0.9999934374589841,abs_rank_units,0.0025,0.00012177228927612305,3.0606985092163086e-05,0,0.0,0.9999999999999999,0.9999999999999999,abs_rank_units,1.0,0.0,0.0,0,0.0,0.9999999999999999,0.9999999999999999,234,234,0,0,0,0.0,0.9999999999999999,0.0,0.0010433788588668867
king,58,54,log_avgsz_mean_8640_v,448.118,44,264,rel,0.0,0.0005095108695652174,0.00015124936391198486,0,0.0,0.999991635102806,0.9999881619378415,rel,1.0,0.0,0.0,0,0.0,1.0,0.9999999999999999,rel,0.967187,0.0009746588693957114,0.0,0,0.0,0.9999986171590924,0.9999970468132413,rel,0.000234,0.0004849628337378641,0.00015062206491658317,0,0.0,0.9999934843127447,0.9999916561630414,rel,0.306406,1.659942122560878e-06,7.250355578120001e-08,0,0.0,0.9999999999999999,0.9999999999999999,264,264,1,0,0,0.0,0.9999999999999999,0.0,0.0
king,59,55,log_avgsz_mean_8640_r,424.545,51,285,abs_rank_units,0.003196,0.1879982277750969,0.15793940424919128,9939,0.992709,0.9999985827173228,0.9999972606299298,abs_rank_units,0.007291,0.18798828125,0.157958984375,9939,0.992709,0.9999999999999999,0.9999999999999999,abs_rank_units,0.970859,0.0050048828125,0.0,373,0.029141,0.9999988749929687,0.9999979374871092,abs_rank_units,0.0025,0.00012177228927612305,3.0606985092163086e-05,0,0.0,0.9999999999999999,0.9999999999999999,abs_rank_units,1.0,0.0,0.0,0,0.0,0.9999999999999999,0.9999999999999999,285,285,0,0,0,0.0,0.9999999999999999,0.0,0.0
king,60,56,tbf_mean_48_v,620.531,20,434,rel,0.0002,0.05200981636075815,0.007378693875515797,9240,0.922893,0.9832013546613556,0.9772129960328895,rel,1.0,0.0,0.0,0,0.0,1.0,0.9999999999999999,rel,0.026562,0.05186170212765957,0.00787953097175823,11748,0.917813,0.9852565101963083,0.9773931154133041,rel,0.006172,0.0004880429477794046,0.00015821425826895519,0,0.0,0.9999865467004218,0.999980171550772,rel,0.999766,1.1695015970129059e-07,0.0,0,0.0,1.0,0.9999999999999999,434,434,73,1,0,0.0007909851767169823,0.9994042150263438,8.0,0.047284812245755856
king,61,57,tbf_mean_48_r,632.46,19,436,abs_rank_units,0.000799,0.2631857357919216,0.030064165592193604,9707,0.969537,0.9831454867268701,0.9773416873701124,abs_rank_units,0.051538,0.07763671875,0.015106201171875,9496,0.948462,1.0,0.9999999999999999,abs_rank_units,0.041406,0.26568603515625,0.02508544921875,12270,0.958594,0.9852336488589839,0.9774303880740244,abs_rank_units,0.0025,0.00012177228927612305,3.0606985092163086e-05,0,0.0,1.0,0.9999999999999999,abs_rank_units,1.0,0.0,0.0,0,0.0,1.0,0.9999999999999999,436,436,0,0,0,0.0,0.9994713404458777,7.5,0.027039576591983062
king,62,58,tbf_mean_288_v,507.751,32,332,rel,0.0,0.007934360449498567,0.0012408353187497308,5846,0.583899,0.9982132323856063,0.997501999918503,rel,1.0,0.0,0.0,0,0.0,1.0,0.9999999999999999,rel,0.138359,0.008022922636103151,0.0014634146341463415,7292,0.569688,0.9984085510212259,0.9977427094883019,rel,0.000391,0.0004861448711716091,0.00015313274359714756,0,0.0,0.999970632197621,0.9999611396270631,rel,0.946094,1.3391954381646594e-07,0.0,0,0.0,0.9999999999999999,0.9999999999999999,332,332,12,0,0,0.0,0.9998809367558545,4.0,0.01583209214468702
king,63,59,tbf_mean_288_r,553.132,26,387,abs_rank_units,0.0001,0.13282619416713715,0.01758486032485962,9651,0.963943,0.9982303859499262,0.9974959220070007,abs_rank_units,0.039053,0.050140380859375,0.017578125,9621,0.960947,0.9999999999999999,0.9999999999999999,abs_rank_units,0.123594,0.0902099609375,0.007568359375,11218,0.876406,0.9984101306137924,0.9977623610147563,abs_rank_units,0.0025,0.00012177228927612305,3.0606985092163086e-05,0,0.0,0.9999999999999999,0.9999999999999999,abs_rank_units,1.0,0.0,0.0,0,0.0,0.9999999999999999,0.9999999999999999,387,387,0,0,0,0.0,0.9998733429583935,3.0,0.0384825253331305
king,64,60,tbf_mean_864_v,453.712,43,320,rel,0.0,0.002479413656722576,0.00044135416043015275,1424,0.142229,0.9994656252685478,0.9991869398850233,rel,1.0,0.0,0.0,0,0.0,1.0,0.9999999999999999,rel,0.354687,0.002898550724637681,0.0004987531172069825,1713,0.133828,0.9995485519230438,0.9992951537850234,rel,0.000313,0.00048566572593707085,0.00014755758802467597,0,0.0,0.9999509438026508,0.9999390602623124,rel,0.823906,2.699831942211177e-07,0.0,0,0.0,0.9999999999999999,0.999999953124706,320,320,2,1,6,0.0055725817163018165,0.9999715935724598,2.0,0.017884939637107574
king,65,61,tbf_mean_864_r,490.593,38,341,abs_rank_units,0.0,0.07766853272914886,0.015125691890716553,9555,0.954355,0.9994880668484614,0.9991331850421001,abs_rank_units,0.035757,0.0501708984375,0.017333984375,9654,0.964243,0.9999999999999999,0.9999999999999999,abs_rank_units,0.230625,0.050140380859375,0.0048828125,9848,0.769375,0.9995650910318189,0.9993376052039838,abs_rank_units,0.0025,0.00012177228927612305,3.0606985092163086e-05,0,0.0,0.9999999999999999,0.9999999999999999,abs_rank_units,0.999687,0.0012531429529190063,0.0,4,0.000313,0.9999999999999999,0.999999953124706,341,341,0,0,0,0.0,0.9999725310783192,2.0,0.01983846828296859
king,66,62,tbf_mean_2016_v,513.957,30,337,rel,0.0001,0.0012856665766090298,0.00023062437300991296,30,0.002996,0.9997816178813606,0.9996863994173032,rel,1.0,0.0,0.0,0,0.0,1.0,0.9999999999999999,rel,0.604375,0.0010432968179447052,0.0,77,0.006016,0.9997718268172222,0.9997106405122357,rel,7.8e-05,0.00048744759908536585,0.0001451432008453729,0,0.0,0.9999306690382657,0.9999151521201419,rel,0.585703,4.7335009387124047e-07,0.0,0,0.0,0.9999999999999999,0.9999999999999999,337,337,1,0,0,0.0,0.9999937187107418,0.0,0.018299608347595545
king,67,63,tbf_mean_2016_r,473.429,39,319,abs_rank_units,0.000999,0.047665536403656006,0.007504872977733612,9014,0.90032,0.9998007825419571,0.9997162683473502,abs_rank_units,0.101378,0.027587890625,0.0074462890625,8997,0.898622,0.9999999999999999,0.9999999999999999,abs_rank_units,0.327422,0.0325927734375,0.00250244140625,8609,0.672578,0.9998285301783136,0.9997508109425682,abs_rank_units,0.0025,0.00012177228927612305,3.0606985092163086e-05,0,0.0,0.9999999999999999,0.9999999999999999,abs_rank_units,1.0,0.0,0.0,0,0.0,0.9999999999999999,0.9999999999999999,319,319,0,0,0,0.0,0.9999977499859374,0.0,0.016897502923874742
king,68,64,tbf_mean_8640_v,433.764,47,293,rel,0.0002,0.0006258714910432971,0.00013479527764495794,0,0.0,0.999827657877489,0.9997966789663464,rel,1.0,0.0,0.0,0,0.0,1.0,0.9999999999999999,rel,0.899766,0.000975609756097561,0.0,0,0.0,0.9998810024653392,0.9998359825804582,rel,0.0,0.0004866171951071081,0.00013599977693371824,0,0.0,0.9998695844246626,0.9998483938103148,rel,0.041563,2.6954329521600496e-06,4.7515568339968953e-07,0,0.0,0.9999998124988281,0.9999994374964843,293,293,11,0,0,0.0,0.9999996249976562,0.0,0.013913447068570128
king,69,65,tbf_mean_8640_r,472.86,40,323,abs_rank_units,0.002297,0.07771044969558716,0.04010617733001709,9781,0.976928,0.9999485856867472,0.9999249284251801,abs_rank_units,0.023771,0.07275390625,0.04010009765625,9774,0.976229,0.9999999999999999,0.9999999999999999,abs_rank_units,0.552734,0.0174560546875,0.0,5725,0.447266,0.99995507003065,0.9999270620441376,abs_rank_units,0.0025,0.00012177228927612305,3.0606985092163086e-05,0,0.0,0.9999999999999999,0.9999999999999999,abs_rank_units,0.994062,0.0025062859058380127,0.0,76,0.005938,0.9999998124988281,0.9999994374964843,323,323,0,0,0,0.0,0.9999984062400389,0.0,0.03204388251511272
king,70,66,vol_48_v,669.354,15,435,rel,0.0,0.5908629380441981,0.003786080743669426,7645,0.763584,0.9986520599114013,0.9916854947304486,rel,1.0,0.0,0.0,0,0.0,1.0,0.9999999999999999,rel,0.120469,0.5908476104598738,0.0038729666924864447,9734,0.760469,0.9983340936508849,0.9940596055100496,rel,0.000156,0.00048437783884447676,0.00017077661573336288,0,0.0,0.9999983124880281,0.9999963437204641,rel,0.504609,2.7463078865632037e-07,0.0,0,0.0,0.9999999999999999,0.9999999999999999,435,435,0,0,0,0.0,0.9999551872199199,2.0,0.02679263554376507
king,71,67,vol_48_r,1420.513,3,472,abs_rank_units,0.001998,0.4636417031288147,0.02255075052380562,9406,0.939473,0.9986641657522386,0.9916690307627509,abs_rank_units,0.076908,0.157958984375,0.020049095153808594,9242,0.923092,0.9999999999999999,0.9999999999999999,abs_rank_units,0.234063,0.46124267578125,0.0048828125,9804,0.765938,0.9983223332645829,0.9940453377833611,abs_rank_units,0.0025,0.00012177228927612305,3.0606985092163086e-05,0,0.0,0.9999999999999999,0.9999999999999999,abs_rank_units,1.0,0.0,0.0,0,0.0,0.9999999999999999,0.9999999999999999,472,472,0,0,0,0.0,0.9998567491046818,6.0,0.017935800728826792
king,72,68,vol_288_v,426.406,50,282,rel,0.0002,0.4798675728242432,0.0005445378255820422,3459,0.345485,0.9999244966225647,0.9984680032449494,rel,1.0,0.0,0.0,0,0.0,1.0,0.9999999999999999,rel,0.384609,0.47990605427974947,0.0006657789613848203,4315,0.337109,0.9999157413736146,0.9984982026768752,rel,0.000391,0.0004854280031309036,0.00017068019846096575,0,0.0,0.9999981484242133,0.9999970937276126,rel,0.244766,6.853087787197918e-07,9.747575826831213e-08,0,0.0,0.9999999999999999,0.9999999999999999,282,282,0,0,0,0.0,0.9999988749929687,0.0,0.007000200545727659
king,73,69,vol_288_r,1167.971,5,273,abs_rank_units,0.002297,0.24556171894073486,0.01508532464504242,9208,0.919696,0.9999229258034682,0.9984647787449927,abs_rank_units,0.081103,0.1552734375,0.015045166015625,9200,0.918897,0.9999999999999999,0.9999999999999999,abs_rank_units,0.605703,0.255706787109375,0.0,5047,0.394297,0.9999144760260673,0.9984962406015037,abs_rank_units,0.0025,0.00012177228927612305,3.0606985092163086e-05,0,0.0,0.9999999999999999,0.9999999999999999,abs_rank_units,0.999844,0.0012531578540802002,0.0,2,0.000156,0.9999999999999999,0.999999953124706,273,273,0,0,0,0.0,0.9999781561134757,2.0,0.00584008507895202
king,74,70,vol_864_v,360.974,59,245,rel,0.0,0.3479530426393072,0.0002726544498200831,1379,0.137735,0.9999826044269409,0.9977381544205922,rel,1.0,0.0,0.0,0,0.0,1.0,0.9999999999999999,rel,0.603672,0.3487903225806452,0.0,1700,0.132812,0.9999816482511129,0.9983578108564437,rel,7.8e-05,0.0004793002783155857,0.00016716502855424544,0,0.0,0.9999980546734493,0.9999965312223039,rel,0.088594,1.9321287748965938e-06,2.5351965572819494e-07,0,0.0,0.9999999999999999,0.9999998124988281,245,245,1,0,0,0.0,0.9999999999999999,0.0,0.0035195371601300547
king,75,71,vol_864_r,358.413,61,233,abs_rank_units,0.002897,0.3232556488364935,0.007563456892967224,8908,0.889732,0.9999827811024162,0.997717713393015,abs_rank_units,0.112665,0.13525390625,0.007568359375,8884,0.887335,0.9999999999999999,0.9999999999999999,abs_rank_units,0.777891,0.3232574462890625,0.0,2843,0.222109,0.9999789998687492,0.9983441771511071,abs_rank_units,0.0025,0.00012177228927612305,3.0606985092163086e-05,0,0.0,0.9999999999999999,0.9999999999999999,abs_rank_units,0.999687,0.002506256103515625,0.0,4,0.000313,0.9999999999999999,0.9999998124988281,233,233,0,0,0,0.0,0.9999999999999999,0.0,0.025200161045527043
king,76,72,vol_2016_v,498.911,36,304,rel,0.0,0.11212057457337517,0.00020170843857572835,443,0.044247,0.9999930872675684,0.9996583604862724,rel,1.0,0.0,0.0,0,0.0,1.0,0.9999999999999999,rel,0.772734,0.28458049886621317,0.0,617,0.048203,0.999993695240476,0.9981680130160144,rel,0.000156,0.00048494989644249514,0.0001677054307013257,0,0.0,0.9999977499834061,0.9999966249732106,rel,0.035312,2.959867161161807e-06,5.066674094605227e-07,0,0.0,0.9999999999999999,0.9999998124988281,304,304,0,0,0,0.0,0.9999999999999999,0.0,0.005221654109463816
king,77,73,vol_2016_r,430.868,49,225,abs_rank_units,0.003196,0.12280525267124176,0.015070632100105286,9491,0.947962,0.9999931213750628,0.9996587527569802,abs_rank_units,0.052737,0.085205078125,0.01513671875,9484,0.947263,0.9999999999999999,0.9999999999999999,abs_rank_units,0.875313,0.3458251953125,0.0,1596,0.124688,0.9999918436990229,0.998167551047194,abs_rank_units,0.0025,0.00012177228927612305,3.0606985092163086e-05,0,0.0,0.9999999999999999,0.9999999999999999,abs_rank_units,0.999687,0.002506271004676819,0.0,4,0.000313,0.9999999999999999,0.9999998124988281,225,225,0,0,0,0.0,0.9999999999999999,0.0,0.0025080589453519136
king,78,74,vol_8640_v,442.881,46,283,rel,0.0,0.05195795824079949,0.00017576148567719746,76,0.007591,0.9999968692865722,0.9999834659074849,rel,1.0,0.0,0.0,0,0.0,1.0,0.9999999999999999,rel,0.923672,0.0626830697129467,0.0,109,0.008516,0.9999988749874122,0.9999055928236339,rel,0.0,0.00048005378859296283,0.00017079353572963858,0,0.0,0.9999976093572008,0.9999971874784664,rel,0.012812,1.057875602865124e-05,1.4043250732603843e-06,0,0.0,0.9999999999999999,0.9999999999999999,283,283,0,0,0,0.0,0.9999999999999999,0.0,0.0002754444056434352
king,79,75,vol_8640_r,542.244,27,304,abs_rank_units,0.003196,0.08781781792640686,0.017601072788238525,9552,0.954055,0.999998814659345,0.9999839551181605,abs_rank_units,0.045745,0.087890625,0.017578125,9554,0.954255,0.9999999999999999,0.9999999999999999,abs_rank_units,0.965078,0.07769775390625,0.0,447,0.034922,0.9999986874917968,0.9999053119081993,abs_rank_units,0.0025,0.00012177228927612305,3.0606985092163086e-05,0,0.0,0.9999999999999999,0.9999999999999999,abs_rank_units,1.0,0.0,0.0,0,0.0,0.9999999999999999,0.9999999999999999,304,304,0,0,0,0.0,0.9999999999999999,0.0,0.015216491230242372
king,80,76,fund_ema,986.115,7,494,rel,0.0,0.8690153919277528,0.49984254295152397,6370,0.636237,0.8462193828996579,0.8336712611038514,,,,,,,,,,,,,,,,,,,,,,,,,,,,,,,,,494,494,0,0,0,0.0,,,
king,81,77,fund_now,804.006,10,484,rel,0.001099,1.0,0.00016593705769517284,280,0.027966,0.9999999999999998,0.9999997765539639,,,,,,,,,,,,,,,,,,,,,,,,,,,,,,,,,484,484,1,0,0,0.0,,,
