model,col_idx,name,total_FS_vs_T171:kind,total_FS_vs_T171:bitwise_equal_share,total_FS_vs_T171:max,total_FS_vs_T171:median,total_FS_vs_T171:n_gt_1e-3,total_FS_vs_T171:share_gt_1e-3,total_FS_vs_T171:spearman_median,total_FS_vs_T171:spearman_min,history_members_FS_vs_FH:kind,history_members_FS_vs_FH:bitwise_equal_share,history_members_FS_vs_FH:max,history_members_FS_vs_FH:median,history_members_FS_vs_FH:n_gt_1e-3,history_members_FS_vs_FH:share_gt_1e-3,history_members_FS_vs_FH:spearman_median,history_members_FS_vs_FH:spearman_min,universe_btcv_FH_vs_FD:kind,universe_btcv_FH_vs_FD:bitwise_equal_share,universe_btcv_FH_vs_FD:max,universe_btcv_FH_vs_FD:median,universe_btcv_FH_vs_FD:n_gt_1e-3,universe_btcv_FH_vs_FD:share_gt_1e-3,universe_btcv_FH_vs_FD:spearman_median,universe_btcv_FH_vs_FD:spearman_min,code_identity_FD_vs_T171:kind,code_identity_FD_vs_T171:bitwise_equal_share,code_identity_FD_vs_T171:max,code_identity_FD_vs_T171:median,code_identity_FD_vs_T171:n_gt_1e-3,code_identity_FD_vs_T171:share_gt_1e-3,code_identity_FD_vs_T171:spearman_median,code_identity_FD_vs_T171:spearman_min,phase1_truncation_FT_vs_FS:kind,phase1_truncation_FT_vs_FS:bitwise_equal_share,phase1_truncation_FT_vs_FS:max,phase1_truncation_FT_vs_FS:median,phase1_truncation_FT_vs_FS:n_gt_1e-3,phase1_truncation_FT_vs_FS:share_gt_1e-3,phase1_truncation_FT_vs_FS:spearman_median,phase1_truncation_FT_vs_FS:spearman_min
f10,0,ret5_sum_48_v,rel,1.0,0.0,0.0,0,0.0,1.0,0.9999999999999999,rel,1.0,0.0,0.0,0,0.0,1.0,0.9999999999999999,rel,1.0,0.0,0.0,0,0.0,1.0,0.9999999999999999,rel,1.0,0.0,0.0,0,0.0,1.0,0.9999999999999999,rel,1.0,0.0,0.0,0,0.0,1.0,1.0
f10,1,ret5_sum_48_r,abs,0.092875,0.1253662109375,0.02001953125,4825,0.907125,0.9999999999999999,0.9999999999999999,abs,1.0,0.0,0.0,0,0.0,0.9999999999999999,0.9999999999999999,abs,0.092875,0.1253662109375,0.02001953125,4825,0.907125,0.9999999999999999,0.9999999999999999,abs,1.0,0.0,0.0,0,0.0,0.9999999999999999,0.9999999999999999,abs,1.0,0.0,0.0,0,0.0,0.9999999999999999,0.9999999999999999
f10,2,ret5_sum_288_v,rel,1.0,0.0,0.0,0,0.0,1.0,0.9999999999999999,rel,1.0,0.0,0.0,0,0.0,1.0,0.9999999999999999,rel,1.0,0.0,0.0,0,0.0,1.0,0.9999999999999999,rel,1.0,0.0,0.0,0,0.0,1.0,0.9999999999999999,rel,1.0,0.0,0.0,0,0.0,1.0,0.9999999999999999
f10,3,ret5_sum_288_r,abs,0.075954,0.140380859375,0.022705078125,4915,0.924046,0.9999999999999999,0.9999999999999999,abs,1.0,0.0,0.0,0,0.0,0.9999999999999999,0.9999999999999999,abs,0.075954,0.140380859375,0.022705078125,4915,0.924046,0.9999999999999999,0.9999999999999999,abs,1.0,0.0,0.0,0,0.0,0.9999999999999999,0.9999999999999999,abs,1.0,0.0,0.0,0,0.0,0.9999999999999999,0.9999999999999999
f10,4,ret5_sum_864_v,rel,1.0,0.0,0.0,0,0.0,1.0,0.9999999999999999,rel,1.0,0.0,0.0,0,0.0,1.0,0.9999999999999999,rel,1.0,0.0,0.0,0,0.0,1.0,0.9999999999999999,rel,1.0,0.0,0.0,0,0.0,1.0,0.9999999999999999,rel,1.0,0.0,0.0,0,0.0,1.0,1.0
f10,5,ret5_sum_864_r,abs,0.090055,0.11029815673828125,0.015045166015625,4840,0.909945,0.9999999999999999,0.9999999999999999,abs,1.0,0.0,0.0,0,0.0,0.9999999999999999,0.9999999999999999,abs,0.090055,0.11029815673828125,0.015045166015625,4840,0.909945,0.9999999999999999,0.9999999999999999,abs,1.0,0.0,0.0,0,0.0,0.9999999999999999,0.9999999999999999,abs,1.0,0.0,0.0,0,0.0,0.9999999999999999,0.9999999999999999
f10,6,ret5_sum_2016_v,rel,1.0,0.0,0.0,0,0.0,1.0,0.9999999999999999,rel,1.0,0.0,0.0,0,0.0,1.0,0.9999999999999999,rel,1.0,0.0,0.0,0,0.0,1.0,0.9999999999999999,rel,1.0,0.0,0.0,0,0.0,1.0,0.9999999999999999,rel,1.0,0.0,0.0,0,0.0,1.0,0.9999999999999999
f10,7,ret5_sum_2016_r,abs,0.084414,0.087738037109375,0.017578125,4870,0.915586,0.9999999999999999,0.9999999999999999,abs,1.0,0.0,0.0,0,0.0,0.9999999999999999,0.9999999999999999,abs,0.084414,0.087738037109375,0.017578125,4870,0.915586,0.9999999999999999,0.9999999999999999,abs,1.0,0.0,0.0,0,0.0,0.9999999999999999,0.9999999999999999,abs,1.0,0.0,0.0,0,0.0,0.9999999999999999,0.9999999999999999
f10,8,ret5_sum_8640_v,rel,1.0,0.0,0.0,0,0.0,1.0,0.9999999999999999,rel,1.0,0.0,0.0,0,0.0,1.0,0.9999999999999999,rel,1.0,0.0,0.0,0,0.0,1.0,0.9999999999999999,rel,1.0,0.0,0.0,0,0.0,1.0,0.9999999999999999,rel,1.0,0.0,0.0,0,0.0,1.0,0.9999999999999999
f10,9,ret5_sum_8640_r,abs,0.068434,0.0601348876953125,0.014892578125,4955,0.931566,0.9999999999999999,0.9999999999999999,abs,1.0,0.0,0.0,0,0.0,0.9999999999999999,0.9999999999999999,abs,0.068434,0.0601348876953125,0.014892578125,4955,0.931566,0.9999999999999999,0.9999999999999999,abs,1.0,0.0,0.0,0,0.0,0.9999999999999999,0.9999999999999999,abs,1.0,0.0,0.0,0,0.0,0.9999999999999999,0.9999999999999999
f10,10,range_mean_48_v,rel,1.0,0.0,0.0,0,0.0,1.0,0.9999999999999999,rel,1.0,0.0,0.0,0,0.0,1.0,0.9999999999999999,rel,1.0,0.0,0.0,0,0.0,1.0,0.9999999999999999,rel,1.0,0.0,0.0,0,0.0,1.0,0.9999999999999999,rel,1.0,0.0,0.0,0,0.0,1.0,0.9999999999999999
f10,11,range_mean_48_r,abs,0.066178,0.155517578125,0.02001953125,4967,0.933822,1.0,0.9999999999999999,abs,1.0,0.0,0.0,0,0.0,0.9999999999999999,0.9999999999999999,abs,0.066178,0.155517578125,0.02001953125,4967,0.933822,1.0,0.9999999999999999,abs,1.0,0.0,0.0,0,0.0,0.9999999999999999,0.9999999999999999,abs,1.0,0.0,0.0,0,0.0,1.0,0.9999999999999999
f10,12,range_mean_288_v,rel,1.0,0.0,0.0,0,0.0,1.0,0.9999999999999999,rel,1.0,0.0,0.0,0,0.0,0.9999999999999999,0.9999999999999999,rel,1.0,0.0,0.0,0,0.0,1.0,0.9999999999999999,rel,1.0,0.0,0.0,0,0.0,1.0,0.9999999999999999,rel,1.0,0.0,0.0,0,0.0,0.9999999999999999,0.9999999999999999
f10,13,range_mean_288_r,abs,0.117127,0.153076171875,0.010009765625,4696,0.882873,0.9999999999999999,0.9999999999999999,abs,1.0,0.0,0.0,0,0.0,0.9999999999999999,0.9999999999999999,abs,0.117127,0.153076171875,0.010009765625,4696,0.882873,0.9999999999999999,0.9999999999999999,abs,1.0,0.0,0.0,0,0.0,0.9999999999999999,0.9999999999999999,abs,1.0,0.0,0.0,0,0.0,0.9999999999999999,0.9999999999999999
f10,14,range_mean_864_v,rel,1.0,0.0,0.0,0,0.0,1.0,0.9999999999999999,rel,1.0,0.0,0.0,0,0.0,1.0,0.9999999999999999,rel,1.0,0.0,0.0,0,0.0,1.0,0.9999999999999999,rel,1.0,0.0,0.0,0,0.0,1.0,0.9999999999999999,rel,1.0,0.0,0.0,0,0.0,1.0,0.9999999999999999
f10,15,range_mean_864_r,abs,0.106599,0.140380859375,0.007568359375,4752,0.893401,0.9999999999999999,0.9999999999999999,abs,1.0,0.0,0.0,0,0.0,0.9999999999999999,0.9999999999999999,abs,0.106599,0.140380859375,0.007568359375,4752,0.893401,0.9999999999999999,0.9999999999999999,abs,1.0,0.0,0.0,0,0.0,0.9999999999999999,0.9999999999999999,abs,1.0,0.0,0.0,0,0.0,0.9999999999999999,0.9999999999999999
f10,16,range_mean_2016_v,rel,1.0,0.0,0.0,0,0.0,1.0,0.9999999999999999,rel,1.0,0.0,0.0,0,0.0,1.0,0.9999999999999999,rel,1.0,0.0,0.0,0,0.0,1.0,0.9999999999999999,rel,1.0,0.0,0.0,0,0.0,1.0,0.9999999999999999,rel,1.0,0.0,0.0,0,0.0,1.0,0.9999999999999999
f10,17,range_mean_2016_r,abs,0.054898,0.1103515625,0.0150146484375,5027,0.945102,0.9999999999999999,0.9999999999999999,abs,1.0,0.0,0.0,0,0.0,0.9999999999999999,0.9999999999999999,abs,0.054898,0.1103515625,0.0150146484375,5027,0.945102,0.9999999999999999,0.9999999999999999,abs,1.0,0.0,0.0,0,0.0,0.9999999999999999,0.9999999999999999,abs,1.0,0.0,0.0,0,0.0,0.9999999999999999,0.9999999999999999
f10,18,range_mean_8640_v,rel,1.0,0.0,0.0,0,0.0,1.0,0.9999999999999999,rel,1.0,0.0,0.0,0,0.0,1.0,0.9999999999999999,rel,1.0,0.0,0.0,0,0.0,1.0,0.9999999999999999,rel,1.0,0.0,0.0,0,0.0,1.0,0.9999999999999999,rel,1.0,0.0,0.0,0,0.0,1.0,0.9999999999999999
f10,19,range_mean_8640_r,abs,0.066554,0.10791015625,0.01751708984375,4965,0.933446,0.9999999999999999,0.9999999999999999,abs,1.0,0.0,0.0,0,0.0,0.9999999999999999,0.9999999999999999,abs,0.066554,0.10791015625,0.01751708984375,4965,0.933446,0.9999999999999999,0.9999999999999999,abs,1.0,0.0,0.0,0,0.0,0.9999999999999999,0.9999999999999999,abs,1.0,0.0,0.0,0,0.0,0.9999999999999999,0.9999999999999999
f10,20,cpos_mean_48_v,rel,1.0,0.0,0.0,0,0.0,1.0,0.9999999999999999,rel,1.0,0.0,0.0,0,0.0,1.0,0.9999999999999999,rel,1.0,0.0,0.0,0,0.0,1.0,0.9999999999999999,rel,1.0,0.0,0.0,0,0.0,1.0,0.9999999999999999,rel,1.0,0.0,0.0,0,0.0,1.0,1.0
f10,21,cpos_mean_48_r,abs,0.059974,0.07772254943847656,0.01751708984375,5000,0.940026,0.9999999999999999,0.9999999999999999,abs,1.0,0.0,0.0,0,0.0,0.9999999999999999,0.9999999999999999,abs,0.059974,0.07772254943847656,0.01751708984375,5000,0.940026,0.9999999999999999,0.9999999999999999,abs,1.0,0.0,0.0,0,0.0,0.9999999999999999,0.9999999999999999,abs,1.0,0.0,0.0,0,0.0,1.0,0.9999999999999999
f10,22,cpos_mean_288_v,rel,1.0,0.0,0.0,0,0.0,1.0,0.9999999999999999,rel,1.0,0.0,0.0,0,0.0,1.0,0.9999999999999999,rel,1.0,0.0,0.0,0,0.0,1.0,0.9999999999999999,rel,1.0,0.0,0.0,0,0.0,1.0,0.9999999999999999,rel,1.0,0.0,0.0,0,0.0,1.0,0.9999999999999999
f10,23,cpos_mean_288_r,abs,0.06505,0.07275390625,0.0150146484375,4973,0.93495,0.9999999999999999,0.9999999999999999,abs,1.0,0.0,0.0,0,0.0,0.9999999999999999,0.9999999999999999,abs,0.06505,0.07275390625,0.0150146484375,4973,0.93495,0.9999999999999999,0.9999999999999999,abs,1.0,0.0,0.0,0,0.0,0.9999999999999999,0.9999999999999999,abs,1.0,0.0,0.0,0,0.0,0.9999999999999999,0.9999999999999999
f10,24,cpos_mean_864_v,rel,1.0,0.0,0.0,0,0.0,1.0,0.9999999999999999,rel,1.0,0.0,0.0,0,0.0,1.0,0.9999999999999999,rel,1.0,0.0,0.0,0,0.0,1.0,0.9999999999999999,rel,1.0,0.0,0.0,0,0.0,1.0,0.9999999999999999,rel,1.0,0.0,0.0,0,0.0,1.0,0.9999999999999999
f10,25,cpos_mean_864_r,abs,0.061666,0.0777587890625,0.0150146484375,4991,0.938334,0.9999999999999999,0.9999999999999999,abs,1.0,0.0,0.0,0,0.0,0.9999999999999999,0.9999999999999999,abs,0.061666,0.0777587890625,0.0150146484375,4991,0.938334,0.9999999999999999,0.9999999999999999,abs,1.0,0.0,0.0,0,0.0,0.9999999999999999,0.9999999999999999,abs,1.0,0.0,0.0,0,0.0,0.9999999999999999,0.9999999999999999
f10,26,cpos_mean_2016_v,rel,1.0,0.0,0.0,0,0.0,1.0,0.9999999999999999,rel,1.0,0.0,0.0,0,0.0,1.0,0.9999999999999999,rel,1.0,0.0,0.0,0,0.0,1.0,0.9999999999999999,rel,1.0,0.0,0.0,0,0.0,1.0,0.9999999999999999,rel,1.0,0.0,0.0,0,0.0,1.0,0.9999999999999999
f10,27,cpos_mean_2016_r,abs,0.042489,0.05517578125,0.0150146484375,5093,0.957511,0.9999999999999999,0.9999999999999999,abs,1.0,0.0,0.0,0,0.0,0.9999999999999999,0.9999999999999999,abs,0.042489,0.05517578125,0.0150146484375,5093,0.957511,0.9999999999999999,0.9999999999999999,abs,1.0,0.0,0.0,0,0.0,0.9999999999999999,0.9999999999999999,abs,1.0,0.0,0.0,0,0.0,0.9999999999999999,0.9999999999999999
f10,28,cpos_mean_8640_v,rel,1.0,0.0,0.0,0,0.0,1.0,0.9999999999999999,rel,1.0,0.0,0.0,0,0.0,1.0,0.9999999999999999,rel,1.0,0.0,0.0,0,0.0,1.0,0.9999999999999999,rel,1.0,0.0,0.0,0,0.0,1.0,0.9999999999999999,rel,1.0,0.0,0.0,0,0.0,1.0,0.9999999999999999
f10,29,cpos_mean_8640_r,abs,0.039857,0.065155029296875,0.017333984375,5107,0.960143,0.9999999999999999,0.9999999999999999,abs,1.0,0.0,0.0,0,0.0,0.9999999999999999,0.9999999999999999,abs,0.039857,0.065155029296875,0.017333984375,5107,0.960143,0.9999999999999999,0.9999999999999999,abs,1.0,0.0,0.0,0,0.0,0.9999999999999999,0.9999999999999999,abs,1.0,0.0,0.0,0,0.0,0.9999999999999999,0.9999999999999999
f10,30,log_qv_mean_48_v,rel,1.0,0.0,0.0,0,0.0,1.0,0.9999999999999999,rel,1.0,0.0,0.0,0,0.0,1.0,0.9999999999999999,rel,1.0,0.0,0.0,0,0.0,1.0,0.9999999999999999,rel,1.0,0.0,0.0,0,0.0,1.0,0.9999999999999999,rel,1.0,0.0,0.0,0,0.0,1.0,0.9999999999999999
f10,31,log_qv_mean_48_r,abs,0.022185,0.18310546875,0.09521484375,5201,0.977815,1.0,0.9999999999999999,abs,1.0,0.0,0.0,0,0.0,1.0,0.9999999999999999,abs,0.022185,0.18310546875,0.09521484375,5201,0.977815,1.0,0.9999999999999999,abs,1.0,0.0,0.0,0,0.0,1.0,0.9999999999999999,abs,1.0,0.0,0.0,0,0.0,1.0,0.9999999999999999
f10,32,log_qv_mean_288_v,rel,1.0,0.0,0.0,0,0.0,1.0,0.9999999999999999,rel,1.0,0.0,0.0,0,0.0,1.0,0.9999999999999999,rel,1.0,0.0,0.0,0,0.0,1.0,0.9999999999999999,rel,1.0,0.0,0.0,0,0.0,1.0,1.0,rel,1.0,0.0,0.0,0,0.0,1.0,0.9999999999999999
f10,33,log_qv_mean_288_r,abs,0.022185,0.1881103515625,0.097747802734375,5201,0.977815,0.9999999999999999,0.9999999999999999,abs,1.0,0.0,0.0,0,0.0,0.9999999999999999,0.9999999999999999,abs,0.022185,0.1881103515625,0.097747802734375,5201,0.977815,0.9999999999999999,0.9999999999999999,abs,1.0,0.0,0.0,0,0.0,0.9999999999999999,0.9999999999999999,abs,1.0,0.0,0.0,0,0.0,0.9999999999999999,0.9999999999999999
f10,34,log_qv_mean_864_v,rel,1.0,0.0,0.0,0,0.0,1.0,0.9999999999999999,rel,1.0,0.0,0.0,0,0.0,1.0,0.9999999999999999,rel,1.0,0.0,0.0,0,0.0,1.0,0.9999999999999999,rel,1.0,0.0,0.0,0,0.0,1.0,0.9999999999999999,rel,1.0,0.0,0.0,0,0.0,1.0,0.9999999999999999
f10,35,log_qv_mean_864_r,abs,0.018801,0.2005615234375,0.11029052734375,5219,0.981199,0.9999999999999999,0.9999999999999999,abs,1.0,0.0,0.0,0,0.0,0.9999999999999999,0.9999999999999999,abs,0.018801,0.2005615234375,0.11029052734375,5219,0.981199,0.9999999999999999,0.9999999999999999,abs,1.0,0.0,0.0,0,0.0,0.9999999999999999,0.9999999999999999,abs,1.0,0.0,0.0,0,0.0,0.9999999999999999,0.9999999999999999
f10,36,log_qv_mean_2016_v,rel,1.0,0.0,0.0,0,0.0,1.0,0.9999999999999999,rel,1.0,0.0,0.0,0,0.0,1.0,0.9999999999999999,rel,1.0,0.0,0.0,0,0.0,1.0,0.9999999999999999,rel,1.0,0.0,0.0,0,0.0,1.0,0.9999999999999999,rel,1.0,0.0,0.0,0,0.0,1.0,1.0
f10,37,log_qv_mean_2016_r,abs,0.015604,0.220703125,0.13031005859375,5236,0.984396,0.9999999999999999,0.9999999999999999,abs,1.0,0.0,0.0,0,0.0,0.9999999999999999,0.9999999999999999,abs,0.015604,0.220703125,0.13031005859375,5236,0.984396,0.9999999999999999,0.9999999999999999,abs,1.0,0.0,0.0,0,0.0,0.9999999999999999,0.9999999999999999,abs,1.0,0.0,0.0,0,0.0,0.9999999999999999,0.9999999999999999
f10,38,log_qv_mean_8640_v,rel,1.0,0.0,0.0,0,0.0,1.0,0.9999999999999999,rel,1.0,0.0,0.0,0,0.0,1.0,0.9999999999999999,rel,1.0,0.0,0.0,0,0.0,1.0,0.9999999999999999,rel,1.0,0.0,0.0,0,0.0,1.0,0.9999999999999999,rel,1.0,0.0,0.0,0,0.0,1.0,0.9999999999999999
f10,39,log_qv_mean_8640_r,abs,0.009588,0.1805419921875,0.11529541015625,5268,0.990412,0.9999999999999999,0.9999999999999999,abs,1.0,0.0,0.0,0,0.0,0.9999999999999999,0.9999999999999999,abs,0.009588,0.1805419921875,0.11529541015625,5268,0.990412,0.9999999999999999,0.9999999999999999,abs,1.0,0.0,0.0,0,0.0,0.9999999999999999,0.9999999999999999,abs,1.0,0.0,0.0,0,0.0,0.9999999999999999,0.9999999999999999
f10,40,log_cnt_mean_48_v,rel,1.0,0.0,0.0,0,0.0,1.0,0.9999999999999999,rel,1.0,0.0,0.0,0,0.0,1.0,0.9999999999999999,rel,1.0,0.0,0.0,0,0.0,1.0,0.9999999999999999,rel,1.0,0.0,0.0,0,0.0,1.0,0.9999999999999999,rel,1.0,0.0,0.0,0,0.0,1.0,0.9999999999999999
f10,41,log_cnt_mean_48_r,abs,0.044745,0.157928466796875,0.042724609375,5081,0.955255,1.0,0.9999999999999999,abs,1.0,0.0,0.0,0,0.0,1.0,0.9999999999999999,abs,0.044745,0.157928466796875,0.042724609375,5081,0.955255,1.0,0.9999999999999999,abs,1.0,0.0,0.0,0,0.0,1.0,0.9999999999999999,abs,1.0,0.0,0.0,0,0.0,1.0,0.9999999999999999
f10,42,log_cnt_mean_288_v,rel,1.0,0.0,0.0,0,0.0,1.0,0.9999999999999999,rel,1.0,0.0,0.0,0,0.0,1.0,0.9999999999999999,rel,1.0,0.0,0.0,0,0.0,1.0,0.9999999999999999,rel,1.0,0.0,0.0,0,0.0,1.0,0.9999999999999999,rel,1.0,0.0,0.0,0,0.0,1.0,0.9999999999999999
f10,43,log_cnt_mean_288_r,abs,0.048505,0.15283203125,0.05029296875,5061,0.951495,0.9999999999999999,0.9999999999999999,abs,1.0,0.0,0.0,0,0.0,0.9999999999999999,0.9999999999999999,abs,0.048505,0.15283203125,0.05029296875,5061,0.951495,0.9999999999999999,0.9999999999999999,abs,1.0,0.0,0.0,0,0.0,0.9999999999999999,0.9999999999999999,abs,1.0,0.0,0.0,0,0.0,0.9999999999999999,0.9999999999999999
f10,44,log_cnt_mean_864_v,rel,1.0,0.0,0.0,0,0.0,1.0,0.9999999999999999,rel,1.0,0.0,0.0,0,0.0,1.0,0.9999999999999999,rel,1.0,0.0,0.0,0,0.0,1.0,0.9999999999999999,rel,1.0,0.0,0.0,0,0.0,1.0,0.9999999999999999,rel,1.0,0.0,0.0,0,0.0,1.0,0.9999999999999999
f10,45,log_cnt_mean_864_r,abs,0.064486,0.147705078125,0.0576324462890625,4976,0.935514,0.9999999999999999,0.9999999999999999,abs,1.0,0.0,0.0,0,0.0,0.9999999999999999,0.9999999999999999,abs,0.064486,0.147705078125,0.0576324462890625,4976,0.935514,0.9999999999999999,0.9999999999999999,abs,1.0,0.0,0.0,0,0.0,0.9999999999999999,0.9999999999999999,abs,1.0,0.0,0.0,0,0.0,0.9999999999999999,0.9999999999999999
f10,46,log_cnt_mean_2016_v,rel,1.0,0.0,0.0,0,0.0,1.0,0.9999999999999999,rel,1.0,0.0,0.0,0,0.0,1.0,0.9999999999999999,rel,1.0,0.0,0.0,0,0.0,1.0,0.9999999999999999,rel,1.0,0.0,0.0,0,0.0,1.0,0.9999999999999999,rel,1.0,0.0,0.0,0,0.0,1.0,0.9999999999999999
f10,47,log_cnt_mean_2016_r,abs,0.051889,0.14794921875,0.067657470703125,5043,0.948111,0.9999999999999999,0.9999999999999999,abs,1.0,0.0,0.0,0,0.0,0.9999999999999999,0.9999999999999999,abs,0.051889,0.14794921875,0.067657470703125,5043,0.948111,0.9999999999999999,0.9999999999999999,abs,1.0,0.0,0.0,0,0.0,0.9999999999999999,0.9999999999999999,abs,1.0,0.0,0.0,0,0.0,0.9999999999999999,0.9999999999999999
f10,48,log_cnt_mean_8640_v,rel,1.0,0.0,0.0,0,0.0,1.0,0.9999999999999999,rel,1.0,0.0,0.0,0,0.0,1.0,0.9999999999999999,rel,1.0,0.0,0.0,0,0.0,1.0,0.9999999999999999,rel,1.0,0.0,0.0,0,0.0,1.0,0.9999999999999999,rel,1.0,0.0,0.0,0,0.0,1.0,1.0
f10,49,log_cnt_mean_8640_r,abs,0.014852,0.0927276611328125,0.0526123046875,5240,0.985148,0.9999999999999999,0.9999999999999999,abs,1.0,0.0,0.0,0,0.0,0.9999999999999999,0.9999999999999999,abs,0.014852,0.0927276611328125,0.0526123046875,5240,0.985148,0.9999999999999999,0.9999999999999999,abs,1.0,0.0,0.0,0,0.0,0.9999999999999999,0.9999999999999999,abs,1.0,0.0,0.0,0,0.0,0.9999999999999999,0.9999999999999999
f10,50,log_avgsz_mean_48_v,rel,1.0,0.0,0.0,0,0.0,1.0,0.9999999999999999,rel,1.0,0.0,0.0,0,0.0,1.0,0.9999999999999999,rel,1.0,0.0,0.0,0,0.0,1.0,0.9999999999999999,rel,1.0,0.0,0.0,0,0.0,1.0,0.9999999999999999,rel,1.0,0.0,0.0,0,0.0,1.0,0.9999999999999999
f10,51,log_avgsz_mean_48_r,abs,0.006768,0.1829833984375,0.137847900390625,5283,0.993232,1.0,0.9999999999999999,abs,1.0,0.0,0.0,0,0.0,1.0,0.9999999999999999,abs,0.006768,0.1829833984375,0.137847900390625,5283,0.993232,1.0,0.9999999999999999,abs,1.0,0.0,0.0,0,0.0,1.0,0.9999999999999999,abs,1.0,0.0,0.0,0,0.0,1.0,0.9999999999999999
f10,52,log_avgsz_mean_288_v,rel,1.0,0.0,0.0,0,0.0,1.0,0.9999999999999999,rel,1.0,0.0,0.0,0,0.0,1.0,1.0,rel,1.0,0.0,0.0,0,0.0,1.0,0.9999999999999999,rel,1.0,0.0,0.0,0,0.0,1.0,0.9999999999999999,rel,1.0,0.0,0.0,0,0.0,1.0,1.0
f10,53,log_avgsz_mean_288_r,abs,0.006768,0.183013916015625,0.1478271484375,5283,0.993232,0.9999999999999999,0.9999999999999999,abs,1.0,0.0,0.0,0,0.0,0.9999999999999999,0.9999999999999999,abs,0.006768,0.183013916015625,0.1478271484375,5283,0.993232,0.9999999999999999,0.9999999999999999,abs,1.0,0.0,0.0,0,0.0,0.9999999999999999,0.9999999999999999,abs,1.0,0.0,0.0,0,0.0,0.9999999999999999,0.9999999999999999
f10,54,log_avgsz_mean_864_v,rel,1.0,0.0,0.0,0,0.0,1.0,0.9999999999999999,rel,1.0,0.0,0.0,0,0.0,1.0,0.9999999999999999,rel,1.0,0.0,0.0,0,0.0,1.0,0.9999999999999999,rel,1.0,0.0,0.0,0,0.0,1.0,0.9999999999999999,rel,1.0,0.0,0.0,0,0.0,1.0,0.9999999999999999
f10,55,log_avgsz_mean_864_r,abs,0.006392,0.18552207946777344,0.16534423828125,5285,0.993608,0.9999999999999999,0.9999999999999999,abs,1.0,0.0,0.0,0,0.0,0.9999999999999999,0.9999999999999999,abs,0.006392,0.18552207946777344,0.16534423828125,5285,0.993608,0.9999999999999999,0.9999999999999999,abs,1.0,0.0,0.0,0,0.0,0.9999999999999999,0.9999999999999999,abs,1.0,0.0,0.0,0,0.0,0.9999999999999999,0.9999999999999999
f10,56,log_avgsz_mean_2016_v,rel,1.0,0.0,0.0,0,0.0,1.0,0.9999999999999999,rel,1.0,0.0,0.0,0,0.0,1.0,0.9999999999999999,rel,1.0,0.0,0.0,0,0.0,1.0,0.9999999999999999,rel,1.0,0.0,0.0,0,0.0,1.0,0.9999999999999999,rel,1.0,0.0,0.0,0,0.0,1.0,0.9999999999999999
f10,57,log_avgsz_mean_2016_r,abs,0.006392,0.1905364990234375,0.16552734375,5285,0.993608,0.9999999999999999,0.9999999999999999,abs,1.0,0.0,0.0,0,0.0,0.9999999999999999,0.9999999999999999,abs,0.006392,0.1905364990234375,0.16552734375,5285,0.993608,0.9999999999999999,0.9999999999999999,abs,1.0,0.0,0.0,0,0.0,0.9999999999999999,0.9999999999999999,abs,1.0,0.0,0.0,0,0.0,0.9999999999999999,0.9999999999999999
f10,58,log_avgsz_mean_8640_v,rel,1.0,0.0,0.0,0,0.0,1.0,0.9999999999999999,rel,1.0,0.0,0.0,0,0.0,1.0,0.9999999999999999,rel,1.0,0.0,0.0,0,0.0,1.0,0.9999999999999999,rel,1.0,0.0,0.0,0,0.0,1.0,0.9999999999999999,rel,1.0,0.0,0.0,0,0.0,1.0,0.9999999999999999
f10,59,log_avgsz_mean_8640_r,abs,0.007708,0.18798828125,0.157958984375,5278,0.992292,0.9999999999999999,0.9999999999999999,abs,1.0,0.0,0.0,0,0.0,0.9999999999999999,0.9999999999999999,abs,0.007708,0.18798828125,0.157958984375,5278,0.992292,0.9999999999999999,0.9999999999999999,abs,1.0,0.0,0.0,0,0.0,0.9999999999999999,0.9999999999999999,abs,1.0,0.0,0.0,0,0.0,0.9999999999999999,0.9999999999999999
f10,60,tbf_mean_48_v,rel,1.0,0.0,0.0,0,0.0,1.0,0.9999999999999999,rel,1.0,0.0,0.0,0,0.0,1.0,0.9999999999999999,rel,1.0,0.0,0.0,0,0.0,1.0,0.9999999999999999,rel,1.0,0.0,0.0,0,0.0,1.0,0.9999999999999999,rel,1.0,0.0,0.0,0,0.0,1.0,0.9999999999999999
f10,61,tbf_mean_48_r,abs,0.054334,0.05517578125,0.0150146484375,5030,0.945666,1.0,0.9999999999999999,abs,1.0,0.0,0.0,0,0.0,0.9999999999999999,0.9999999999999999,abs,0.054334,0.05517578125,0.0150146484375,5030,0.945666,1.0,0.9999999999999999,abs,1.0,0.0,0.0,0,0.0,1.0,0.9999999999999999,abs,1.0,0.0,0.0,0,0.0,1.0,0.9999999999999999
f10,62,tbf_mean_288_v,rel,1.0,0.0,0.0,0,0.0,1.0,0.9999999999999999,rel,1.0,0.0,0.0,0,0.0,1.0,0.9999999999999999,rel,1.0,0.0,0.0,0,0.0,1.0,0.9999999999999999,rel,1.0,0.0,0.0,0,0.0,1.0,0.9999999999999999,rel,1.0,0.0,0.0,0,0.0,1.0,0.9999999999999999
f10,63,tbf_mean_288_r,abs,0.042865,0.0501708984375,0.017578125,5091,0.957135,0.9999999999999999,0.9999999999999999,abs,1.0,0.0,0.0,0,0.0,0.9999999999999999,0.9999999999999999,abs,0.042865,0.0501708984375,0.017578125,5091,0.957135,0.9999999999999999,0.9999999999999999,abs,1.0,0.0,0.0,0,0.0,0.9999999999999999,0.9999999999999999,abs,1.0,0.0,0.0,0,0.0,0.9999999999999999,0.9999999999999999
f10,64,tbf_mean_864_v,rel,1.0,0.0,0.0,0,0.0,1.0,0.9999999999999999,rel,1.0,0.0,0.0,0,0.0,1.0,0.9999999999999999,rel,1.0,0.0,0.0,0,0.0,1.0,0.9999999999999999,rel,1.0,0.0,0.0,0,0.0,1.0,0.9999999999999999,rel,1.0,0.0,0.0,0,0.0,1.0,0.9999999999999999
f10,65,tbf_mean_864_r,abs,0.039669,0.0501708984375,0.01513671875,5108,0.960331,0.9999999999999999,0.9999999999999999,abs,1.0,0.0,0.0,0,0.0,0.9999999999999999,0.9999999999999999,abs,0.039669,0.0501708984375,0.01513671875,5108,0.960331,0.9999999999999999,0.9999999999999999,abs,1.0,0.0,0.0,0,0.0,0.9999999999999999,0.9999999999999999,abs,1.0,0.0,0.0,0,0.0,0.9999999999999999,0.9999999999999999
f10,66,tbf_mean_2016_v,rel,1.0,0.0,0.0,0,0.0,1.0,0.9999999999999999,rel,1.0,0.0,0.0,0,0.0,1.0,0.9999999999999999,rel,1.0,0.0,0.0,0,0.0,1.0,0.9999999999999999,rel,1.0,0.0,0.0,0,0.0,1.0,0.9999999999999999,rel,1.0,0.0,0.0,0,0.0,1.0,0.9999999999999999
f10,67,tbf_mean_2016_r,abs,0.110171,0.0277099609375,0.00732421875,4733,0.889829,0.9999999999999999,0.9999999999999999,abs,1.0,0.0,0.0,0,0.0,0.9999999999999999,0.9999999999999999,abs,0.110171,0.0277099609375,0.00732421875,4733,0.889829,0.9999999999999999,0.9999999999999999,abs,1.0,0.0,0.0,0,0.0,0.9999999999999999,0.9999999999999999,abs,1.0,0.0,0.0,0,0.0,0.9999999999999999,0.9999999999999999
f10,68,tbf_mean_8640_v,rel,1.0,0.0,0.0,0,0.0,1.0,0.9999999999999999,rel,1.0,0.0,0.0,0,0.0,1.0,0.9999999999999999,rel,1.0,0.0,0.0,0,0.0,1.0,0.9999999999999999,rel,1.0,0.0,0.0,0,0.0,1.0,0.9999999999999999,rel,1.0,0.0,0.0,0,0.0,1.0,0.9999999999999999
f10,69,tbf_mean_8640_r,abs,0.023125,0.07275390625,0.04010009765625,5196,0.976875,0.9999999999999999,0.9999999999999999,abs,1.0,0.0,0.0,0,0.0,0.9999999999999999,0.9999999999999999,abs,0.023125,0.07275390625,0.04010009765625,5196,0.976875,0.9999999999999999,0.9999999999999999,abs,1.0,0.0,0.0,0,0.0,0.9999999999999999,0.9999999999999999,abs,1.0,0.0,0.0,0,0.0,0.9999999999999999,0.9999999999999999
f10,70,vol_48_v,rel,1.0,0.0,0.0,0,0.0,1.0,0.9999999999999999,rel,1.0,0.0,0.0,0,0.0,1.0,0.9999999999999999,rel,1.0,0.0,0.0,0,0.0,1.0,0.9999999999999999,rel,1.0,0.0,0.0,0,0.0,0.9999999999999999,0.9999999999999999,rel,1.0,0.0,0.0,0,0.0,1.0,0.9999999999999999
f10,71,vol_48_r,abs,0.066554,0.157958984375,0.025146484375,4965,0.933446,0.9999999999999999,0.9999999999999999,abs,1.0,0.0,0.0,0,0.0,0.9999999999999999,0.9999999999999999,abs,0.066554,0.157958984375,0.025146484375,4965,0.933446,0.9999999999999999,0.9999999999999999,abs,1.0,0.0,0.0,0,0.0,0.9999999999999999,0.9999999999999999,abs,1.0,0.0,0.0,0,0.0,0.9999999999999999,0.9999999999999999
f10,72,vol_288_v,rel,1.0,0.0,0.0,0,0.0,1.0,0.9999999999999999,rel,1.0,0.0,0.0,0,0.0,1.0,0.9999999999999999,rel,1.0,0.0,0.0,0,0.0,1.0,0.9999999999999999,rel,1.0,0.0,0.0,0,0.0,1.0,0.9999999999999999,rel,1.0,0.0,0.0,0,0.0,1.0,0.9999999999999999
f10,73,vol_288_r,abs,0.06787,0.153076171875,0.017547607421875,4958,0.93213,0.9999999999999999,0.9999999999999999,abs,1.0,0.0,0.0,0,0.0,0.9999999999999999,0.9999999999999999,abs,0.06787,0.153076171875,0.017547607421875,4958,0.93213,0.9999999999999999,0.9999999999999999,abs,1.0,0.0,0.0,0,0.0,0.9999999999999999,0.9999999999999999,abs,1.0,0.0,0.0,0,0.0,0.9999999999999999,0.9999999999999999
f10,74,vol_864_v,rel,1.0,0.0,0.0,0,0.0,1.0,0.9999999999999999,rel,1.0,0.0,0.0,0,0.0,1.0,0.9999999999999999,rel,1.0,0.0,0.0,0,0.0,1.0,0.9999999999999999,rel,1.0,0.0,0.0,0,0.0,1.0,0.9999999999999999,rel,1.0,0.0,0.0,0,0.0,1.0,0.9999999999999999
f10,75,vol_864_r,abs,0.116375,0.13525390625,0.007568359375,4700,0.883625,0.9999999999999999,0.9999999999999999,abs,1.0,0.0,0.0,0,0.0,0.9999999999999999,0.9999999999999999,abs,0.116375,0.13525390625,0.007568359375,4700,0.883625,0.9999999999999999,0.9999999999999999,abs,1.0,0.0,0.0,0,0.0,0.9999999999999999,0.9999999999999999,abs,1.0,0.0,0.0,0,0.0,0.9999999999999999,0.9999999999999999
f10,76,vol_2016_v,rel,1.0,0.0,0.0,0,0.0,1.0,0.9999999999999999,rel,1.0,0.0,0.0,0,0.0,1.0,0.9999999999999999,rel,1.0,0.0,0.0,0,0.0,1.0,0.9999999999999999,rel,1.0,0.0,0.0,0,0.0,0.9999999999999999,0.9999999999999999,rel,1.0,0.0,0.0,0,0.0,1.0,0.9999999999999999
f10,77,vol_2016_r,abs,0.053393,0.085205078125,0.015045166015625,5035,0.946607,0.9999999999999999,0.9999999999999999,abs,1.0,0.0,0.0,0,0.0,0.9999999999999999,0.9999999999999999,abs,0.053393,0.085205078125,0.015045166015625,5035,0.946607,0.9999999999999999,0.9999999999999999,abs,1.0,0.0,0.0,0,0.0,0.9999999999999999,0.9999999999999999,abs,1.0,0.0,0.0,0,0.0,0.9999999999999999,0.9999999999999999
f10,78,vol_8640_v,rel,1.0,0.0,0.0,0,0.0,1.0,0.9999999999999999,rel,1.0,0.0,0.0,0,0.0,1.0,0.9999999999999999,rel,1.0,0.0,0.0,0,0.0,1.0,0.9999999999999999,rel,1.0,0.0,0.0,0,0.0,1.0,0.9999999999999999,rel,1.0,0.0,0.0,0,0.0,1.0,0.9999999999999999
f10,79,vol_8640_r,abs,0.043053,0.087890625,0.017578125,5090,0.956947,0.9999999999999999,0.9999999999999999,abs,1.0,0.0,0.0,0,0.0,0.9999999999999999,0.9999999999999999,abs,0.043053,0.087890625,0.017578125,5090,0.956947,0.9999999999999999,0.9999999999999999,abs,1.0,0.0,0.0,0,0.0,0.9999999999999999,0.9999999999999999,abs,1.0,0.0,0.0,0,0.0,0.9999999999999999,0.9999999999999999
f10,80,fund_ema,rel,0.206618,1.0,0.5,4220,0.793382,0.8467440200518008,0.8354727396462186,rel,1.0,0.0,0.0,0,0.0,1.0,0.9999999999999999,rel,0.206618,1.0,0.5,4220,0.793382,0.8467440200518008,0.8354727396462186,rel,1.0,0.0,0.0,0,0.0,1.0,0.9999999999999999,rel,1.0,0.0,0.0,0,0.0,1.0,0.9999999999999999
f10,81,fund_now,rel,0.824215,1.0,0.0,935,0.175785,1.0,0.9999999999999998,rel,1.0,0.0,0.0,0,0.0,1.0,0.9999999999999999,rel,0.824215,1.0,0.0,935,0.175785,1.0,0.9999999999999998,rel,1.0,0.0,0.0,0,0.0,1.0,0.9999999999999999,rel,1.0,0.0,0.0,0,0.0,1.0,0.9999999999999999
f10,82,A:skew_288,abs,0.053205,0.13784461095929146,0.017543882131576538,5036,0.946795,0.9999999999999999,0.9999999999999999,abs,1.0,0.0,0.0,0,0.0,0.9999999999999999,0.9999999999999999,abs,0.053205,0.13784461095929146,0.017543882131576538,5036,0.946795,0.9999999999999999,0.9999999999999999,abs,1.0,0.0,0.0,0,0.0,0.9999999999999999,0.9999999999999999,abs,1.0,0.0,0.0,0,0.0,0.9999999999999999,0.9999999999999999
f10,83,A:skew_2016,abs,0.035909,0.0952380895614624,0.022556394338607788,5128,0.964091,0.9999999999999999,0.9999999999999999,abs,1.0,0.0,0.0,0,0.0,0.9999999999999999,0.9999999999999999,abs,0.035909,0.0952380895614624,0.022556394338607788,5128,0.964091,0.9999999999999999,0.9999999999999999,abs,1.0,0.0,0.0,0,0.0,0.9999999999999999,0.9999999999999999,abs,1.0,0.0,0.0,0,0.0,0.9999999999999999,0.9999999999999999
f10,84,A:kurt_288,abs,0.057906,0.10275689885020256,0.022556394338607788,5011,0.942094,0.9999999999999999,0.9999999999999999,abs,1.0,0.0,0.0,0,0.0,0.9999999999999999,0.9999999999999999,abs,0.057906,0.10275689885020256,0.022556394338607788,5011,0.942094,0.9999999999999999,0.9999999999999999,abs,1.0,0.0,0.0,0,0.0,0.9999999999999999,0.9999999999999999,abs,1.0,0.0,0.0,0,0.0,0.9999999999999999,0.9999999999999999
f10,85,A:kurt_2016,abs,0.102087,0.09774436056613922,0.025062665343284607,4776,0.897913,0.9999999999999999,0.9999999999999999,abs,1.0,0.0,0.0,0,0.0,0.9999999999999999,0.9999999999999999,abs,0.102087,0.09774436056613922,0.025062665343284607,4776,0.897913,0.9999999999999999,0.9999999999999999,abs,1.0,0.0,0.0,0,0.0,0.9999999999999999,0.9999999999999999,abs,1.0,0.0,0.0,0,0.0,0.9999999999999999,0.9999999999999999
f10,86,A:semidn_288,abs,0.039105,0.12531328946352005,0.022556394338607788,5111,0.960895,0.9999999999999999,0.9999999999999999,abs,1.0,0.0,0.0,0,0.0,0.9999999999999999,0.9999999999999999,abs,0.039105,0.12531328946352005,0.022556394338607788,5111,0.960895,0.9999999999999999,0.9999999999999999,abs,1.0,0.0,0.0,0,0.0,0.9999999999999999,0.9999999999999999,abs,1.0,0.0,0.0,0,0.0,0.9999999999999999,0.9999999999999999
f10,87,A:semidn_2016,abs,0.045873,0.09774436801671982,0.01754385232925415,5075,0.954127,0.9999999999999999,0.9999999999999999,abs,1.0,0.0,0.0,0,0.0,0.9999999999999999,0.9999999999999999,abs,0.045873,0.09774436801671982,0.01754385232925415,5075,0.954127,0.9999999999999999,0.9999999999999999,abs,1.0,0.0,0.0,0,0.0,0.9999999999999999,0.9999999999999999,abs,1.0,0.0,0.0,0,0.0,0.9999999999999999,0.9999999999999999
f10,88,A:jump_288,abs,0.045309,0.12781955301761627,0.022556394338607788,5078,0.954691,0.9999999999999999,0.9999999999999999,abs,1.0,0.0,0.0,0,0.0,0.9999999999999999,0.9999999999999999,abs,0.045309,0.12781955301761627,0.022556394338607788,5078,0.954691,0.9999999999999999,0.9999999999999999,abs,1.0,0.0,0.0,0,0.0,0.9999999999999999,0.9999999999999999,abs,1.0,0.0,0.0,0,0.0,0.9999999999999999,0.9999999999999999
f10,89,A:jump_2016,abs,0.040797,0.08771930634975433,0.017543867230415344,5102,0.959203,0.9999999999999999,0.9999999999999999,abs,1.0,0.0,0.0,0,0.0,0.9999999999999999,0.9999999999999999,abs,0.040797,0.08771930634975433,0.017543867230415344,5102,0.959203,0.9999999999999999,0.9999999999999999,abs,1.0,0.0,0.0,0,0.0,0.9999999999999999,0.9999999999999999,abs,1.0,0.0,0.0,0,0.0,0.9999999999999999,0.9999999999999999
f10,90,A:maxr_288,abs,0.047189,0.11278195306658745,0.017543859779834747,5068,0.952811,0.9999999999999999,0.9999999999999999,abs,1.0,0.0,0.0,0,0.0,0.9999999999999999,0.9999999999999999,abs,0.047189,0.11278195306658745,0.017543859779834747,5068,0.952811,0.9999999999999999,0.9999999999999999,abs,1.0,0.0,0.0,0,0.0,0.9999999999999999,0.9999999999999999,abs,1.0,0.0,0.0,0,0.0,0.9999999999999999,0.9999999999999999
f10,91,A:maxr_2016,abs,0.039105,0.07017545402050018,0.020050130784511566,5111,0.960895,0.9999999999999999,0.9999999999999999,abs,1.0,0.0,0.0,0,0.0,0.9999999999999999,0.9999999999999999,abs,0.039105,0.07017545402050018,0.020050130784511566,5111,0.960895,0.9999999999999999,0.9999999999999999,abs,1.0,0.0,0.0,0,0.0,0.9999999999999999,0.9999999999999999,abs,1.0,0.0,0.0,0,0.0,0.9999999999999999,0.9999999999999999
f10,92,B:vr_48_288,abs,0.033089,0.15789475291967392,0.035087719559669495,5143,0.966911,0.9999999999999999,0.9999999999999999,abs,1.0,0.0,0.0,0,0.0,0.9999999999999999,0.9999999999999999,abs,0.033089,0.15789475291967392,0.035087719559669495,5143,0.966911,0.9999999999999999,0.9999999999999999,abs,1.0,0.0,0.0,0,0.0,0.9999999999999999,0.9999999999999999,abs,1.0,0.0,0.0,0,0.0,0.9999999999999999,0.9999999999999999
f10,93,B:vr_288_2016,abs,0.022749,0.16040101647377014,0.04511278122663498,5198,0.977251,0.9999999999999999,0.9999999999999999,abs,1.0,0.0,0.0,0,0.0,0.9999999999999999,0.9999999999999999,abs,0.022749,0.16040101647377014,0.04511278122663498,5198,0.977251,0.9999999999999999,0.9999999999999999,abs,1.0,0.0,0.0,0,0.0,0.9999999999999999,0.9999999999999999,abs,1.0,0.0,0.0,0,0.0,0.9999999999999999,0.9999999999999999
f10,94,B:vr_2016_8640,abs,0.046437,0.07518797367811203,0.022556394338607788,5072,0.953563,0.9999999999999999,0.9999999999999999,abs,1.0,0.0,0.0,0,0.0,0.9999999999999999,0.9999999999999999,abs,0.046437,0.07518797367811203,0.022556394338607788,5072,0.953563,0.9999999999999999,0.9999999999999999,abs,1.0,0.0,0.0,0,0.0,0.9999999999999999,0.9999999999999999,abs,1.0,0.0,0.0,0,0.0,0.9999999999999999,0.9999999999999999
f10,95,B:vov_7d,abs,0.020493,0.13283208385109901,0.0476190447807312,5210,0.979507,0.9999999999999999,0.9999999999999999,abs,1.0,0.0,0.0,0,0.0,0.9999999999999999,0.9999999999999999,abs,0.020493,0.13283208385109901,0.0476190447807312,5210,0.979507,0.9999999999999999,0.9999999999999999,abs,1.0,0.0,0.0,0,0.0,0.9999999999999999,0.9999999999999999,abs,1.0,0.0,0.0,0,0.0,0.9999999999999999,0.9999999999999999
f10,96,B:dvol_1d,abs,0.037413,0.15789473056793213,0.055137842893600464,5120,0.962587,0.9999999999999999,0.9999999999999999,abs,1.0,0.0,0.0,0,0.0,0.9999999999999999,0.9999999999999999,abs,0.037413,0.15789473056793213,0.055137842893600464,5120,0.962587,0.9999999999999999,0.9999999999999999,abs,1.0,0.0,0.0,0,0.0,0.9999999999999999,0.9999999999999999,abs,1.0,0.0,0.0,0,0.0,0.9999999999999999,0.9999999999999999
f10,97,B:dvol_4h,abs,0.046249,0.16290727257728577,0.025062650442123413,5073,0.953751,0.9999999999999999,0.9999999999999999,abs,1.0,0.0,0.0,0,0.0,0.9999999999999999,0.9999999999999999,abs,0.046249,0.16290727257728577,0.025062650442123413,5073,0.953751,0.9999999999999999,0.9999999999999999,abs,1.0,0.0,0.0,0,0.0,0.9999999999999999,0.9999999999999999,abs,1.0,0.0,0.0,0,0.0,0.9999999999999999,0.9999999999999999
f10,98,B:rngvol_288,abs,0.073134,0.11278195679187775,0.022556394338607788,4930,0.926866,0.9999999999999999,0.9999999999999999,abs,1.0,0.0,0.0,0,0.0,0.9999999999999999,0.9999999999999999,abs,0.073134,0.11278195679187775,0.022556394338607788,4930,0.926866,0.9999999999999999,0.9999999999999999,abs,1.0,0.0,0.0,0,0.0,0.9999999999999999,0.9999999999999999,abs,1.0,0.0,0.0,0,0.0,0.9999999999999999,0.9999999999999999
f10,99,B:rngvol_2016,abs,0.012596,0.16290727257728577,0.0476190447807312,5252,0.987404,0.9999999999999999,0.9999999999999999,abs,1.0,0.0,0.0,0,0.0,0.9999999999999999,0.9999999999999999,abs,0.012596,0.16290727257728577,0.0476190447807312,5252,0.987404,0.9999999999999999,0.9999999999999999,abs,1.0,0.0,0.0,0,0.0,0.9999999999999999,0.9999999999999999,abs,1.0,0.0,0.0,0,0.0,0.9999999999999999,0.9999999999999999
f10,100,C:ac1_288,abs,0.042677,0.07769423723220825,0.025062650442123413,5092,0.957323,0.9999999999999999,0.9999999999999999,abs,1.0,0.0,0.0,0,0.0,0.9999999999999999,0.9999999999999999,abs,0.042677,0.07769423723220825,0.025062650442123413,5092,0.957323,0.9999999999999999,0.9999999999999999,abs,1.0,0.0,0.0,0,0.0,0.9999999999999999,0.9999999999999999,abs,1.0,0.0,0.0,0,0.0,0.9999999999999999,0.9999999999999999
f10,101,C:ac1_2016,abs,0.008272,0.09022556617856026,0.04511277377605438,5275,0.991728,0.9999999999999999,0.9999999999999999,abs,1.0,0.0,0.0,0,0.0,0.9999999999999999,0.9999999999999999,abs,0.008272,0.09022556617856026,0.04511277377605438,5275,0.991728,0.9999999999999999,0.9999999999999999,abs,1.0,0.0,0.0,0,0.0,0.9999999999999999,0.9999999999999999,abs,1.0,0.0,0.0,0,0.0,0.9999999999999999,0.9999999999999999
f10,102,C:vr12_2016,abs,0.017296,0.0952381044626236,0.04010025039315224,5227,0.982704,0.9999999999999999,0.9999999999999999,abs,1.0,0.0,0.0,0,0.0,0.9999999999999999,0.9999999999999999,abs,0.017296,0.0952381044626236,0.04010025039315224,5227,0.982704,0.9999999999999999,0.9999999999999999,abs,1.0,0.0,0.0,0,0.0,0.9999999999999999,0.9999999999999999,abs,1.0,0.0,0.0,0,0.0,0.9999999999999999,0.9999999999999999
f10,103,C:vr48_2016,abs,0.023125,0.11027569323778152,0.055137842893600464,5196,0.976875,0.9999999999999999,0.9999999999999999,abs,1.0,0.0,0.0,0,0.0,0.9999999999999999,0.9999999999999999,abs,0.023125,0.11027569323778152,0.055137842893600464,5196,0.976875,0.9999999999999999,0.9999999999999999,abs,1.0,0.0,0.0,0,0.0,0.9999999999999999,0.9999999999999999,abs,1.0,0.0,0.0,0,0.0,0.9999999999999999,0.9999999999999999
f10,104,C:vr48_8640,abs,0.008084,0.10025062970817089,0.0476190447807312,5276,0.991916,0.9999999999999999,0.9999999999999999,abs,1.0,0.0,0.0,0,0.0,0.9999999999999999,0.9999999999999999,abs,0.008084,0.10025062970817089,0.0476190447807312,5276,0.991916,0.9999999999999999,0.9999999999999999,abs,1.0,0.0,0.0,0,0.0,0.9999999999999999,0.9999999999999999,abs,1.0,0.0,0.0,0,0.0,0.9999999999999999,0.9999999999999999
f10,105,C:trend_288,abs,0.039857,0.10526315867900848,0.022556394338607788,5107,0.960143,0.9999996086614183,0.999998336810871,abs,1.0,0.0,0.0,0,0.0,0.9999999999999999,0.9999999999999999,abs,0.039293,0.10526315867900848,0.022556394338607788,5110,0.960707,0.9999999999999999,0.9999999999999999,abs,0.988824,0.005012534558773041,0.0,76,0.011176,0.9999996249976562,0.9999986874917968,abs,1.0,0.0,0.0,0,0.0,0.9999999999999999,0.9999999999999999
f10,106,C:trend_2016,abs,0.081406,0.08270677924156189,0.012531310319900513,4886,0.918594,0.9999999999999999,0.9999999999999999,abs,1.0,0.0,0.0,0,0.0,0.9999999999999999,0.9999999999999999,abs,0.081406,0.08270677924156189,0.012531310319900513,4886,0.918594,0.9999999999999999,0.9999999999999999,abs,0.999412,0.002506256103515625,0.0,4,0.000588,0.9999999999999999,0.9999998124988281,abs,1.0,0.0,0.0,0,0.0,0.9999999999999999,0.9999999999999999
f10,107,C:upblk_2016,abs,0.043617,0.08145362138748169,0.013784468173980713,5087,0.956383,1.0,0.9999999999999999,abs,1.0,0.0,0.0,0,0.0,1.0,0.9999999999999999,abs,0.043617,0.08145362138748169,0.013784468173980713,5087,0.956383,1.0,0.9999999999999999,abs,1.0,0.0,0.0,0,0.0,1.0,0.9999999999999999,abs,1.0,0.0,0.0,0,0.0,1.0,0.9999999999999999
f10,108,D:dhi_48,abs,0.059034,0.14536341279745102,0.022556394338607788,5005,0.940966,1.0,0.9999999999999999,abs,1.0,0.0,0.0,0,0.0,1.0,0.9999999999999999,abs,0.059034,0.14536341279745102,0.022556394338607788,5005,0.940966,1.0,0.9999999999999999,abs,1.0,0.0,0.0,0,0.0,1.0,0.9999999999999999,abs,1.0,0.0,0.0,0,0.0,1.0,0.9999999999999999
f10,109,D:dhi_288,abs,0.057906,0.1303258240222931,0.022556394338607788,5011,0.942094,1.0,0.9999999999999999,abs,1.0,0.0,0.0,0,0.0,1.0,0.9999999999999999,abs,0.057906,0.1303258240222931,0.022556394338607788,5011,0.942094,1.0,0.9999999999999999,abs,1.0,0.0,0.0,0,0.0,1.0,0.9999999999999999,abs,1.0,0.0,0.0,0,0.0,1.0,0.9999999999999999
f10,110,D:dhi_2016,abs,0.076518,0.09774437546730042,0.015037596225738525,4912,0.923482,0.9999999999999999,0.9999999999999999,abs,1.0,0.0,0.0,0,0.0,1.0,0.9999999999999999,abs,0.076518,0.09774437546730042,0.015037596225738525,4912,0.923482,0.9999999999999999,0.9999999999999999,abs,1.0,0.0,0.0,0,0.0,1.0,0.9999999999999999,abs,1.0,0.0,0.0,0,0.0,0.9999999999999999,0.9999999999999999
f10,111,D:dhi_8640,abs,0.094379,0.072681725025177,0.022556394338607788,4817,0.905621,0.9999999999999999,0.9999999999999999,abs,1.0,0.0,0.0,0,0.0,0.9999999999999999,0.9999999999999999,abs,0.094379,0.072681725025177,0.022556394338607788,4817,0.905621,0.9999999999999999,0.9999999999999999,abs,1.0,0.0,0.0,0,0.0,1.0,0.9999999999999999,abs,1.0,0.0,0.0,0,0.0,0.9999999999999999,0.9999999999999999
f10,112,D:dlo_288,abs,0.046437,0.12781956791877747,0.022556394338607788,5072,0.953563,1.0,0.9999999999999999,abs,1.0,0.0,0.0,0,0.0,1.0,0.9999999999999999,abs,0.046437,0.12781956791877747,0.022556394338607788,5072,0.953563,1.0,0.9999999999999999,abs,1.0,0.0,0.0,0,0.0,1.0,0.9999999999999999,abs,1.0,0.0,0.0,0,0.0,1.0,0.9999999999999999
f10,113,D:dlo_2016,abs,0.067494,0.09022556990385056,0.025062650442123413,4960,0.932506,1.0,0.9999999999999999,abs,1.0,0.0,0.0,0,0.0,0.9999999999999999,0.9999999999999999,abs,0.067494,0.09022556990385056,0.025062650442123413,4960,0.932506,1.0,0.9999999999999999,abs,1.0,0.0,0.0,0,0.0,0.9999999999999999,0.9999999999999999,abs,1.0,0.0,0.0,0,0.0,0.9999999999999999,0.9999999999999999
f10,114,D:dlo_8640,abs,0.044745,0.05263158306479454,0.0125313401222229,5081,0.955255,0.9999999999999999,0.9999999999999999,abs,1.0,0.0,0.0,0,0.0,0.9999999999999999,0.9999999999999999,abs,0.044745,0.05263158306479454,0.0125313401222229,5081,0.955255,0.9999999999999999,0.9999999999999999,abs,1.0,0.0,0.0,0,0.0,0.9999999999999999,0.9999999999999999,abs,1.0,0.0,0.0,0,0.0,0.9999999999999999,0.9999999999999999
f10,115,D:ppct_288,abs,0.034029,0.12030074745416641,0.02005012333393097,5138,0.965971,1.0,0.9999999999999999,abs,1.0,0.0,0.0,0,0.0,1.0,0.9999999999999999,abs,0.034029,0.12030074745416641,0.02005012333393097,5138,0.965971,1.0,0.9999999999999999,abs,1.0,0.0,0.0,0,0.0,1.0,0.9999999999999999,abs,1.0,0.0,0.0,0,0.0,1.0,0.9999999999999999
f10,116,D:ppct_2016,abs,0.040985,0.10526316240429878,0.01879701018333435,5101,0.959015,1.0,0.9999999999999999,abs,1.0,0.0,0.0,0,0.0,1.0,0.9999999999999999,abs,0.040985,0.10526316240429878,0.01879701018333435,5101,0.959015,1.0,0.9999999999999999,abs,1.0,0.0,0.0,0,0.0,1.0,0.9999999999999999,abs,1.0,0.0,0.0,0,0.0,1.0,0.9999999999999999
f10,117,E:spr_7,abs,0.070878,0.12280702404677868,0.025062650442123413,4942,0.929122,0.9999999999999999,0.9999999999999999,abs,1.0,0.0,0.0,0,0.0,0.9999999999999999,0.9999999999999999,abs,0.070878,0.12280702404677868,0.025062650442123413,4942,0.929122,0.9999999999999999,0.9999999999999999,abs,1.0,0.0,0.0,0,0.0,0.9999999999999999,0.9999999999999999,abs,1.0,0.0,0.0,0,0.0,0.9999999999999999,0.9999999999999999
f10,118,E:spr_30,abs,0.087046,0.1203007698059082,0.027568921446800232,4856,0.912954,0.9999999999999999,0.9999999999999999,abs,1.0,0.0,0.0,0,0.0,0.9999999999999999,0.9999999999999999,abs,0.087046,0.1203007698059082,0.027568921446800232,4856,0.912954,0.9999999999999999,0.9999999999999999,abs,1.0,0.0,0.0,0,0.0,0.9999999999999999,0.9999999999999999,abs,1.0,0.0,0.0,0,0.0,0.9999999999999999,0.9999999999999999
f10,119,E:spr_30_t,abs,0.028577,0.09273181855678558,0.032581448554992676,5167,0.971423,0.9999999999999999,0.9999999999999999,abs,1.0,0.0,0.0,0,0.0,0.9999999999999999,0.9999999999999999,abs,0.028577,0.09273181855678558,0.032581448554992676,5167,0.971423,0.9999999999999999,0.9999999999999999,abs,1.0,0.0,0.0,0,0.0,0.9999999999999999,0.9999999999999999,abs,1.0,0.0,0.0,0,0.0,0.9999999999999999,0.9999999999999999
f10,120,E:spq_7,abs,0.025757,0.16290727257728577,0.0476190447807312,5182,0.974243,0.9999999999999999,0.9999999999999999,abs,1.0,0.0,0.0,0,0.0,0.9999999999999999,0.9999999999999999,abs,0.025757,0.16290727257728577,0.0476190447807312,5182,0.974243,0.9999999999999999,0.9999999999999999,abs,1.0,0.0,0.0,0,0.0,0.9999999999999999,0.9999999999999999,abs,1.0,0.0,0.0,0,0.0,0.9999999999999999,0.9999999999999999
f10,121,E:spq_30,abs,0.023877,0.16290728747844696,0.05513784475624561,5192,0.976123,0.9999999999999999,0.9999999999999999,abs,1.0,0.0,0.0,0,0.0,0.9999999999999999,0.9999999999999999,abs,0.023877,0.16290728747844696,0.05513784475624561,5192,0.976123,0.9999999999999999,0.9999999999999999,abs,1.0,0.0,0.0,0,0.0,0.9999999999999999,0.9999999999999999,abs,1.0,0.0,0.0,0,0.0,0.9999999999999999,0.9999999999999999
f10,122,E:sprg_7,abs,0.049445,0.11027568206191063,0.032581448554992676,5056,0.950555,0.9999999999999999,0.9999999999999999,abs,1.0,0.0,0.0,0,0.0,0.9999999999999999,0.9999999999999999,abs,0.049445,0.11027568206191063,0.032581448554992676,5056,0.950555,0.9999999999999999,0.9999999999999999,abs,1.0,0.0,0.0,0,0.0,0.9999999999999999,0.9999999999999999,abs,1.0,0.0,0.0,0,0.0,0.9999999999999999,0.9999999999999999
f10,123,E:spt_7,abs,0.035345,0.072681725025177,0.022556394338607788,5131,0.964655,0.9999999999999999,0.9999999999999999,abs,1.0,0.0,0.0,0,0.0,0.9999999999999999,0.9999999999999999,abs,0.035345,0.072681725025177,0.022556394338607788,5131,0.964655,0.9999999999999999,0.9999999999999999,abs,1.0,0.0,0.0,0,0.0,0.9999999999999999,0.9999999999999999,abs,1.0,0.0,0.0,0,0.0,0.9999999999999999,0.9999999999999999
f10,124,F:amihud_288,abs,0.006768,0.18546366691589355,0.1553884744644165,5283,0.993232,0.9999999999999999,0.9999999999999999,abs,1.0,0.0,0.0,0,0.0,0.9999999999999999,0.9999999999999999,abs,0.006768,0.18546366691589355,0.1553884744644165,5283,0.993232,0.9999999999999999,0.9999999999999999,abs,1.0,0.0,0.0,0,0.0,0.9999999999999999,0.9999999999999999,abs,1.0,0.0,0.0,0,0.0,0.9999999999999999,0.9999999999999999
f10,125,F:amihud_2016,abs,0.006392,0.20551379024982452,0.17293232679367065,5285,0.993608,0.9999999999999999,0.9999999999999999,abs,1.0,0.0,0.0,0,0.0,0.9999999999999999,0.9999999999999999,abs,0.006392,0.20551379024982452,0.17293232679367065,5285,0.993608,0.9999999999999999,0.9999999999999999,abs,1.0,0.0,0.0,0,0.0,0.9999999999999999,0.9999999999999999,abs,1.0,0.0,0.0,0,0.0,0.9999999999999999,0.9999999999999999
f10,126,F:damihud,abs,0.029329,0.16040100157260895,0.03508772060740739,5163,0.970671,0.9999999999999999,0.9999999999999999,abs,1.0,0.0,0.0,0,0.0,0.9999999999999999,0.9999999999999999,abs,0.029329,0.16040100157260895,0.03508772060740739,5163,0.970671,0.9999999999999999,0.9999999999999999,abs,1.0,0.0,0.0,0,0.0,0.9999999999999999,0.9999999999999999,abs,1.0,0.0,0.0,0,0.0,0.9999999999999999,0.9999999999999999
f10,127,F:kyle_288,abs,0.00752,0.18295739963650703,0.15037593245506287,5279,0.99248,0.9999999999999999,0.9999999999999999,abs,1.0,0.0,0.0,0,0.0,0.9999999999999999,0.9999999999999999,abs,0.00752,0.18295739963650703,0.15037593245506287,5279,0.99248,0.9999999999999999,0.9999999999999999,abs,1.0,0.0,0.0,0,0.0,0.9999999999999999,0.9999999999999999,abs,1.0,0.0,0.0,0,0.0,0.9999999999999999,0.9999999999999999
f10,128,F:kyle_2016,abs,0.004888,0.18546366319060326,0.1654135286808014,5293,0.995112,0.9999999999999999,0.9999999999999999,abs,1.0,0.0,0.0,0,0.0,0.9999999999999999,0.9999999999999999,abs,0.004888,0.18546366319060326,0.1654135286808014,5293,0.995112,0.9999999999999999,0.9999999999999999,abs,1.0,0.0,0.0,0,0.0,0.9999999999999999,0.9999999999999999,abs,1.0,0.0,0.0,0,0.0,0.9999999999999999,0.9999999999999999
f10,129,F:qvz_48,abs,0.057718,0.15789474546909332,0.037593990564346313,5012,0.942282,0.9999999999999999,0.9999999999999999,abs,1.0,0.0,0.0,0,0.0,0.9999999999999999,0.9999999999999999,abs,0.057718,0.15789474546909332,0.037593990564346313,5012,0.942282,0.9999999999999999,0.9999999999999999,abs,1.0,0.0,0.0,0,0.0,0.9999999999999999,0.9999999999999999,abs,1.0,0.0,0.0,0,0.0,0.9999999999999999,0.9999999999999999
f10,130,F:corr_pv_288,abs,0.086482,0.12030075490474701,0.01754385232925415,4859,0.913518,0.9999999999999999,0.9999999999999999,abs,1.0,0.0,0.0,0,0.0,0.9999999999999999,0.9999999999999999,abs,0.086482,0.12030075490474701,0.01754385232925415,4859,0.913518,0.9999999999999999,0.9999999999999999,abs,1.0,0.0,0.0,0,0.0,0.9999999999999999,0.9999999999999999,abs,1.0,0.0,0.0,0,0.0,0.9999999999999999,0.9999999999999999
f10,131,F:corr_aq_288,abs,0.043993,0.09774436324369162,0.02506265789270401,5085,0.956007,0.9999999999999999,0.9999999999999999,abs,1.0,0.0,0.0,0,0.0,0.9999999999999999,0.9999999999999999,abs,0.043993,0.09774436324369162,0.02506265789270401,5085,0.956007,0.9999999999999999,0.9999999999999999,abs,1.0,0.0,0.0,0,0.0,0.9999999999999999,0.9999999999999999,abs,1.0,0.0,0.0,0,0.0,0.9999999999999999,0.9999999999999999
f10,132,F:udqv_288,abs,0.076518,0.05263158679008484,0.010025063529610634,4912,0.923482,0.9999999999999999,0.9999999999999999,abs,1.0,0.0,0.0,0,0.0,0.9999999999999999,0.9999999999999999,abs,0.076518,0.05263158679008484,0.010025063529610634,4912,0.923482,0.9999999999999999,0.9999999999999999,abs,1.0,0.0,0.0,0,0.0,0.9999999999999999,0.9999999999999999,abs,1.0,0.0,0.0,0,0.0,0.9999999999999999,0.9999999999999999
f10,133,G:tbvw_48,abs,0.047001,0.07268171012401581,0.015037596225738525,5069,0.952999,0.9999999999999999,0.9999999999999999,abs,1.0,0.0,0.0,0,0.0,0.9999999999999999,0.9999999999999999,abs,0.047001,0.07268171012401581,0.015037596225738525,5069,0.952999,0.9999999999999999,0.9999999999999999,abs,1.0,0.0,0.0,0,0.0,0.9999999999999999,0.9999999999999999,abs,1.0,0.0,0.0,0,0.0,0.9999999999999999,0.9999999999999999
f10,134,G:tbvw_288,abs,0.031961,0.10025063529610634,0.025062650442123413,5149,0.968039,0.9999999999999999,0.9999999999999999,abs,1.0,0.0,0.0,0,0.0,0.9999999999999999,0.9999999999999999,abs,0.031961,0.10025063529610634,0.025062650442123413,5149,0.968039,0.9999999999999999,0.9999999999999999,abs,1.0,0.0,0.0,0,0.0,0.9999999999999999,0.9999999999999999,abs,1.0,0.0,0.0,0,0.0,0.9999999999999999,0.9999999999999999
f10,135,G:tbvw_2016,abs,0.027073,0.07518798112869263,0.035087719559669495,5175,0.972927,0.9999999999999999,0.9999999999999999,abs,1.0,0.0,0.0,0,0.0,0.9999999999999999,0.9999999999999999,abs,0.027073,0.07518798112869263,0.035087719559669495,5175,0.972927,0.9999999999999999,0.9999999999999999,abs,1.0,0.0,0.0,0,0.0,0.9999999999999999,0.9999999999999999,abs,1.0,0.0,0.0,0,0.0,0.9999999999999999,0.9999999999999999
f10,136,G:tbacc_48,abs,0.042865,0.07017544284462929,0.015037596225738525,5091,0.957135,0.9999999999999999,0.9999999999999999,abs,1.0,0.0,0.0,0,0.0,0.9999999999999999,0.9999999999999999,abs,0.042865,0.07017544284462929,0.015037596225738525,5091,0.957135,0.9999999999999999,0.9999999999999999,abs,1.0,0.0,0.0,0,0.0,0.9999999999999999,0.9999999999999999,abs,1.0,0.0,0.0,0,0.0,0.9999999999999999,0.9999999999999999
f10,137,G:tbac1_288,abs,0.075202,0.05764411389827728,0.010025061666965485,4919,0.924798,0.9999999999999999,0.9999999999999999,abs,1.0,0.0,0.0,0,0.0,0.9999999999999999,0.9999999999999999,abs,0.075202,0.05764411389827728,0.010025061666965485,4919,0.924798,0.9999999999999999,0.9999999999999999,abs,1.0,0.0,0.0,0,0.0,0.9999999999999999,0.9999999999999999,abs,1.0,0.0,0.0,0,0.0,0.9999999999999999,0.9999999999999999
f10,138,G:tbstd_288,abs,0.046625,0.1328320875763893,0.037593990564346313,5071,0.953375,0.9999999999999999,0.9999999999999999,abs,1.0,0.0,0.0,0,0.0,0.9999999999999999,0.9999999999999999,abs,0.046625,0.1328320875763893,0.037593990564346313,5071,0.953375,0.9999999999999999,0.9999999999999999,abs,1.0,0.0,0.0,0,0.0,0.9999999999999999,0.9999999999999999,abs,1.0,0.0,0.0,0,0.0,0.9999999999999999,0.9999999999999999
f10,139,G:tbz_48,abs,0.070126,0.0601503849029541,0.012531325221061707,4946,0.929874,0.9999999999999999,0.9999999999999999,abs,1.0,0.0,0.0,0,0.0,0.9999999999999999,0.9999999999999999,abs,0.070126,0.0601503849029541,0.012531325221061707,4946,0.929874,0.9999999999999999,0.9999999999999999,abs,1.0,0.0,0.0,0,0.0,0.9999999999999999,0.9999999999999999,abs,1.0,0.0,0.0,0,0.0,0.9999999999999999,0.9999999999999999
f10,140,G:corr_tr_288,abs,0.121263,0.12531328201293945,0.02005012333393097,4674,0.878737,0.9999999999999999,0.9999999999999999,abs,1.0,0.0,0.0,0,0.0,0.9999999999999999,0.9999999999999999,abs,0.121263,0.12531328201293945,0.02005012333393097,4674,0.878737,0.9999999999999999,0.9999999999999999,abs,1.0,0.0,0.0,0,0.0,0.9999999999999999,0.9999999999999999,abs,1.0,0.0,0.0,0,0.0,0.9999999999999999,0.9999999999999999
f10,141,J:r4_lag_2,abs,0.089867,0.12280702590942383,0.015037596225738525,4841,0.910133,0.9999999999999999,0.9999999999999999,abs,1.0,0.0,0.0,0,0.0,0.9999999999999999,0.9999999999999999,abs,0.089867,0.12280702590942383,0.015037596225738525,4841,0.910133,0.9999999999999999,0.9999999999999999,abs,1.0,0.0,0.0,0,0.0,0.9999999999999999,0.9999999999999999,abs,1.0,0.0,0.0,0,0.0,0.9999999999999999,0.9999999999999999
f10,142,J:r4_lag_3,abs,0.085918,0.12280701845884323,0.022556394338607788,4862,0.914082,0.9999999999999999,0.9999999999999999,abs,1.0,0.0,0.0,0,0.0,0.9999999999999999,0.9999999999999999,abs,0.085918,0.12280701845884323,0.022556394338607788,4862,0.914082,0.9999999999999999,0.9999999999999999,abs,1.0,0.0,0.0,0,0.0,0.9999999999999999,0.9999999999999999,abs,1.0,0.0,0.0,0,0.0,0.9999999999999999,0.9999999999999999
f10,143,J:r4_lag_4,abs,0.097951,0.12030075490474701,0.015037596225738525,4798,0.902049,0.9999999999999999,0.9999999999999999,abs,1.0,0.0,0.0,0,0.0,0.9999999999999999,0.9999999999999999,abs,0.097951,0.12030075490474701,0.015037596225738525,4798,0.902049,0.9999999999999999,0.9999999999999999,abs,1.0,0.0,0.0,0,0.0,0.9999999999999999,0.9999999999999999,abs,1.0,0.0,0.0,0,0.0,0.9999999999999999,0.9999999999999999
f10,144,J:r4_lag_5,abs,0.107539,0.12531328946352005,0.02005012333393097,4747,0.892461,0.9999999999999999,0.9999999999999999,abs,1.0,0.0,0.0,0,0.0,0.9999999999999999,0.9999999999999999,abs,0.107539,0.12531328946352005,0.02005012333393097,4747,0.892461,0.9999999999999999,0.9999999999999999,abs,1.0,0.0,0.0,0,0.0,0.9999999999999999,0.9999999999999999,abs,1.0,0.0,0.0,0,0.0,0.9999999999999999,0.9999999999999999
f10,145,J:r4_lag_6,abs,0.101523,0.1303258165717125,0.015037596225738525,4779,0.898477,0.9999999999999999,0.9999999999999999,abs,1.0,0.0,0.0,0,0.0,0.9999999999999999,0.9999999999999999,abs,0.101523,0.1303258165717125,0.015037596225738525,4779,0.898477,0.9999999999999999,0.9999999999999999,abs,1.0,0.0,0.0,0,0.0,0.9999999999999999,0.9999999999999999,abs,1.0,0.0,0.0,0,0.0,0.9999999999999999,0.9999999999999999
f10,146,J:r24_lag1,abs,0.087234,0.1428571492433548,0.02005012333393097,4855,0.912766,0.9999999999999999,0.9999999999999999,abs,1.0,0.0,0.0,0,0.0,0.9999999999999999,0.9999999999999999,abs,0.087234,0.1428571492433548,0.02005012333393097,4855,0.912766,0.9999999999999999,0.9999999999999999,abs,1.0,0.0,0.0,0,0.0,0.9999999999999999,0.9999999999999999,abs,1.0,0.0,0.0,0,0.0,0.9999999999999999,0.9999999999999999
f10,147,J:dqv_4h,abs,0.034029,0.15288221836090088,0.02506265603005886,5138,0.965971,1.0,0.9999999999999999,abs,1.0,0.0,0.0,0,0.0,1.0,0.9999999999999999,abs,0.034029,0.15288221836090088,0.02506265603005886,5138,0.965971,1.0,0.9999999999999999,abs,1.0,0.0,0.0,0,0.0,1.0,0.9999999999999999,abs,1.0,0.0,0.0,0,0.0,1.0,1.0
f10,148,J:drank_m7_1d,abs,0.004888,0.5,0.02396656945347786,5098,0.958451,0.9782760839267411,0.9662759218795769,abs,0.005735,0.4974937438964844,0.003209661692380905,5437,0.799559,0.9923099157897914,0.9852522208537706,abs,0.008836,0.5,0.023617930710315704,5070,0.953187,0.9775038493458097,0.9666160019668107,abs,1.0,0.0,0.0,0,0.0,1.0,0.9999999999999999,abs,1.0,0.0,0.0,0,0.0,1.0,1.0
f10,149,J:drank_v7_1d,abs,0.002068,0.5,0.039861105382442474,5208,0.979131,0.9489143764768869,0.9234489919833088,abs,0.004559,0.5,0.007594943046569824,6020,0.885294,0.9872162142183136,0.9820317982432833,abs,0.005264,0.5,0.037974681705236435,5187,0.975183,0.9505840875679811,0.9245975476378131,abs,1.0,0.0,0.0,0,0.0,1.0,0.9999999999999999,abs,1.0,0.0,0.0,0,0.0,1.0,0.9999999999999999
f10,150,J:drank_r24_1d,abs,0.005264,0.4974937438964844,0.024383217096328735,5042,0.947923,0.9838647409868709,0.9641244129537724,abs,0.005441,0.5,0.0018083229660987854,4715,0.693382,0.9947534992141541,0.987374294319692,abs,0.010152,0.49746835231781006,0.024681925773620605,5016,0.943034,0.984104537838943,0.9648707808724226,abs,1.0,0.0,0.0,0,0.0,1.0,0.9999999999999999,abs,1.0,0.0,0.0,0,0.0,1.0,0.9999999999999999
f10,151,H:disp_z,rel,0.0,1.0337107212673244,0.16354942805450087,5319,1.0,,,rel,0.0,0.20625178870216437,0.06270582531239013,6800,1.0,,,rel,0.0,1.0424702957279173,0.1126089117507036,5319,1.0,,,rel,1.0,0.0,0.0,0,0.0,,,rel,1.0,0.0,0.0,0,0.0,,
f10,152,H:btcv_z,rel,1.0,0.0,0.0,0,0.0,,,rel,1.0,0.0,0.0,0,0.0,,,rel,1.0,0.0,0.0,0,0.0,,,rel,1.0,0.0,0.0,0,0.0,,,rel,0.5,0.03309996590459578,0.0051644847100900055,1600,0.5,,
f10,153,H:r4xdisp,rel,0.0,1.9982582292739315,0.23827188392382342,5316,0.999436,0.9999999999999999,-1.0,rel,0.0,0.20625184639851096,0.06270582235328893,6800,1.0,0.9999999999999999,0.9999999999999999,rel,0.0,1.996527225216447,0.20371186797310073,5315,0.999248,0.9999999999999999,-1.0,rel,1.0,0.0,0.0,0,0.0,0.9999999999999999,0.9999999999999999,rel,1.0,0.0,0.0,0,0.0,0.9999999999999999,0.9999999999999999
f10,154,H:r24xdisp,rel,0.0,1.9980898760522405,0.2664797299211316,5301,0.996616,0.9999999999999999,-1.0,rel,0.0,0.20625184639851096,0.06270582235328893,6800,1.0,0.9999999999999999,0.9999999999999999,rel,0.0,1.9967582400669814,0.2346445552010985,5298,0.996052,0.9999999999999999,-1.0,rel,1.0,0.0,0.0,0,0.0,0.9999999999999999,0.9999999999999999,rel,1.0,0.0,0.0,0,0.0,0.9999999999999999,0.9999999999999999
f10,155,H:m7xdisp,rel,0.0,1.9790930232135917,0.20502552567506951,5299,0.99624,0.9999999999999999,-1.0,rel,0.0,0.20625184639851096,0.06270582235328893,6800,1.0,0.9999999999999999,0.9999999999999999,rel,0.0,1.963451168991986,0.17242741578155968,5311,0.998496,0.9999999999999999,-1.0,rel,1.0,0.0,0.0,0,0.0,0.9999999999999999,0.9999999999999999,rel,1.0,0.0,0.0,0,0.0,0.9999999999999999,0.9999999999999999
f10,156,H:v7xdisp,rel,0.0,1.9790930232135917,0.1790949874718811,5285,0.993608,0.9999999999999999,-1.0,rel,0.0,0.20625184639851096,0.06270582235328893,6800,1.0,0.9999999999999999,0.9999999999999999,rel,0.0,1.9662211991523535,0.14621901359194941,5307,0.997744,0.9999999999999999,-1.0,rel,1.0,0.0,0.0,0,0.0,0.9999999999999999,0.9999999999999999,rel,1.0,0.0,0.0,0,0.0,0.9999999999999999,0.9999999999999999
f10,157,H:r4xbtcv,rel,0.092875,2.0,0.08303409029700289,4825,0.907125,0.9999999999999999,0.9999999999999999,rel,1.0,0.0,0.0,0,0.0,0.9999999999999999,0.9999999999999999,rel,0.092875,2.0,0.08303409029700289,4825,0.907125,0.9999999999999999,0.9999999999999999,rel,1.0,0.0,0.0,0,0.0,0.9999999999999999,0.9999999999999999,rel,0.5,0.03310004964290429,0.005164441754359561,1600,0.5,0.9999999999999999,0.9999999999999999
f10,158,H:r24xbtcv,rel,0.075954,2.0,0.09182530292563572,4915,0.924046,0.9999999999999999,0.9999999999999999,rel,1.0,0.0,0.0,0,0.0,0.9999999999999999,0.9999999999999999,rel,0.075954,2.0,0.09182530292563572,4915,0.924046,0.9999999999999999,0.9999999999999999,rel,1.0,0.0,0.0,0,0.0,0.9999999999999999,0.9999999999999999,rel,0.5,0.03310004964290429,0.005164441754359561,1600,0.5,0.9999999999999999,0.9999999999999999
f10,159,H:m7xbtcv,rel,0.084414,2.0,0.07628532239788084,4870,0.915586,0.9999999999999999,0.9999999999999999,rel,1.0,0.0,0.0,0,0.0,0.9999999999999999,0.9999999999999999,rel,0.084414,2.0,0.07628532239788084,4870,0.915586,0.9999999999999999,0.9999999999999999,rel,1.0,0.0,0.0,0,0.0,0.9999999999999999,0.9999999999999999,rel,0.5,0.03310004964290429,0.005164441754359561,1600,0.5,0.9999999999999999,0.9999999999999999
f10,160,H:v7xbtcv,rel,0.053393,2.0,0.09010987288437534,5035,0.946607,0.9999999999999999,0.9999999999999999,rel,1.0,0.0,0.0,0,0.0,0.9999999999999999,0.9999999999999999,rel,0.053393,2.0,0.09010987288437534,5035,0.946607,0.9999999999999999,0.9999999999999999,rel,1.0,0.0,0.0,0,0.0,0.9999999999999999,0.9999999999999999,rel,0.5,0.03310004964290429,0.005164441754359561,1600,0.5,0.9999999999999999,0.9999999999999999
f10,161,I:r24_sq,abs,0.077458,0.05636930465698242,0.008479952812194824,4768,0.896409,0.9743323802711378,0.913602250563038,abs,1.0,0.0,0.0,0,0.0,1.0,1.0,abs,0.077458,0.05636930465698242,0.008479952812194824,4768,0.896409,0.9743323802711378,0.913602250563038,abs,1.0,0.0,0.0,0,0.0,1.0,1.0,abs,1.0,0.0,0.0,0,0.0,1.0,1.0
f10,162,I:m7_sq,abs,0.085354,0.04199409484863281,0.00597279891371727,4571,0.859372,0.9917543407935535,0.9384167938387479,abs,1.0,0.0,0.0,0,0.0,1.0,1.0,abs,0.085354,0.04199409484863281,0.00597279891371727,4571,0.859372,0.9917543407935535,0.9384167938387479,abs,1.0,0.0,0.0,0,0.0,1.0,1.0,abs,1.0,0.0,0.0,0,0.0,1.0,1.0
f10,163,I:v7_sq,abs,0.05471,0.0692862868309021,0.005945742130279541,4498,0.845648,0.9918432880833201,0.9875161044153543,abs,1.0,0.0,0.0,0,0.0,1.0,1.0,abs,0.05471,0.0692862868309021,0.005945742130279541,4498,0.845648,0.9918432880833201,0.9875161044153543,abs,1.0,0.0,0.0,0,0.0,1.0,1.0,abs,1.0,0.0,0.0,0,0.0,1.0,1.0
f10,164,I:r24xv7,abs,0.01692,0.07407507300376892,0.006852447986602783,4858,0.91333,0.9836527689475411,0.9584969699626057,abs,1.0,0.0,0.0,0,0.0,1.0,0.9999999999999999,abs,0.01692,0.07407507300376892,0.006852447986602783,4858,0.91333,0.9836527689475411,0.9584969699626057,abs,1.0,0.0,0.0,0,0.0,1.0,0.9999999999999999,abs,1.0,0.0,0.0,0,0.0,1.0,0.9999999999999999
f10,165,I:r24xq7,abs,0.0,0.1078910231590271,0.029206357896327972,5237,0.984584,0.8601104145038313,0.8303596979139832,abs,1.0,0.0,0.0,0,0.0,1.0,0.9999999999999999,abs,0.0,0.1078910231590271,0.029206357896327972,5237,0.984584,0.8601104145038313,0.8303596979139832,abs,1.0,0.0,0.0,0,0.0,1.0,0.9999999999999999,abs,1.0,0.0,0.0,0,0.0,1.0,1.0
f10,166,I:m7xv7,abs,0.026321,0.04995548725128174,0.00695037841796875,4845,0.910886,0.9939646393057258,0.9723450699733225,abs,1.0,0.0,0.0,0,0.0,1.0,0.9999999999999999,abs,0.026321,0.04995548725128174,0.00695037841796875,4845,0.910886,0.9939646393057258,0.9723450699733225,abs,1.0,0.0,0.0,0,0.0,1.0,0.9999999999999999,abs,1.0,0.0,0.0,0,0.0,1.0,0.9999999999999999
f10,167,I:r4xt24,abs,0.004136,0.05999833345413208,0.007779300212860107,4938,0.92837,0.9810561742239924,0.9329039371363702,abs,1.0,0.0,0.0,0,0.0,1.0,0.9999999999999999,abs,0.004136,0.05999833345413208,0.007779300212860107,4938,0.92837,0.9810561742239924,0.9329039371363702,abs,1.0,0.0,0.0,0,0.0,1.0,0.9999999999999999,abs,1.0,0.0,0.0,0,0.0,1.0,0.9999999999999999
f10,168,I:m7xm30,abs,0.016732,0.04234132170677185,0.006037980318069458,4825,0.907125,0.9954812820807637,0.9705008861865833,abs,1.0,0.0,0.0,0,0.0,1.0,0.9999999999999999,abs,0.016732,0.04234132170677185,0.006037980318069458,4825,0.907125,0.9954812820807637,0.9705008861865833,abs,1.0,0.0,0.0,0,0.0,1.0,0.9999999999999999,abs,1.0,0.0,0.0,0,0.0,1.0,0.9999999999999999
f10,169,I:r24xv7xq7,abs,0.0,0.04955751448869705,0.006194546353071928,4656,0.875353,0.8321098784815437,0.8006028179508572,abs,1.0,0.0,0.0,0,0.0,0.9999999999999999,0.9999999999999999,abs,0.0,0.04955751448869705,0.006194546353071928,4656,0.875353,0.8321098784815437,0.8006028179508572,abs,1.0,0.0,0.0,0,0.0,0.9999999999999999,0.9999999999999999,abs,1.0,0.0,0.0,0,0.0,0.9999999999999999,0.9999999999999999
f10,170,I:m7xv7xq7,abs,0.0,0.04479002207517624,0.005999087821692228,4648,0.873848,0.8654085197544924,0.792699343960002,abs,1.0,0.0,0.0,0,0.0,0.9999999999999999,0.9999999999999999,abs,0.0,0.04479002207517624,0.005999087821692228,4648,0.873848,0.8654085197544924,0.792699343960002,abs,1.0,0.0,0.0,0,0.0,0.9999999999999999,0.9999999999999999,abs,1.0,0.0,0.0,0,0.0,0.9999999999999999,0.9999999999999999
