round_dir	path	sha256	bytes
(top)	actual_weight_score.py	e8802e1bd44a3491ea6fefc190eaca25068c77d4e01f2a8b20cf7e7d4e1a3760	3377
(top)	august_break.py	1843720cc843c7efea65909653cb501d471db858eb0a6afdf378dd67ed2d1e4d	3340
(top)	axisLEG_book_decay.py	245fef7e5b5446fb035c449a7c98d5d34dd7e255a161ef5027fa5df264119459	2290
(top)	axisLEG_combo_vs_king_paper.py	dcc24457916099a5e71c31d539d9d26ff1504e73fc84f021dc1dbc8efda1a492	2673
(top)	axisLEG_leg_monthly.py	fed70dadb2d8a8f6019ddb1dde269d432f35767ff5d33c89773e69a445cd82f1	1281
(top)	axisLEG_live_leg_ic.py	f6532afa9883042f688ebdadbd75c7058ab86a8e8aaf865015e84badc864713c	4187
(top)	axisLEG_live_regime_local.py	ed5b32282e0b6b204154e2f0442f528e154067ef98ae122b74839f0257dcf692	2489
(top)	axisLEG_pod_book_track.py	33119a63fe15de0660bfc5615f28915c8dd0f0a070d9516460ebdbbdb38daf7a	4011
(top)	axisLEG_pod_leg_ic.py	0565a3749aea7b1bc8a77d4dc0ef3dd1f683fab6edc54abda2e3186bebee5378	3497
(top)	axisLEG_report_ic.py	36f483c34a49179169ba6a2a143f644093cceb1b40c91cbb50823aff861263fc	2501
(top)	beta_neutrality_2026-09-11.py	e639edb1738efc38655df72b6d7551931f4d59a22d0d9073eeb2fbe2627c20cf	10902
(top)	beta_part2_2026-09-11.py	c66209e6115b374b61f31e7446e7800dd0a243cb5aa6810c02c0bac8a1193cbb	6383
(top)	carry_persistence.py	5993ea5f94fd52ff88fab81cdf9e515045eef0e77df233302549e2a8c36127ef	3112
(top)	carry_reconcile.py	8038119c414e3c43d9ba538e7b58a23c0e6d0b0d2070c8f12fc0e1cff34d61f7	3056
(top)	decompose_b_and_c.py	b39bc62539d59db0b441eb6841706ff49c313919982f3e062ca705710279d808	5526
(top)	devices_pod_cutoff_uplift.py	d3cec330399a1298bc22f9f530988ce06dc6d70c64fc2cf646d0d27a6648ef55	1420
(top)	devices_uplift_f10_ic.py	890406bf7a8f4377beb18f377ce4bc39b803adddfb5cafc48224439209c2ec53	1972
(top)	devices_uplift_pinned_ic.py	c813084043babf9c944a115846c1215339c1384e09c0882b2312b7fc25ad1f02	1140
(top)	devices_uplift_pod_fundleg.py	f4b15246c077adf51dd59e34c983d07843ed99eb4496b8f0dbdc6152aec06831	1843
(top)	devices_uplift_pod_regime.py	cc06146098a3a86a890c9564bfe080b602bba503edad16bacb0a28491e1590ce	2411
(top)	devices_uplift_pod_stale.py	07e757ddc18203ccabb7c523a4f85f777c656c414f19cfce307f52632891011a	4051
(top)	fee_per_anchor.py	7105e975dc96a80c86604a74930aa2f78bf76baae647669dbeb4a300bb0fd2b0	2862
(top)	final_numbers.py	e44d77550b193a3466cedf35ba5fc6d16101e1ae1059fb6c771b9d798d981e27	6184
(top)	ftrim_live_test.py	18891654d14251d53523cf65533c142ac15e728d48cfc4b43e57cd0f50530b7b	3239
(top)	ftrim_sleeve_live.py	edb9cb52750c7d953c28e305c3bab8c59d5184ef12cb89da6b41cea1d9edb6ca	3917
(top)	funding_audit.py	0287078f04ffc548105693c936d336737247e2327567abc984677a6f38872824	2843
(top)	funding_deciles.py	003a366a605c299762959b62a99d6a5d8bd21db6d60e32caa67caa6f67014859	4286
(top)	funding_report.py	0d94c442a53370f4ab481d85e6074bfa114d62fad7e274e11af363513387d446	5301
(top)	funding_share_of_pnl.py	d5886cc3e2f8273efa43ed9be5ab8a14812b5b34cf7cf015f8b540ce9c8c287a	2140
(top)	gap_arith.py	878665f03117583179bd83128582f69d67c507ded92715c7a0c1d7271e585ab2	1533
(top)	join_recon.py	964de1e5a857385f8ebbd7d2d1a7cbda3efbe34ec712d9d8868fad55204f558a	3439
(top)	king_vs_combo_carry.py	798fc42408f2eae47f547d03be41bc89e39f274d1aefb4b8f74318871068e9bd	4384
(top)	live_anchor_series.py	c73c3ee7f123fb4e1bdf96e8c98b0edcd61db180893c383aad8654093fdd3101	3612
(top)	live_daily_unitgross.py	2df1d9344dd4a98326bfd2d825ba4d66db59be59d971d79b2e918efa014bf3ca	3043
(top)	live_per_anchor.py	367359e016729d94d032da1ee3d46d17f523fedbb86dcc511776ee4261a62690	5017
(top)	nav_check.py	29ec4940509c77a651d848777e1814cab72d497371e8476e17ae7ed083978ff7	1270
(top)	overlap_carry_test.py	79eb587b14fea4fd011b2cfa61f13c1cc7ba7010a5a1aad99cf02650d99dd91c	1881
(top)	paper_score_is_king_book.py	d3d27246a44d832b9938021d0695a3814e5de7189c7a89abd955f50d9a16d78e	2351
(top)	part2_decay.py	ed5e762d82ca7a463c8f18125ede7341235d0aed47f4173119b05c05bec01f7d	2282
(top)	part3_exact.py	8645d0d2354639a5d3d93816bfa33046f5ee566206b4399d61515b933e9464e7	6143
(top)	part4_cf.py	141d209948d8dea4a5a0f22a9ea8c86c6883018589955ff51c14ea3c1ba39090	4839
(top)	part4_halves_and_bands_2026-09-11.py	2a409e0f4191221a4200fc1b3ee1e0c107fb0f610aa59b9782b6b605da2531dc	6072
(top)	part5_current_and_size_2026-09-11.py	b2b1addc652a5b731aa04f6e14be936ed368ceaa58678a632c3c741bde2d095a	6054
(top)	part5_sweep.py	34ff25c5dffa8282ce7a51d1f5b1845e22329e565bd1933aab441975de1b3afc	7147
(top)	part6_liqfactor_2026-09-11.py	c41e152912621ff9e42cc60b8ee0901008d937f30040cee39e5ca65f7e40a3e6	5415
(top)	part6_livecost.py	83c4b4dd951f5d52ccec9b196ae9fc0acbdab91470e19d1661332575a9002cba	4906
(top)	part7_final.py	056ff273da69d4ac8ca89ebb61795a5f3b746b309712349705db9a04f1398aa9	5062
(top)	part7_grossweighted_2026-09-11.py	cec10c1b24ef8efc013dc366081570bd0a6905ee18f475b1c753202f0657f9d1	4783
(top)	part8_paired.py	64f30cf0279e1c1b3773100b25abd276b4a69f97cf126fbf0b4188075450a528	4326
(top)	part9_tracking.py	72dec496035de47b37fcbafc901c6ac6109508c05ad4cc6e18754847317b3a19	3108
(top)	per_day_funding.py	f43d9f17d606ee15773e3d04e21029d1066f4828bee2531080343f5d16378073	2768
(top)	recon_paper_vs_live.py	b4bd36401099d7a3437fde5ecca1b5e788450379afcf17f48d4e8eedaddacbf6	4688
(top)	regime_part3_2026-09-11.py	7aa9ab9827c427c4020ca5263b8f2acd5aa1488781a8b71ff41fb18497d691ca	6760
(top)	short_half_carry.py	201595135185d28a2ec4ef9e58f256d24bae657a1205e4544f63b06c36f6584b	2033
(top)	smooth_latency_core.py	0bf8267622d6ad15280aa4ad6d7ef8462778b781256e0c6c83f51eff242e7ed1	3790
(top)	trackB_churn_decomp_2026-09-11.py	0ba2c2c9333c28a7c5268dd73b142ba400b1b3527446d74fbfbd9d978dc17400	5975
(top)	trackB_cost_decomp.py	475d8627b47d4894f9e0cc320286a4a44ab68f5648497836655427825dbe2794	7163
(top)	trackB_cost_v2.py	56891bf7912e1b4765cf33fd4468a65fa5b01399ec5d63d3126e8c71a7d0cb89	3024
(top)	trackB_drift_split_2026-09-11.py	bd2b24067c543a196537b011334b563897e77d6c0f75cc7250ae15e514a3d108	2980
(top)	trackB_realized_cost_2026-09-11.py	9eb531f4269ed2ae4bc246ff5ad55b97f156facd021c51fd2cf13c2f4bab4406	10002
(top)	window_dist.py	11138145c3dc13c0782bc7437dd13e67266d55f1a7837ae6a37fb3a27cad2b74	4109
(top)	window_percentile.py	edf82f5be4fc731836e4966261aeee91f8af499d445eb5250ad61bd867040136	6174
attack_trackA_carry	attack_trackA_carry/attack1.py	a3273ae1bff6e79df6c578e1a0d1fbaaed717ccc69eaaca5c4afbe134c2802bd	2423
attack_trackA_carry	attack_trackA_carry/attack2.py	dbf8c43489068ec9edcc59d14201fc8bd2b7d7cd5c4fa9be3b23bd5c2b239c32	3646
attack_trackA_carry	attack_trackA_carry/attack3.py	8092715fa87b69da02e804dbea3ffa75f2edc66a21b01828ae46ffc1bbbbcbaf	1941
attack_trackA_carry	attack_trackA_carry/attack4.py	875dbe43fe04412d4513bf132e3fadafc97229ab33e4152de037ca4f7f83adf3	2657
attack_trackA_carry	attack_trackA_carry/attack5.py	d355fa8150b455f09bfaaff0e17afc1e4f1c2a46bc434bbd516bfe108a45bea3	2926
attack_trackA_carry	attack_trackA_carry/attack6.py	9f9c34ff38b4a342caace43e169dbc0c9c6d0a00119eff4c7ee0e5366022d78c	4153
attack_trackA_carry	attack_trackA_carry/attack7.py	788090b1cbd85b4eebf97dbe9a3307f03491e381e606904f0bbe1e59c156df1f	1941
attack_trackD_newalpha	attack_trackD_newalpha/a1.py	fd46d897d22f96019357fafcd3f3c6b67ee6b4cf33cbb4f8771061d91e5bd6fb	1846
attack_trackD_newalpha	attack_trackD_newalpha/a10.py	84020e706fc2880e49959f491a35666f28f0b761cc63a35284d75d79bd1f3d05	1470
attack_trackD_newalpha	attack_trackD_newalpha/a11.py	1e338e9fbe83426e286f93017d4ea810c2e9a1b49d4d894ca28635b112b2fa46	3016
attack_trackD_newalpha	attack_trackD_newalpha/a2.py	a47936b86c88680793a4c61eb25b110d2738515bc2202ff8206ff521b8787174	2079
attack_trackD_newalpha	attack_trackD_newalpha/a3.py	3bb0265ab2dc685b72b8e85b18918bd148d6cc1902e17ac84d5a98a5e03204eb	2917
attack_trackD_newalpha	attack_trackD_newalpha/a4.py	3ac315f8ae4223b9d384343a257bceeeacddc2fcc90f77dbf98da0dc64b3b74e	1907
attack_trackD_newalpha	attack_trackD_newalpha/a5.py	5282223d3b931e458223e8ea90d56dc5079534a47cc14fa73954e7f793694b19	2974
attack_trackD_newalpha	attack_trackD_newalpha/a6.py	2638bdb97f09c2c1d709cf63cd0b8b3498de69138471e04cc14e820437c69335	2259
attack_trackD_newalpha	attack_trackD_newalpha/a7.py	efe043c5ee0069240971ad4e4d3213d3cc3b6aeb5bbb4866570c41148cd8b955	2199
attack_trackD_newalpha	attack_trackD_newalpha/a8.py	9755ce664cee749b8ab37c7dd09fe7b91b0cb4606892b130a2974a1c4a374215	3536
attack_trackD_newalpha	attack_trackD_newalpha/a9.py	31d638575b40f2b89322dda5114774a37dbc7d8d3ba33e5a8bfec6634e901e2c	3137
attack_trackD_newalpha	attack_trackD_newalpha/drive.py	3d0442c634e2354819b9c6f2bea7b3a5f80643130fa8e53e34805e71e8ccee7a	4041
attack_trackD_newalpha	attack_trackD_newalpha/drive2.py	b288f0ebd2eb9c9d9566a299da95b943b1152c1dfa6c9c32d1ebc44e6b9d2741	3129
attack_trackD_newalpha	attack_trackD_newalpha/drive3.py	dc2e767de0c6739141ccfa3a71ff8ebd55d8c7249c572ecbd84a48290860a6e5	2263
event_state	event_state/devices/build_feats.py	b69b0084a2c65a8e7d6231579713fe955acc14542ba6b85fb95670e2ee8b4be0	5539
event_state	event_state/devices/build_sett_v4.py	5e9d355b9b31cefca2ff8bf3ea10a2d70069e0f3e0f577fe6f69c4212fe5c285	3997
event_state	event_state/devices/decomp.py	3c5d348a8183e77e81c295664b9928be878073f9a15c10338de2823939b872a7	2051
event_state	event_state/devices/drive_G.py	32fcb4fd265c57b5c55624c3d76f1053c60c53692313518d597ea22dbbd3b151	3392
event_state	event_state/devices/drive_IB2.py	7e40d349e2a6faf301988e293771e447a45325be585d73a59f94311e67a6add7	2615
event_state	event_state/devices/evcount.py	079604b300acf7d21bea507c43a62a62deb416e052d854b2300eb2dff6984920	2629
event_state	event_state/devices/ic_spec.py	0db5ed3a2de05e3180d5f3a75a3e7104c1657c5fce822c2530d1c9d6d2dd6113	2330
event_state	event_state/devices/judgeG.py	8b4bc02c56010e5b8165e8457de1091273ea60e84e9a6a92c36f4ddc6ff893af	4211
event_state	event_state/devices/judgeIB.py	3b955be6c612ea3c12a4724c6056774a13eb30cb3230b90acc6964900823576a	2727
event_state	event_state/devices/nonarm.py	d35672d5b3be7661ca3eb3ce7462666735d956a53eab10300e1a981082085678	3561
event_state	event_state/devices/parity_fix.py	90e9745d8758082894d7d3c3469defbb5b07633d3aab4a5149e0ee26448edfc5	2293
event_state	event_state/devices/reportG.py	770dd4693a85ca310d430ea97ce84f9df5c7d45ab8199510844251bb98b6618d	2213
infra1_cost	infra1_cost/analyse_infra1.py	a6547c772b7b5edecb8916a8621ca5b65c771fab7277c596388823bcffb42b7f	2968
infra1_cost	infra1_cost/calib1.py	199932c0636257863d392622156a5264ae2ff5042bcc85a77c0112bb548c8c4f	2066
infra1_cost	infra1_cost/calib3.py	ad66e11ef5a06a7adc24401c06b3e8c051ff03f16a13c0ff989fa6b048ea89ed	5989
infra1_cost	infra1_cost/calib5.py	2c2bbd3b9d283ff7a6d0aeae6cc6d66c453f458e15950d09d88522d365c8e60a	3974
infra1_cost	infra1_cost/calib6.py	2229b8e33948bb0f405e30db8dd894c9cc388cdc148dea1af4e0fd651beabca0	2907
infra1_cost	infra1_cost/extract_fill_costs.py	58c586f3ccb98b18b740df079edbe4896fd27d53c3d61a7497d399d7370a894d	6501
infra1_cost	infra1_cost/judge_infra1.py	14e95b35b721f9e79dd084cbc4c52fde1c055a4ee0858994c2cb22dc349da683	4029
infra1_cost	infra1_cost/killcurve.py	299c041fda4fe7362a2be9c03bd2b80cd34d72557dc9d1b4cbb584795543d35b	3991
infra1_cost	infra1_cost/mk_costb.py	3d49859270ac54b30e7b0c7de7b9a738c92ed5f53de1ca0b749cc054b3ad6768	5096
infra1_cost	infra1_cost/reprice.py	943ada020d675e360fed9163c38556b9ab68553d79a050ef9cd7f345bf1088a8	4701
infra2	infra2/diag_parity.py	ac11f53951869519cf720d9e42b7694f3540b3a03671c92ba9ab15113f4314b6	3378
infra2	infra2/gate_P_bitwise.py	7854aeedcdffc890bec425375eabafd372bcb838645c05173c6d9604274971ed	2710
infra2	infra2/gate_signal_parity.py	19b7419f39228c31a66e8fa3278e5a9fe72a6379efe5e2013858fb3fc7c3572b	1774
infra2	infra2/judge_v4.PROPOSED.py	62e9da3a5d9b27712adc9bf7f30098662886e5a50309d137856d75164159a0bc	35238
infra2	infra2/measure_xib.py	e0b4ebfee52ae2cc72201f3fc6b932cfba372cf258b23b23b26605b3eb4194e2	6206
infra2	infra2/run_xib_bitwise.py	1d3bec409f96b51f5e34376335cd9182773af00a00c65a44ba7b230f058917fd	5008
infra2	infra2/v4e_gate_export.py	f814c728938482b876cbcaa31f200832d207a0f89387d58ed3e2d0d45448e214	16136
infra2	infra2/xib_signal.py	3110388ea920e7cbd3b61d7ed2b8ca5b1bae422fa58b4dd94ecf4deb9f69fbec	2305
judge1_r6	judge1_r6/j1_decomp.py	76b5e17e205ba03b5be31bc468894683649591e4630c3e6d8c9588b382acb6b7	5023
judge1_r6	judge1_r6/j1_fee_fix.py	a23dca31acde6065ac9a418480a930fce868dcea6c57262844b215b22bef2d03	3494
judge1_r6	judge1_r6/j1_final.py	84d68fa04ba5984188c4c156a3331debf1b091357c32f5e8ab108fed7eaa916c	6064
judge1_r6	judge1_r6/j1_fundsign.py	c9394041770c6fecba2a2dc9f3434bce5b7046adf067dc68641b3093bf71cf40	1520
judge1_r6	judge1_r6/j1_realized.py	4096fbbc91e6488ca5508341ffefe5e5b668d5d5742a443356ea545c09f8c231	9640
judge1_r6	judge1_r6/j1_recon.py	ff3f153003fbfed0c3bd1cc3bac0a47110e2eae7b641e668bc1c3d49b78816fd	5087
judge1_r6	judge1_r6/j1_regime_pod.py	79c28167cc7b44072b357de3f778c87fecf310dbfb7cb7f850edc3cc33e74ac4	5504
judge1_r6	judge1_r6/j1_stats.py	706513d81a3390570f9e42b8c02814193eb93c1c31cd19996df37d0bdc3c74a6	5780
judge1_r6	judge1_r6/j1_symret.py	4b64ece5ad76bf2d1299ee09e22c4b5877a4a1150729d38942673583b3873044	3300
klass_independent_objective_2026-09-12	klass_independent_objective_2026-09-12/klass_recon_a0.py	d33b5b9af460850dac4dfeb841e1cbda6e30233f456be00fb04475d06697b994	1056
klass_independent_objective_2026-09-12	klass_independent_objective_2026-09-12/klass_screen2.py	77906403133a14a1c096f08caca922f4b234a73cc41fdd8188b9689e95952a9f	7183
klass_independent_objective_2026-09-12	klass_independent_objective_2026-09-12/klass_screen3.py	c8ff51a385f75b27279c89c002303ee21d1c4046ff65a1fdad1c650f35828e9a	5579
klass_independent_objective_2026-09-12	klass_independent_objective_2026-09-12/klass_screen_step1.py	12d3690be7de5fe6b36eac82eb55c31e3089be616a608365533aa3125a8d9dbd	3542
p6_receipts	p6_receipts/gateP_p6.py	2454f65efbb5362fea65c2886cb96945ac1f4131d24e81c9574ef5df2d7afb5b	3562
p6_receipts	p6_receipts/p6_amihud_parity.py	9af3d50090959048c3a559108060ef618caf3a7e1c54b3c565245d3c2a49cd36	4911
p6_receipts	p6_receipts/p6_analyze.py	e57bb8e20fc98e65d309401bf718da5f2ff08e1fe50f5d5228c6cb187529b075	4352
p6_receipts	p6_receipts/p6_book.py	f5152851830310ef3e3a4ee200ccfedc7aa6176be392e996374feeda820938ec	5148
p6_receipts	p6_receipts/p6_book400.py	f957247f7a27a7bc518e3b85225d4bc3d60c9ca3a0f448a191bb4c24dc7f632d	2033
p6_receipts	p6_receipts/p6_cap.py	0ab93677ac68d5c31c9d0baf801d76e736265e5a9ebbf0a2cafa21d6fcd9d4ba	2490
p6_receipts	p6_receipts/p6_combo.py	a689b4062f28806504a15361e548088908196c2d5b34ee8dfc94c53bf18ab3d3	3548
p6_receipts	p6_receipts/p6_combo2.py	5a0dc2b8b6ce5f1cd591adf81a8dc51b48df0158ff7aeedacba7c8d146e112db	2601
p6_receipts	p6_receipts/p6_ops.py	4091ca857a0495e0b9ebd4cc56d84901af29b8668e660d5d74ab4963835d9f89	3047
r10_combine	r10_combine/devices/s1_revshort_rebuild.py	5cf25f225da4877b9128bfa009e7884a4eaca714f34b3ed7c249338bdbb5ba58	7678
r10_combine	r10_combine/devices/s2_combine.py	03e5f69e55503a1156c64a5a070fd0624cac5ccdc9072aaa223ce401e9e0f034	16746
r10_combine	r10_combine/devices/s3_combine_final.py	7a6d01b6330ff7bd05272a1eed8f684e78dd73f6d4bcf522c75b950e4a2d4666	19712
r10_combine	r10_combine/devices/s4_optimism_regime.py	3d168b2b22f580524e561b9bd793d7184e3d7413261835969f4ca9645985d9eb	14276
r10_combine	r10_combine/devices/s5_diag.py	969b779c82211b548a50558e1f596e5956410a5203f5d11a96c1a00754027688	6735
r10_screen	r10_screen/CMUM_CARRY/analyse.py	ca6327b7f0da26ae4749c592f6f8013e19d1356c7c573decdbccd52512506ccd	6463
r10_screen	r10_screen/CMUM_CARRY/build_book.py	4c681ca59271e2b7c619360ff538bd2fb8bf7a031e5f800565863df7796a8343	4529
r10_screen	r10_screen/CMUM_CARRY/diag2.py	ac493e5047cbdbeee83aca01807bb0274017fe7a5c37e44055d41f0c6d5a7fac	710
r10_screen	r10_screen/CMUM_CARRY/diag_basis.py	a0fed82c5c3a5495fafa40deebdb7ad8d401d01c93bbacdc973862f3a86fe526	1085
r10_screen	r10_screen/CMUM_CARRY/final.py	6992d9dfd44a6fd69dc4988349ec4ecaa6aba663d25f963977489dfd6a015d31	5227
r10_screen	r10_screen/CMUM_CARRY/final2.py	60c7fd23fb29a9575e500b3b750efcdcb458289dc03c2a157cd2c9c26c1c43c1	9733
r10_screen	r10_screen/CMUM_CARRY/final3.py	03060272cb1dc0337ff5b712d3b5de27350604ee03b11dd79852320ef5617b87	5600
r10_screen	r10_screen/CMUM_CARRY/final4.py	db5969a67fb48af21a509eb650490930eec07c09e578870fac27e2f864d50576	4127
r10_screen	r10_screen/CMUM_CARRY/final5.py	3c6e2a40b6b75bc880838bb584cfd32948e0fca3926599d1baa4f6a2abbc98d4	1551
r10_screen	r10_screen/CMUM_CARRY/parse_funding.py	dd729785c329c21dff8d8f1c080656ee2fe403c6b20738fb0ab9a02b2a493f42	2250
r10_screen	r10_screen/CMUM_CARRY/parse_klines.py	1a8201923a20371a49e2d2e9df7112c5d68c053a4413b7474f45c45173fe8380	2116
r10_screen	r10_screen/CMUM_CARRY/step1_universe.py	4d038b42b929397779f58489d632c4479645a268e8d58d1d065b26387d7452a1	1197
r10_screen	r10_screen/CMUM_CARRY/step1b.py	0335128a64c9c0a8f1d96a917c4283c44550010fb5cf22ed7a70342147274af6	3671
r10_screen	r10_screen/CMUM_CARRY/step1d_tradability.py	dbfbcd747ca2fc79df635431715910283e8dab5517a911bad91caa5dd57166ce	2375
r10_screen	r10_screen/CMUM_CARRY/step2_carryonly.py	cc74385cf3cacbd0fed871e780d3f512e05e367423ea9bef154a7b90e0606500	3173
r10_screen	r10_screen/COINT_PAIR/devices/s0_feas.py	d54ae0c6436323e45c4b1d6fa837342b4bfc1611c2bc71543ccf521b47a051c9	5458
r10_screen	r10_screen/COINT_PAIR/devices/s1_engine.py	b8af58df47982d11e5d4cecb9b0d5350c0ffd9d3b1c80a18c4deb18020baef01	10954
r10_screen	r10_screen/COINT_PAIR/devices/s2_analyze.py	b72575925b4ef4431507f9932a6b51fea7349fc81e28f8ec45b9b69ce862846c	12033
r10_screen	r10_screen/COINT_PAIR/devices/s3_grid.py	25151e9ac78d9ea1f6d3493cb6eac48531c2e9f90b59be0844162f0d82ae120c	4063
r10_screen	r10_screen/COINT_PAIR/devices/s4_addendum.py	c308b3fb9ae62629136a082e604b893ad578d3d283acd502aa90596850430a5f	6159
r10_screen	r10_screen/SLOW_CLOCK/devices/inv0.py	2cb3adaf8be8ad79a823ec05f654cdb2f67340815d0b0089e6b45803b25df05e	1297
r10_screen	r10_screen/SLOW_CLOCK/devices/judge.py	078d04303339b1a68254d19744866f3bfb862a1a7b99da2e06e81c8b95974b6a	9911
r10_screen	r10_screen/SLOW_CLOCK/devices/judge2.py	61651b77ccdc1fb9c59d18d2694e87242e1627397db3f4953d998d33771970c2	5011
r10_screen	r10_screen/SLOW_CLOCK/devices/nulljudge.py	ed5f7adc3f3310cec7e9e9814d5dce9ed77fcecc5b5391199bd94d63f25e563a	6377
r10_screen	r10_screen/SLOW_CLOCK/devices/nulls.py	a70a372954f75de03690242347028b00e19e7ae5edfe3643ec00b82fc3a4750d	3081
r10_screen	r10_screen/SLOW_CLOCK/devices/offspec.py	18e698725304e353ec9af0c0eee563e69ec6e2014f30e49e16f36da67ccc00a7	3398
r10_screen	r10_screen/SLOW_CLOCK/devices/reprice.py	b45e153214d0db88112159ced30ef59eeb933b0aa43e59bbdfa01ca719ff6105	3987
r10_screen	r10_screen/SLOW_CLOCK/devices/s12.py	3bb436fb22d29532fd78be0a9897774af9184a13b899c46dafe10a53ca5b1537	8205
r10_screen	r10_screen/TSMOM_DIR/devices/r10_tsmom.py	251b8bdb9afd30ec6f78814d3d60ebb0619b9f39d6ba89e401a86aa93192dce9	10802
r10_screen	r10_screen/TSMOM_DIR/devices/r10_tsmom2.py	ddfb13ec7d3a6818bdc5ad796a9091d00e7e284b88d647d863e5f7c6c5d2d847	14342
r10_screen	r10_screen/TSMOM_DIR/devices/r10_tsmom3.py	ccdd2689aaf5e4a6c2cfe261845e27e2e2de53cd5798d9b98a2b285fd216b4d3	9112
r10_screen	r10_screen/TSMOM_DIR/devices/r10_tsmom4.py	77e52afda6fa3ca629418e92c98fdfc5dae1a518f0d1a01359b7e0d3ca78d67f	4724
r10_screen	r10_screen/VRP_DELTA1/vrp1_screen.py	e4e0ace950ef11f5efe0abb7bf5ff69f2716fe0240e8b59966c73e8eb800f6b6	9352
r10_screen	r10_screen/VRP_DELTA1/vrp1_stage2.py	9a37ebab2619b0b7355f53383bcb6ae800b0e947729bab25267b3c5cc5ec6ddd	13958
r11_costtruth	r11_costtruth/scripts/export_fills_for_markout.py	b6e66752cb8f8765dda2bbfcf1d6911515109802683c62a8fd8049d11f69d3dc	6103
r11_costtruth	r11_costtruth/scripts/markout_cdn_multilag.py	d9feae3240c1171d7d01899a3cdf54e959d1426a9264fc77546a04ed1711e8c8	12220
r11_costtruth	r11_costtruth/scripts/r11_decisive.py	56d05e45cc0aabe459c120e4bbdc3323dfabdcd379c1d0b9e5e71a25b563f33b	6051
r11_costtruth	r11_costtruth/scripts/r11_fee_side.py	5eacf24216f7341d1753e47c578039d3233335209d86d9aa2c089b22296f3cec	8438
r11_costtruth	r11_costtruth/scripts/r11_reprice.py	3b60c06b8b61229abf910f6468b76200063c5ed1c1cc62a5851457c1b8209258	8079
r11_costtruth	r11_costtruth/scripts/r11_term_structure.py	d5df8bf667043777cbced6b375de3022a46cc2f5ae5ffcc140a16c24174d1da6	12066
r11_income	r11_income/r11_financing_arith.py	e6f439ceaad87f6847caa091ad4bf84001cdb9bed0bc2d04450991a49c0406a7	12150
r11_income	r11_income/r11_income_arith.py	dc674dc8acdb3d7414ffae3538a3ea9ca14f682283c3b23f894f3637d9b0ab86	11261
r11_income	r11_income/r11_quoting_arith.py	8db465954ef4e07fab1ca702f89e91fb86ed8d87756f3b82e0df564ca81fd03d	9699
r11_income	r11_income/r11_totals.py	8964155dcf4607e902f7ff1984d476006d49a45c8fe5a094e115ccd53c9e17a7	7693
r11_tail	r11_tail/devices/r11_frequency_tests.py	461ed95dd78a6526f2931185d28e43a373ab28c824d4925f98b13f9319636b5f	5590
r11_tail	r11_tail/devices/r11_live_vs_replay_vol.py	c16c7a918745b7f6a705b24ce51fa6cccc5bf5b3d3b2a38dece4813c5eafcc0e	7690
r11_tail	r11_tail/devices/r11_tail.py	13190ca9f34f72d2e116701081bcc30144f2c333fdd570f15aaf07fb0ff9bf05	15359
r11_verdict	r11_verdict/devices/r11_cost_estimand_recon.py	f500a1cada695f43ee4950470957cf5516db87ad53bbedcb5417fc94cf7573d2	5037
r11_verdict	r11_verdict/devices/r11_verdict_arith.py	8dfa612b5efce3cd6f0b395eeca801ef40324449c3d706ae2cd2e6361d36205e	10415
r11_verdict	r11_verdict/devices/r11_volonly_variant.py	51df0c5422cdbb36041ab6b25912c10f8ca96bfa24d2527e7835387b840eb472	2493
r12_intervene	r12_intervene/devices/mkdev.py	67d2290413328919d9111944cdf0f4acfc6a677b7791fe7513fdfae212cedba0	8232
r12_intervene	r12_intervene/devices/mkdev2.py	6c78a80237033a82a7fed6c9416a23df9cd277a465c87399adfef0e1a9b6e601	2960
r12_intervene	r12_intervene/devices/r12_batt.py	73bb52f84d27f5f1a3e8103ddcd0dd92173c92c64dcafcf105e4d301ee6fa894	12562
r12_intervene	r12_intervene/devices/r12_decisive.py	75ea6e754de670eb16c53f06c92f46dd4af0de39a78b37dc6c9f513366f42a40	6309
r12_intervene	r12_intervene/devices/r12_diag.py	78427fd324f26e5c5db4d163ef63421eebbf2f94faccbb32be678b36f2447dd3	7232
r12_intervene	r12_intervene/devices/r12_drive.py	f6ddb1a736b71512e9cfcf3098d7c58d823f184a3c28e6d88efa2b7eed946186	4602
r12_intervene	r12_intervene/devices/r12_gatep.py	3fce920976fba050f9e41454ee58c3dcaf490a6abc0328128bdec1794eb64503	1600
r12_intervene	r12_intervene/devices/r12_mon.py	92c38cd49f01ca43b4298c24f032d96e2b526b726ac3a86d089e29ff7f1cdf14	4437
r12_intervene	r12_intervene/devices/r12_nulljudge.py	15ad0a06f82494d9013016a4d803f8d474295fb9a31c9efc98d859ec3b2b356e	5097
r12_intervene	r12_intervene/devices/r12_nulls.py	7f19d8fae142a703f4283452aa90a5d1796602b4a2fe6bab409f123abe48070d	5777
r12_intervene	r12_intervene/devices/r12_trap.py	204629876dc83418009048f6364fccfaaef2542f756048da193582ea57cbac56	3811
r12_intervene	r12_intervene/devices/r12_v1.py	51a54fe1bc318850aef7eff591cc947d8d9df124a61c67c641dcf4af53bc0590	1004
r12_intervene	r12_intervene/devices/r12_v1b.py	0b03ce847f55676bcba02df7eb959b572928e0b8e6093082230d1996bf36febd	1416
r12_intervene	r12_intervene/devices/w12_intervene.py	5894cc71cd32413ef02dfdcb949a9d8ed79d9b43a6b905c1b658f0b075eea649	38832
r12_intervene	r12_intervene/devices/w12b_intervene.py	ce3b79836a60647d7a110f6e82c0c929e19b4ce86e7e460ebf801f99883f5926	40021
r12_regime	r12_regime/devices/_env.py	7fb35b9a61c0f393f23e30e10ac0c0ba6a04b87cbd3dbd4dc7ddba033635bbc8	1153
r12_regime	r12_regime/devices/pod_causal_regime_r12.py	7eb3194525047d8c146b519a964327b0252ae3203a93891e88c253bae75b7a98	5933
r12_regime	r12_regime/devices/pod_causal_regime_r12_v2.py	75362e2953250aa604b22085bbe9817d0a0517ddfc64b7a3082bcbf1c0c2f85e	5716
r12_regime	r12_regime/devices/pod_halves_ex_r12.py	8ca237245223214de25d43767a437487ebe717cc069152cb38a09a36ca1a3fb1	3805
r12_regime	r12_regime/devices/pod_halves_r12.py	821c59cc4dd0b5e23adaa4595255d57169197e448a7aa5c3869c0b4f50e09277	3510
r12_regime	r12_regime/devices/r12_regime_table.py	b52a29defc8f1fc87d1daf953b6755bd5d2b2402e8536eed29b06b02d16cc88a	16360
r12_regime	r12_regime/devices/r12_stage2_confound.py	3e9c39e12db9b4d0dfffb343ee3fcc9115fe8cd297a90dbeba495eb847b90812	10273
r12_regime	r12_regime/devices/r12_stage3_beta.py	a4f3a26e4e549bd0d16d83b65e04ea0a0dde1e893dd5f2bd27a66bd7c6b5ea9a	7065
r12_regime	r12_regime/devices/r12_stage4_live_recon.py	cf41c1cd6edf5bc65f9df9ef6bd344b7ccd5063e5aedc0bbee5ab88bae77e73c	4974
r12_regime	r12_regime/devices/r12_stage5_states.py	379165480934e9833bafbbab293b85d47e817f3d1128a79ada6ca01dbf9d94f2	6677
r12_smoothing	r12_smoothing/devices/analyze12.py	a8ae5557c715d17bab5ab09b7eff6088981cbd54e2fec74083b7b0c7015468cd	12993
r12_smoothing	r12_smoothing/devices/bite12.py	1864393a108339696dec34338eaab15cff4495ec93cb2965f738a3eb1e73af11	2219
r12_smoothing	r12_smoothing/devices/drive12.py	142eb3f0b8e31cb5fdd12df62081331b16c57a8c2e4e05ecf0bb3dfe4009e770	4014
r12_smoothing	r12_smoothing/devices/drive12c.py	3fff4bf9aafa7c8337862208be8f563b9f5ab8ae80fb1436e15e7da6f3027995	3356
r12_smoothing	r12_smoothing/devices/lag12.py	58554f340f69b51c7c26ae2708f57dd4e2f58bc34a59dd97d454f5f3e6eed083	2685
r12_smoothing	r12_smoothing/devices/lag12b.py	a0a461962d2fcef4c7a22d679afb2f110c6dba29fced212d3c74086ef10eff6c	3214
r12_smoothing	r12_smoothing/devices/lev12.py	02f92f0c4a0e17b7910b280a2f2161b229d7751256c7d390d215917ad685447f	2753
r12_smoothing	r12_smoothing/devices/mk_device.py	5360f0067bc0705f4176caf95ced2e073a2c26b4164c0d734b3ba07b770036d1	4894
r12_smoothing	r12_smoothing/devices/mkmask12.py	be19013fc9aa8a4f52e90bedf362b739fdd377afc5f0b3971eb0cfc6ccfd8787	1516
r12_smoothing	r12_smoothing/devices/regime12.py	6abc8699c7b0206737ab49966296d6cf92903790e10d6dfcbf86bf537dabad10	2152
r12_smoothing	r12_smoothing/devices/w10_r12.py	79d7f5709b6602413181ccf69c5580b112ea9bbce0150620a93662b744f32e47	36261
r12_smoothing	r12_smoothing/devices/w10_r12c.py	6a6d2b0a426d4ca6a175873d707e5ecbae9850df1678b2559cf544624e8c2fcd	37935
r12_smoothing	r12_smoothing/devices/w10_sleeve.py	b88e35a46b93d712422e6b6d60bf163b841be147d49278131b63f0f47a490650	34058
r12_verdict	r12_verdict/devices/r12_verdict.py	d71ec1af88fdb56d0304715993514e6607621dd9f22f7adf4ee4d1a4612936b3	14400
r13_A_halfscale	r13_A_halfscale/devices/_env.py	7fb35b9a61c0f393f23e30e10ac0c0ba6a04b87cbd3dbd4dc7ddba033635bbc8	1153
r13_A_halfscale	r13_A_halfscale/devices/_env_pod.py	c35478ba6adab32cbee8f4fa293f65accb146fe954fd093d3622c563c5388682	1316
r13_A_halfscale	r13_A_halfscale/devices/r13A_build_pod.py	3cf2687d4a188425983226053123b729f1fd9c1c8556c12d73755ec4d56c658a	19481
r13_A_halfscale	r13_A_halfscale/devices/r13A_diag.py	5baaf4bd48db9713172ff00c1e3b8b91a4965cb6dc67f755ae58bcaface80580	6046
r13_A_halfscale	r13_A_halfscale/devices/r13A_judge.py	81d51c1659c89c4d9ac6c1ebd3779a0fb32d4650609b4b9b76a0c72e2d27c39e	16155
r13_A_halfscale	r13_A_halfscale/w10_sleeve.py	b88e35a46b93d712422e6b6d60bf163b841be147d49278131b63f0f47a490650	34058
r13_B_withinhalf	r13_B_withinhalf/devices/r13b_chk.py	81e2d8a1732c122beda3628aa4a07687769bc1e7962b8c890c376c460ae42130	2291
r13_B_withinhalf	r13_B_withinhalf/devices/r13b_core.py	54d98f8cf2ac16493387d767a1f614e9507cf09b5cf58fa9535ac95879b5a375	41796
r13_B_withinhalf	r13_B_withinhalf/devices/r13b_tail.py	4e114cde29f19fa5bfa6300bff47e28bce3b56a345b30db9b775bf1d31d9eb2a	9445
r13_deploy	r13_deploy/devices/_env.py	7bf29c1c901f12a4d8968ebaa84541e50b88375f028436d4168ad9677f6dd042	1319
r13_deploy	r13_deploy/devices/r13_beta_pod.py	e8abe369882b6eef5c504e5017faaab0fe429da41a32c4b6b6cbfed2cdb363ff	16986
r13_deploy	r13_deploy/devices/r13_reshape.py	3b8157c675587d96aad3e95f13507d14bfebf148b9b72346db85d645d8b32531	24931
r13_verdict	r13_verdict/devices/r13v_judge.py	e54ceaad3a8214cb7bf2b15445920759b3ea02e4da011dd9db021a989f4ab108	12706
r13b_nulls	r13b_nulls/devices/r13bn_device.py	ac9ae21564b7d55514705ed9ae6cee1e87cbf9a3b774379a4536a530f2d4c156	37261
r13b_nulls	r13b_nulls/devices/r13bn_verify_local.py	a09f843cff13ff74e59ac8c7cc42d6ae8b5b2ff4b470d75db687b04cba0ecb64	6287
r2_horizon	r2_horizon/devices/build_feats.py	6e4ec1c18bab51f20c78db3a6a0b59d878ffb1a62c09c84286a4d2239f374547	2432
r2_horizon	r2_horizon/devices/build_feats2.py	4e1504e6ff717c1f0b4b4807e8942d8b88316338cddbe6cc97203e40881e83ee	1450
r2_horizon	r2_horizon/devices/chk_parity.py	d47d91b647332023f1e35179ede70b244cc15c461daad4d8f5fb30dd2bacb25c	551
r2_horizon	r2_horizon/devices/clock1h.py	23750977dae695ec4930cb734d1a4a2cf748ac063b7e833cd2a40934983320d7	4501
r2_horizon	r2_horizon/devices/common.py	9d27990c087803ddb56ca83746b3328a81d53c58a159a698d1e9c3a9f97959dc	3481
r2_horizon	r2_horizon/devices/conv.py	b136d26b28c10a1d03a0c91a3c5352a3f8478a8523284d47d031f7e74b85b38c	1357
r2_horizon	r2_horizon/devices/defcheck.py	94eed939cbf7d7b70de70d8d21f448df07536fc27e3fb99558e6fa603d69457d	2131
r2_horizon	r2_horizon/devices/defcheck2.py	1698a1792b0be94a6f19eddb204acd723028a3979f48b3cf9e279404d4f25a1e	1816
r2_horizon	r2_horizon/devices/drive_ABCD.py	400897ac3cb1451c0e7c9169f61bdb1bdfdf041124d014196fbb7bace42e8011	2167
r2_horizon	r2_horizon/devices/drive_E.py	80055aaff41cdc77386ebb27a1e127e04344adbe8fa1cbbcdbc186f2218ab433	1210
r2_horizon	r2_horizon/devices/drive_EXT.py	f4ab1b0f03f0e76cc61a00483e22dc6a17ea69cf77f81075bf29c9e09b29793a	811
r2_horizon	r2_horizon/devices/drive_FIN.py	c45163a1a62dfd2bb9d9e821d8ef33b0fb565fffc52d3d6071a320de4c0139ac	2058
r2_horizon	r2_horizon/devices/drive_H2H.py	c47ce9ba610caa225376fc8cc8a8c3c9304307c15eb81eac96e08168e9309dfc	941
r2_horizon	r2_horizon/devices/gateP.sh	ed2804c98bef34c83aa56d7c59ba2460f1bb4cb76028aeef70245b714cb7ff1f	929
r2_horizon	r2_horizon/devices/ic_decay.py	1e10aca4a976dbbe38e4a428568444774c73f13a79dcbf44d55a522d5ac845ac	2621
r2_horizon	r2_horizon/devices/offspec.py	3702ca891725b656f4a954cc7c1df2485f5e87272235725e7b36ae8fa6733468	1407
r2_horizon	r2_horizon/devices/rep_E.py	dc95bf0eef4209b8178c59b25b328996fe5ff68bb9d8e9c7e2454c5e8f20f1f2	1007
r2_horizon	r2_horizon/devices/rep_comb.py	4f86e3b94a604988ebb4c4c2d3279ec03be98e9864c2b1ed28c0042f029d97c7	1364
r2_horizon	r2_horizon/devices/rep_decomp.py	a51157930f823a5a9b38b7bcac4a9adcb1401fccb1819a9202efe8d1800fcb33	1830
r2_horizon	r2_horizon/devices/rep_fin.py	b3d68ab8b7cff0e2466c61ee53d72278c290a7e8d772d93f6cbe9e7bbfbdad5f	2501
r2_horizon	r2_horizon/devices/rep_h2h.py	7b8ad09d945ef7e20cb3f3d0a9722b88b75462adf68a8523495be389c4349c49	1183
r2_horizon	r2_horizon/devices/rep_last.py	fcb3fcbf5fa1e4eda5892bed00927a28436a8c3b840e684d90d9a2e5dc0a3b8e	1042
r2_horizon	r2_horizon/devices/rep_main.py	7b3612725cb799a6b93a388217bb31ca70423ca4928adcc8032696207c360bff	1253
r2_horizon	r2_horizon/devices/stats.py	ac3259e06d3ba298da2bf829a3fc5631cabe1f7c176198ebe2ad7f12efc13470	2054
r2_learned_2026-09-11	r2_learned_2026-09-11/devices/diag_r2.py	0e989779f22cde793312bd11708d77f080995d4158ef6bb7109fd9c22b28aba9	3611
r2_learned_2026-09-11	r2_learned_2026-09-11/devices/drive_r2.py	be44b4ab4d8a0a3fd3337c8bc385ee71ca7da9277ca856576e09ea92b3fdeadb	3299
r2_learned_2026-09-11	r2_learned_2026-09-11/devices/gateP.sh	31f30e11cafae9bb36f9d5b4dc02a179b92679663c1469d352c61634ddf5c22e	827
r2_learned_2026-09-11	r2_learned_2026-09-11/devices/judge_r2.py	422ad00639e0f4f15160499727f0abb55b5ee4ab7e574d933de31b60636755e5	7635
r2_learned_2026-09-11	r2_learned_2026-09-11/devices/mech_r2.py	2e294da0e8bedc238dec8c22225808ab3c2b5bd3470a2cb80802ac4f09063dba	2682
r2_learned_2026-09-11	r2_learned_2026-09-11/devices/mk_pg_mats.py	c3417d5b10439cb4b7f30e1756b4c657a3daa6ab323058def65e33ad95fff688	667
r2_learned_2026-09-11	r2_learned_2026-09-11/devices/prior_gate.py	8ce2e3028f568b1a46cf366f4a0b36dbd99a4dfc72e88b2452be58d81d06f919	5495
r2_learned_2026-09-11	r2_learned_2026-09-11/devices/r2_bookerr.py	50fc901a829c97e48b18244664f0d0fea36b8b1347cfbe708cdca2641cc81d30	4844
r2_learned_2026-09-11	r2_learned_2026-09-11/devices/r2_stage2.py	fe5e759a2cb49df92b6a9763d7e98747321778edb995ba8734e6ee5ddb8ad055	11040
r2_learned_2026-09-11	r2_learned_2026-09-11/devices/r2_stage2_prepatch.py	67303918f759e5a1e1ff69da32c834f2b85e9c81a943199d8fdfc699bb7e763f	10831
r2_learned_2026-09-11	r2_learned_2026-09-11/devices/scale_anchor.py	b4c9b8d958e492ff0588aedb8d2f25e9da4320714dbefed938eebb44bed4a564	4107
r2_lob	r2_lob/artifacts/addit_r2.py	a80255d8be1a09909d80a3b6185281ad4d29c9896434f4022ad6ca6a64a7de7f	3110
r2_lob	r2_lob/artifacts/blend_r2.py	07614a6deaad97611a8566d33e7cf72e0056e629d120eab0ea86af29b95be819	3315
r2_lob	r2_lob/artifacts/bonf_r2.py	08687780b24bc499198e08a47260cec26bd3172fa148cbab9638c03ca012caac	2017
r2_lob	r2_lob/artifacts/build_lob2.py	a12d021161efb2e3837a8ba8b23db10efce2d5f75e97802487d0e772089933e8	6032
r2_lob	r2_lob/artifacts/drive_r2.py	4bff833026ffcc10eaaea431dbe1d91a2ead5dd0b397a7610fd496f1c6a239f9	4772
r2_lob	r2_lob/artifacts/freeze_span.py	2f60f5bdb6310378fdd6d14fac4e9fda0406b641f601de7fa7c12ff56a90c564	1084
r2_lob	r2_lob/artifacts/gateP.sh	cbe41bffbcd1470612dbc2d3aa75474f337022a9526f61bd5ac3f7c3d6263aac	772
r2_lob	r2_lob/artifacts/ic_r2.py	87a913bb1c9b115a60cf21f5f6de8a50b1550c5c67e1328480efaa5802b7501e	3718
r2_lob	r2_lob/artifacts/judge_r2.py	28e1c2f989780b506ac74f6c3e152de5cbb97b4e09f48593117f39cf9db22c96	6768
r2_lob	r2_lob/artifacts/mech_r2.py	efb637170fd5ed1d4ad82e364689e3d4ebbaeeeb71acc836098947a0c5d472d2	2004
r2_sleeve	r2_sleeve/devices/align_check.py	78f497c35909ba56812f9003dfcd7f8dcb0decace7b93a4c6dbf8e5039e53227	1865
r2_sleeve	r2_sleeve/devices/build_feats.py	9c5928af14ce27fdc197516d7f08454afb3fb7783fc3ba2bacabc4546aba3b96	4226
r2_sleeve	r2_sleeve/devices/drive2_r2.py	0e01c643f8c28e82b54f982e256ea1bfd50b17ce25233f6a3c0edcfa73b653c6	4910
r2_sleeve	r2_sleeve/devices/drive3_r2.py	6a16cdf41430b74e727de6279c8c1c56c2ef4855541f593e7e36e393ca991dae	199
r2_sleeve	r2_sleeve/devices/drive4_r2.py	e32f3a9895fb2804c6bc94a03c5a0bed1a4f724f3f0df9aed4c0ffe40864da7f	802
r2_sleeve	r2_sleeve/devices/drive_r2.py	303f906892560da570a950ad3e92397da1e906954125727fc277c7c035487fd4	4090
r2_sleeve	r2_sleeve/devices/final_r2.py	1cdc63ac2d4d573ecc55f14f3f2889cfa08a74711c02b39e2eed124169f9feea	5157
r2_sleeve	r2_sleeve/devices/ic_spec.py	644b814e616c0bf0536c055d6e8f415654aade14da357a2a9008511c6effe35f	2908
r2_sleeve	r2_sleeve/devices/ic_spec2.py	cfe7e63be77df8d190246155d64c46e2dbff6a9b5d117e8c62cfab57dc5422ba	2371
r2_sleeve	r2_sleeve/devices/judge_r2.py	4906e2f3d0c480b00d929924f1f8ba3db843263d0914cef0dbf8c27849a49392	4011
r2_sleeve	r2_sleeve/devices/w10_sleeve.py	b88e35a46b93d712422e6b6d60bf163b841be147d49278131b63f0f47a490650	34058
r3_attack_RESID_SHARPE	r3_attack_RESID_SHARPE/an1.py	b7c24dcd68434ed685ba5af4aeda9cc8edf6188b0d0758211a26e63b8b6bbd95	3347
r3_attack_RESID_SHARPE	r3_attack_RESID_SHARPE/an2.py	48be31a1b0e7f465fa24587f184cee9dfcd0ec34f268c0a041d1b39542a2f5cc	5517
r3_attack_RESID_SHARPE	r3_attack_RESID_SHARPE/an3.py	7d8458fb1669c3f79b88c67f9a99711ea232180f5da1b6df49138667cc73c613	3590
r3_attack_RESID_SHARPE	r3_attack_RESID_SHARPE/an4.py	1e61098ba4fbc86cf9ebf58ee18c6f2c63b2f3469413a3d510893f2e9552c38f	3581
r3_attack_RESID_SHARPE	r3_attack_RESID_SHARPE/an5.py	3cf4b5c5df912a9b54f4d5e0484bd670a549ca892856dace126e1a624f32d75a	3372
r3_attack_RESID_SHARPE	r3_attack_RESID_SHARPE/an6.py	c4c761047c22d010044059ecff67040a1b21fad46fbe70a29421e173dfd78dfd	2321
r3_attack_RESID_SHARPE	r3_attack_RESID_SHARPE/an7.py	105db005ff5f2fbccd9d879be2ff5f8d4d8fc3083a6caca5045c74d525d61b78	1473
r3_attack_RESID_SHARPE	r3_attack_RESID_SHARPE/an8.py	b44080548f9688447243def35819bfd7be139c9bad374aa48a9e7b9167044e91	1922
r3_attack_RESID_SHARPE	r3_attack_RESID_SHARPE/an9.py	8a6a8c35e78b4ff61268e949d1c2c1b6630cec5f092fecc25225838775c00600	1790
r3_attack_RESID_SHARPE	r3_attack_RESID_SHARPE/gp.py	27dd35656d997dc8b8d2fa81ef1c65416a9100332b1aa1dd5068276558e1b699	1145
r3_attack_RESID_SHARPE	r3_attack_RESID_SHARPE/null.py	91d4c91cb92a64404f8e635a76969b435b86ab7840fc110564d9509a1b0c7fa9	3301
r3_attack_RESID_SHARPE	r3_attack_RESID_SHARPE/shufy.py	52d11bc68ad57fc71c5f08ed892d020bbbae0b59f2e893d4ae0162348e7f10cf	722
r3_attack_RESID_SHARPE	r3_attack_RESID_SHARPE/spec.py	2dd65a03031cfcefba6d70771b443d05407ae254db5ee7a6cfb011ddf0af551f	3538
r3_attack_RESID_SHARPE	r3_attack_RESID_SHARPE/static.py	969a0bd7090f3e29b9c7a98ec5251f44867553892e3e3c5ada7f08e245b7452c	1702
r3_gates	r3_gates/devices/echo.py	e222289a027c933de552e441cca60dd30f62188dba51f2482bd117abb6ff9059	10137
r3_gates	r3_gates/devices/echo2.py	62f6186ed52c5ec43a28ff780655ffdb0e4554917756b05ac154e0f65f8e6c1f	10364
r3_gates	r3_gates/devices/offspec.py	64d4c3469b42b52b8fd4c39cd25f00d5d6d1291278c2e62684f5abdafb49b4ed	8039
r3_gates	r3_gates/devices/regcomp.py	30fee017a80a1fbcba2c9c4a196fb35dd5663ff18b98d51865bd921dfa2ebaec	5612
r3_gates	r3_gates/devices/rejudge.py	e3e877783e61a2dea3cc994c82bbddc35d71cf633e7f05ba33135874e03e976e	4567
r3_gates	r3_gates/devices/rs_conc.py	3fd2f76496a593ba5342bbf8dd21d9f52473a52fe55657b7592f30d06143ab11	3644
r3_gates	r3_gates/devices/rs_recon.py	f38d7024975a05e5e6f0c594c4f435fb39b3a24ccb030ecdfd414a1137e3bf23	3936
r3_integrate	r3_integrate/devices/final.py	5d924c84b7e950a7016935ed65af0bbceaeff8cf94f0aa3325c0b0c8083a8fe5	3282
r3_integrate	r3_integrate/devices/integrate.py	241b4ac84f9ba86cf013279c088bc5e883bdb2e56943f01e501015174fd270fd	5653
r3_integrate	r3_integrate/devices/kill.py	ecd5ad9431fcc838da86db8a6b81b9b5c55c447ce221637640e73f0d01aa01f5	3730
r3_integrate	r3_integrate/devices/port.py	c2dd804c9dd69267284fae89ae48477591ecff60de8a15ace054df6333e2e79f	2227
r3_integrate	r3_integrate/devices/reprice_resid.py	656e858031ef54755edd507d26ddac1bbde1e85a7849e4d025989673724323de	3054
r3_placebo	r3_placebo/gateP.sh	0d72ede967b73fd9400ee52164b1ae5ebacaec24084dc942b7c3227e25dbb799	1030
r3_placebo	r3_placebo/null_families.py	2ce8b88b49ae54626d13219e2317836b7a5485c36da26fd5c768d4e2e2a1fd06	9451
r3_placebo	r3_placebo/r3_drive.py	c2fa3d6440ac08365beb585f6f5f099c650a30d02908e4842158eb1c30ab5ddb	9878
r3_placebo	r3_placebo/r3_drive_xib.py	2021e4ead58823c8650fcb4edb641d839b32d3137e0d8954d94594ec3ccc4a3a	2402
r3_placebo	r3_placebo/r3_judge.py	c45fb5ed1e379d83bec76fa0d2c30f7ed4dc5bed7b9761c50143a15152a11c6d	11571
r3_placebo	r3_placebo/r3_legacy_audit.py	08aa8b7017e20a8790bac3b20725413c03d13cece39cca8c968cd32191c6a0ea	5626
r3_placebo	r3_placebo/r3_report.py	30c7824cb8407225ebe010bbd48089759a3341cfa45cef537d85afb3576730ac	3583
r3_receipts	r3_receipts/contrast_shufy.py	e08b087e97e8786554f83dd66cf110187587c69962f2a696c3eb98f49c9b6981	4021
r3_receipts	r3_receipts/judge_r3.py	6982a43881994d0b7dd7590d299e3a3f56fbc7a64e3ac25f52401a0845e4db37	8309
r3_receipts	r3_receipts/r3_stage2.py	c58fef8c0f7022876e986dfaa3d2192bd4a9f5fbeca63ffc214483c97ba00b51	15946
r3k_impact	r3k_impact/gateP_r3k.py	e1cf0590b9da70f7ca46b3344219095e2cae7b5f0b9c4c5522c0c86407055f82	3557
r3k_impact	r3k_impact/r3k_analyze3.py	ca5f3139901f4a200f499ff534d9e4ae531f08bd5e0f99539d7402109c1beac1	6976
r3k_impact	r3k_impact/r3k_fitK2.py	fc593e36e522f1d5b8ce5095fbda8741cc32f42dffabafa557c6354ef822907c	8862
r3k_impact	r3k_impact/r3k_fitK3.py	0124c7dfb4b03ed1d5b0e5f1313609335988d673fb0e79c2b57519743795fc83	7754
r3k_impact	r3k_impact/r3k_livecheck2.py	69e68f199134e7ef89eecaba4942dd2ab97fe6f211f3e0c95350d425fe98289d	4932
r3k_impact	r3k_impact/r3k_lobcube.py	1975ff15b7faec0b0e5eaeec2d53d3b79efa1f3ce0dbf6186036a63870cc9dc2	2579
r3k_impact	r3k_impact/r3k_mkcostb.py	907c47bfb28b6407b4b4ee0bfd1f7d240bdd9dbdd8bf50b1562543a6f3e87850	7624
r3k_impact	r3k_impact/r3k_reprice3.py	c069cf8afc7c0bdf6eee3946b893e35a536a79a43c5718bf0410e2b706c6579b	4705
r4_nondet	r4_nondet/align_p4.py	3b9741c9cbc6de23f4f53efad9d616dc7f378e0ef282aadb4c01bccb507caedb	4805
r4_nondet	r4_nondet/analyze_p4.py	7cb46d5071702a19c641fe4a47c8f7892c100eb905b963942e7bb876bbc1eb0c	7661
r4_nondet	r4_nondet/chain.sh	1a8a332597158ef4a43dd48757c6c21f01d55d8aec1e66e72bebdfeaf3a212c3	988
r4_nondet	r4_nondet/det_wrap.py	9ba588dd1aedbf48b243b515e50f0175d373895aeedbaa3d7c5771e01eb4d06e	2488
r4_nondet	r4_nondet/gateP.py	d57f9001777bbad5eb6067c70a29c79682637a6c40f446df917a8d29b4c2c358	2656
r4_nondet	r4_nondet/probe_drive.sh	891be95bcbe81967c75388974002e5696bd5588e2a3d6b8ecdcdc74b1cab6019	2098
r4_nondet	r4_nondet/probe_drive2.sh	1990de8826048d59189f87b52f40ac45a4047815b9a3956721bdcb6d97b41efe	2441
r4_nondet	r4_nondet/runner.py	cd10d2fd8c30be0968db5f8e0397ba1a2360a06cc750fa8bbc19cfa67d5f4632	2949
r4_nondet	r4_nondet/setup_tree.py	db06953eecead6d2daab3256c6d376f0bd67b033a34360170aa638ca465bea34	1389
r4_nondet	r4_nondet/train_nd.sh	fd160da3a3ec659eb2a565d7a239a38f0ad225c4505bad444bb1148486b88d5b	1336
r4_nondet	r4_nondet/train_probe.sh	c1422e7a083c7d7b61b192b1a2737d20f40421430b4bdc6f903e41899eac41cb	1217
r4_nondet	r4_nondet/train_v2.sh	5fd7f3d37012abb4d75fd78ac1faa17dabbd3053d5936c879d359013c424b00d	1119
r4_nondet	r4_nondet/verify_train.py	48aef1f7388a47dbed836e6bd0c701360485b890f936332787aa3554ae1e664e	3737
r4p3	r4p3/p3_an.py	528bcb737186eb8ae46730d50890ecfa9e45b173adbaf2bc976b71831475d4dc	10673
r4p3	r4p3/p3_b.py	e14042f55253549f3eef63ce79673df7c3cbec0ff3cdaa612e29c003216d03f7	6044
r4p3	r4p3/p3_c.py	0ee66e727eaeff529fc3d5b0638c63d6e4c19a10f827a10b9afd797ab76ba171	2983
r4p3	r4p3/p3_run.py	9e13130c8f395fff8a5b34427bf4591da101c91895727ec4a7436dd805d22b11	7151
r4p3	r4p3/p3_rz.py	946356d9142d4774b1c32b4439632010f5703e2eb58cd26a11760f004e05a04c	2059
r5_angle2	r5_angle2/an.py	a115518f36fc0b950184a0b44395968e2a34b5104b9e40ba8a6108a469b444cc	6082
r5_angle2	r5_angle2/an2.py	bed56c1ace34d60857075ba07a9746c42dccbaf91acf3482c74ed02374c8e821	2631
r5_angle2	r5_angle2/cross.py	589ebd8d21c2b8f7c99010f19cb7aa4071e8f015815854ba0d0bbc80ba96c029	7125
r5_angle2	r5_angle2/gateP.py	8d8668e43a8428aa5c34e6c75fcbf29e68d4c8191bf215fdeb3b5c67775baabb	4413
r5_angle2	r5_angle2/ladder.py	a8f4b998ac06bb7d695df26f378de0ead6a5b0bc4e046e2f08339c4c9810fef3	4044
r5_angle2	r5_angle2/live_seat_probe.py	c3714331934600e739cf2ed8665d97d120d1d06f154db3a1c5861a54d907a78f	1602
r5_angle2	r5_angle2/mk_w3seq.py	c5843a96e758bbeb72bc22db6686dc9202bd4b26e26541d0ca7d9ef34f8a8e0c	1674
r5_angle2	r5_angle2/w10_sleeve_w3seq.py	4836245c1d570881ddadc16fc2ad2cbf1fb33c0ee51005b77999c606b2888fa8	34845
r5_basis_receipts	r5_basis_receipts/adv_control.py	2ba2712ee4aa7675b15c28ec2ef38c23ab210174d3c88316f26a396d7c8a85f3	2663
r5_basis_receipts	r5_basis_receipts/battery.py	82d326dc152b72f5b19d6f6184be57053561e3459e6b4cf8ccffc2265b886619	4825
r5_basis_receipts	r5_basis_receipts/build_panel.py	fde761504333179c76bb6e8a7384d1557f48cbacd64465680cca791219d0a736	4955
r5_basis_receipts	r5_basis_receipts/conc.py	6c698e75af00e18244c1fd1fe0e20aeb237a93cae006f829a10802db79aec255	3166
r5_basis_receipts	r5_basis_receipts/cost_ladder.py	2c8edba93c54a3d70d66b9df00379237b70c3f8b8385f98dfa4aedd897a465dc	1782
r5_basis_receipts	r5_basis_receipts/drive.py	b65f43467f2e47f6cbf430ded510bc16545303718c8f6eec0f409be680eae66a	2536
r5_basis_receipts	r5_basis_receipts/fetch.py	f821d7bac652f98cf3defd86370f1c322268612c486732f86b5743098c0fa3fe	2559
r5_basis_receipts	r5_basis_receipts/flip.py	954c8947423303fae16f8a49cf2e88bdd0bec9102e16aadfd6bbcabd16d89de5	775
r5_basis_receipts	r5_basis_receipts/fund_parity.py	3c9e57390e156d33ada2b84f3cbc67ec6e310fe36bc9dbb335a749da20207256	2863
r5_basis_receipts	r5_basis_receipts/gate_ps.py	0d205a86b27254686d93da15d8149d87b03b6fdd2f345f1a8e9f1fd92986a981	6217
r5_basis_receipts	r5_basis_receipts/ic_spec.py	da7eb2cec4078fcb087ffbb21ff96a412dfd3be7ba22829612d72110884b72da	3227
r5_basis_receipts	r5_basis_receipts/mk_sigs.py	817f47cf639ca8cb4da91fae5748018be87dc3e0b98e7fa18aaf187638d2dab5	3696
r5_basis_receipts	r5_basis_receipts/null_cmp.py	7a15aee5c1594553134eaadbba668209b9290b8ee7804633c0aeed4905c7d777	2478
r5_basis_receipts	r5_basis_receipts/nulls.py	70cffc81ce03ad5d672362d50c69eb43037bd7ea79a611676e366150228c9adf	1232
r5_basis_receipts	r5_basis_receipts/overlap.py	b902a60a7b048de4998fbe184215044ff1267f864060ea1eb0a1dad83f26cf8f	2040
r5_lob	r5_lob/analyze5.py	5d7b17bf72cc6fb0800e8bc613268ee42d3af5b295b4c9dee1c06878fb4ce7e3	4797
r5_lob	r5_lob/blead_attack.py	c8f07d9574059f593f337c6195f9965fdf83d2a71c75204805d0989077962464	2717
r5_lob	r5_lob/build_lob5.py	26ecb959e09778c6bf7465ec1eee11e68d11bad7431dc7f2b0ba878152681d6a	4725
r5_lob	r5_lob/conc5.py	42d1008c028834d398a8d8e869cb78655183fd9147584123c644cb86ed610c19	3209
r5_lob	r5_lob/decomp5.py	d6967257f70221d75b2fdc377e8575ec81cd82f9e42ce99f9f01239afcfe1c21	2117
r5_lob	r5_lob/diag2.py	73be5daeaa37e34bdfeb9bc5f8aa8cb83e5f5cba63e5f3e0ceab5544e71f6f6a	884
r5_lob	r5_lob/drive5.py	efca86150dac9fa167e7165013af4d7c1223c1cbe23b95db71c3e0e38b425356	3944
r5_lob	r5_lob/feas.py	f36c725c6d01191fb622d54704c107bec1de630273ff2170147e0f3fc9dbef5c	2778
r5_lob	r5_lob/gateP.sh	4f960d7419705d037fb5313fa5f23009ef3a670364825f3c06b8076b48685473	1028
r5_lob	r5_lob/ic5.py	c54c9ccde6617f4cfdb9c251630363c108c0401e3877758b794f172c2de9a1a2	2749
r5_lob	r5_lob/nulljudge5.py	26f56ed0942fd26e418adf08d784397d215f60ea9cb89080974fbd85d6d9b83e	3611
r5_newdata3	r5_newdata3/a0check.py	d52722d9726ba0db386fbc2d35569b77fe7586384c56adc49f03e8e0d5bcd834	1404
r5_newdata3	r5_newdata3/age_profile.py	81c91195f979a4e2233d382f1da43e87d99e8992c773fb7e409875b6d39690c7	4980
r5_newdata3	r5_newdata3/collin.py	d74590e0ebe91d3b6ff82a73664a5b1e972597a60207aa89b6ac0ae8ea95752b	4519
r5_newdata3	r5_newdata3/conc_r5.py	bb92486af70aad807a8f58ee72fcf8dfa0285dcd7c50e542945e7e5badcd0624	3460
r5_newdata3	r5_newdata3/excl_liq.py	94ed674540148284ab5d8030a75f12a7ac09f2e02bd2fff869e3a0e76a28dedd	3188
r5_newdata3	r5_newdata3/gateP_r5nd.py	76d1b3fb1f6566e2c0b431ba2550e2a27f0cf1237265ae2965fbf159d9ae66c9	3559
r5_newdata3	r5_newdata3/judge_nulls_r5.py	a9e3407220fa149e7272381c5d4e713d11d0fdffab1ff17b4ff461ee4037d101	3432
r5_newdata3	r5_newdata3/judge_r5.py	416e772c89a7648a466074b6525787c8cd9565f818b05325e6068ce209ecded7	4725
r5_newdata3	r5_newdata3/mk_masks.py	c371504863bad8aff23f4439f66687bd98f647948afad9dc459e08cf9372e3f0	6791
r5_newdata3	r5_newdata3/mk_masks2.py	53548fd2f11c61a20894fc70faad2b201068e94f6680c891c9b5c56353c18d9f	3895
r5_newdata3	r5_newdata3/refresh_cost.py	77c8a054c8938ff014bdd7aece32ce02e95c3bfa475f7cdfbe687a84f48cf8b6	3071
r5_newdata3	r5_newdata3/run_sleeve.py	e1dbda18e7842bdf39781c9470488aa201720a94355b05132e5383b4aa8a0f40	5780
r5_newdata3	r5_newdata3/run_univ.py	a0fd4255ac992b11c518f695ad6886bf5e47b47aed49c145d6ee925b57006c94	3306
r5_newdata3	r5_newdata3/run_univ2.py	ea6732004a677d34681e24c89efee8546223d2ecdb38a5a17ad47f24b8c62c7b	3285
r5_seeds	r5_seeds/device/align_preds.py	764af2e8c2bcd6f7f3cd18f63b0a34b6067903b059a210be9e9b3e16a20e56da	3288
r5_seeds	r5_seeds/device/gateP.py	7413e8b4b2dfbb09e389165c9b50d53e08fac06490c72699cbf03d90b79058a7	3936
r5_seeds	r5_seeds/device/grid.py	654ae217f5227caa263fb18246c76a4880977de7b9bc015a04e512c9262b7d47	3136
r5_seeds	r5_seeds/device/grid_analyze.py	30ab2f822c7ac0df6605f5a2c0049674ba84fc6865e10be5344ccb99f167af90	4005
r5_seeds	r5_seeds/device/judge_r5.py	9b99f07bb51e757b79f05d71a223b77d8c530848334a3c670f1a4f47d5281824	6985
r5_seeds	r5_seeds/device/runner.py	fe3e130e9ce7c09e7d8ef941c4363bb50983698bc6540b695836ff0b9afc0448	3642
r5_seeds	r5_seeds/device/setup_tree.py	acde8dd4dfbfa9c8e2d42c14bbbeec1ffc6da5cdf5dc221efaa0eee14a284b9e	1229
r5_seeds	r5_seeds/device/supp_r5.py	0e1b96c45c80b2fc8f069e0fe33466bc9fea5a0bcd1a9861f9036be7d2de4c1d	4237
r5_seeds	r5_seeds/device/train_v2_seeds.sh	0b8be3b8a051331f896e46ec059a94fc221f56a13f0b8293b0b878d9bd799200	1090
r5_seeds	r5_seeds/device/w10_sleeve_seatgrid.py	a2693feccb676f4136465f9c4e312bf074238c96dcd959af992c67c2b5edb55c	34691
r6j	r6j/R6J_conc.py	b1ccb56065d6355f8da817db9d641a0eebcce03fc4e0ad0ac30e3e8d9374483d	3975
r6j	r6j/R6J_judge.py	6cde513e424b75a5f3a3bb0ad56d5f9569a4391b08b9af45154c5edb6fd34052	10994
r6j	r6j/R6J_nulls.py	e3919d71f1ea42cb71da60bee1f15050e684a64afc179a23cf738186de6a81b0	4014
r8_inbook	r8_inbook/aux.py	1948b0a77f858a5877d30964226400ebf2e135808a792bcfc4400118b19ed635	4830
r8_inbook	r8_inbook/aux2.py	1b76715239f4469dfb9d56b8d7c29b57b724e9928b780740b1fcf03058dc5486	4703
r8_inbook	r8_inbook/battery.py	ecf02b628d9ebba979d399dc47d134cc29ee26245dbe6adfcdcf4ccfb3e451e8	5105
r8_inbook	r8_inbook/costladder.py	b1bb8b3237fa5e1990f18b16557d326ad6133631deec0307fb29be2e42267e95	2232
r8_inbook	r8_inbook/drive.py	c037d4fcf8786e8c3d5dca65ef4013cdb1112768e410595c6e29e0466aa7dacc	3100
r8_inbook	r8_inbook/fastboot.py	500932740daf1a695cdd305e1de1390dcb8749b13abb48f96410c8dc2f730a0c	1315
r8_inbook	r8_inbook/gate_p.py	da08b282b5b3351fa33a0afa4d6289c5ba5fb672b2c5c31937ee248a30138970	4124
r8_inbook	r8_inbook/mk_sigs.py	d461ca7a5a9481235d47e5c36e7b06140d80a0230c52b872e237f69ef14e2393	4450
r8_inbook	r8_inbook/null_cmp.py	b0dc79ecf2e3a7d3eee92be9453eedaddc58e7a926640463d8b9f9a7abb4a609	3015
r8_inbook	r8_inbook/nulls.py	c6d1b71fd319db43cf0beae88641a3d8c889228b8168a1a01ba907d4df0f93f0	4000
r8_inbook	r8_inbook/regime_gb.py	578c8b8437b3b1154b7c77522495361660b93cd8dc8a54e1ecdfe51035c43f0d	4884
r8_inbook	r8_inbook/repro_r5.py	3ac998f52c04e2f0baa8a48bbc45897297cd858b1af13934d9feacf2821dd4aa	2882
r8_inbook	r8_inbook/validate_fastboot.py	2cf6955b2f0bb74d029f308b89a25036afb022e18eb0276d13bbecf4e7eb10ef	1519
r8b2_receipts	r8b2_receipts/gateP_r8.py	71bdef3805219dc4ccc596f755173dda01f5320fa4b93a32bcbb3c3f07c46666	4699
r8b2_receipts	r8b2_receipts/mk_tilt.py	25ad68cb3d210808abaf688528ee03b735057250d6a7ee6045932b50d9ad439c	3580
r8b2_receipts	r8b2_receipts/mk_tilt2.py	0cff781b3e49f0420b2c78e15eeb0de4cd034cf2355db34c3bcdaf91ffe06123	2874
r8b2_receipts	r8b2_receipts/r8_drive.py	a96f8107e737cb719bd674f165c01b79f12abb0b306aa5fb887dc98d6ea272c9	5243
r8b2_receipts	r8b2_receipts/r8_final.py	96244a7022af59939229addca4af10059a241f8f52c1798d63e421415ca2cdc6	7258
r8b2_receipts	r8b2_receipts/r8_judge.py	61b034a2f5a86bd66a9799436be36e3f3b722b0eb830a25b8b82ae035948604a	10137
r8b2_receipts	r8b2_receipts/r8_nulljudge.py	b91d2abb7c74d9ae0a8d5372feb150566277a1b75c746b3c19c64ac02665d864	4786
r8b2_receipts	r8b2_receipts/r8_nulls.py	d1017087e8dc9a4822c881cabeb3db396a7265e528694a1a5d5e6c0d8d1c3fdc	7231
r8b2_receipts	r8b2_receipts/r8_rep.py	377ed410782e53d1b84bc6c826a7dfe5d220d5010cca2c2a9bdf4f00612fb031	5560
r8b2_receipts	r8b2_receipts/r8_repro.py	afb839ecbec873ae0caab4f4e624fef8bb7cb2b88b0d7b23a98e84cd085f8594	5063
r9_coverage	r9_coverage/devices/r9_adden.py	fd7f685d4335e92d49cd03a3d4aeb3c2a080833c6f55d84f40651bf03e7aa5ac	4054
r9_coverage	r9_coverage/devices/r9_ctrl.py	22b6fd4692c2de4651feda0b30a70b5744d37eaa4e29240c92dca78fab1bfaad	3666
r9_coverage	r9_coverage/devices/r9_device.py	f0b831f6df41de3d222b9570b36b96e007095ed02d6581244a89f8c8236d8db8	12749
r9_coverage	r9_coverage/devices/r9_extend.py	d6575a81533169a2eabdad1839df7c624806ac75420012c1c6bd465303a6cf73	16394
r9_coverage	r9_coverage/devices/r9_extend2.py	6bc095ef3baebb759c3a2173ef50bb93dc0e24976027e65100ffe752ccf48eb2	20949
r9_coverage	r9_coverage/devices/r9_judge.py	f87e5e5a813210953fa080f62538b3a770ba029bf53230c8cef000d3ee6017c5	8855
r9_coverage	r9_coverage/devices/r9_lineage.py	c889a29e375856d4e4ea799500e02db887fa26c5ee7fea4feb0d856690555780	2066
r9_coverage	r9_coverage/devices/r9_prediag.py	6e079b3757fda85538bed7303100242760d83db8b358d009862e3bd7e3eb8693	3305
r9_coverage	r9_coverage/devices/r9_recon.py	c3f9561dbc37ae2a96a62d11894fc64703ef9c1531696e387a3af0599fae9636	3625
r9_coverage	r9_coverage/devices/r9_replay.py	a5b8d82a01a575d6da4490dbbbaab09de50c14715a190f6b3d38f7802bdb1903	5903
r9_critic	r9_critic/critic_arith.py	a52a657ede8a3ec973b73e67f89e181b04f5d75252492abf1235e248fbbc5eb8	7446
r9_horizon	r9_horizon/reopen_check.py	85010a525683f47b66d8b9d3ff446f3c14c552a39810ae62e74b700b66b5e231	8064
r9_screen	r9_screen/CANDIDATE_3_COHORT_AGE_DECAY_CURVE_0/devices/s1_gate.py	0f0755e8666d332dc44f4de61ee27d804a90b7f50c96613ffddd7830bf585ed1	9464
r9_screen	r9_screen/CANDIDATE_3_COHORT_AGE_DECAY_CURVE_0/devices/s2_cohort.py	c114adac5ff5a1969189146dde1fa073b742c50d5d5953104deed83240d79fad	7787
r9_screen	r9_screen/CANDIDATE_3_COHORT_AGE_DECAY_CURVE_0/devices/s3_analyze.py	17b4410c248dc1cd407e655d4b71f2e654cb88ffd1859802978ac6c5255c126b	7042
r9_screen	r9_screen/CANDIDATE_3_COHORT_AGE_DECAY_CURVE_0/devices/s4_nulls.py	1e35867700f2a7d58ffdb3c99cd51e5502c3fee73faeb3add8d24de5dd0e2fa3	8154
r9_screen	r9_screen/CANDIDATE_3_COHORT_AGE_DECAY_CURVE_0/devices/s5_arith.py	be6cea263b7b7cc1ea5de64f71476a35346ce469f1269d84488f7e01190dce87	3783
r9_screen	r9_screen/CANDIDATE_3_COHORT_AGE_DECAY_CURVE_0/devices/s6_y4def.py	ebad1ee52a1dfe0fcfbc68ebefdd459dc9b7f207bee50400384015d08d7f183c	2917
r9_screen	r9_screen/INDEPENDENT OBJECTIVE ON DATA WE ALREADY HOLD — structurally different books (carry-only harvesting, dispersion/correlation, volatility risk premium, pairs/cointegration, beta/index-level, event-driven around listings/settlement, market making / liquidity provision as a distinct book)_4/r9_revshort.py	029903632328b4cdc7b4564e4e0a59e3ecbda5cbf7273fb92673406c25e8102d	16794
r9_screen	r9_screen/INDEPENDENT OBJECTIVE ON DATA WE ALREADY HOLD — structurally different books (carry-only harvesting, dispersion/correlation, volatility risk premium, pairs/cointegration, beta/index-level, event-driven around listings/settlement, market making / liquidity provision as a distinct book)_4/r9_revshort_add.py	c3372b2166fbbc81319c3fecfcbda805527415667d5fe575438941aa96ee4649	6759
r9_screen	r9_screen/INDEPENDENT UNIVERSE OR VENUE — names outside the frozen 450, spot-vs-perp, coin-margined contracts, other venues (Hyperliquid/OKX/Bybit/Bitget), tokenized equities, newly-listed and dying names_1/devices/alpha.py	8ec64bef5811d5799cd87c777878349f51da65f22e9a9103fd209f40b1d8f45b	2685
r9_screen	r9_screen/INDEPENDENT UNIVERSE OR VENUE — names outside the frozen 450, spot-vs-perp, coin-margined contracts, other venues (Hyperliquid/OKX/Bybit/Bitget), tokenized equities, newly-listed and dying names_1/devices/analyze.py	ee31b3e8b6b4dbf5eb67786d95b754cd427717e57bf910741a0532f940c0bbc8	7045
r9_screen	r9_screen/INDEPENDENT UNIVERSE OR VENUE — names outside the frozen 450, spot-vs-perp, coin-margined contracts, other venues (Hyperliquid/OKX/Bybit/Bitget), tokenized equities, newly-listed and dying names_1/devices/bin_fund_pull.py	6cb3eb66ff0bc27d1d2ab58a6a200bda9aa0067b8c0200e9e52cb29806487d2b	2326
r9_screen	r9_screen/INDEPENDENT UNIVERSE OR VENUE — names outside the frozen 450, spot-vs-perp, coin-margined contracts, other venues (Hyperliquid/OKX/Bybit/Bitget), tokenized equities, newly-listed and dying names_1/devices/build_fe.py	cefa8727c7d861d75fc4a92a5c997407e821b9309eb62eb2ac74f11a1767214f	4741
r9_screen	r9_screen/INDEPENDENT UNIVERSE OR VENUE — names outside the frozen 450, spot-vs-perp, coin-margined contracts, other venues (Hyperliquid/OKX/Bybit/Bitget), tokenized equities, newly-listed and dying names_1/devices/final.py	f99346983104f4a14d2b8e6163b35ac92b1c11f280180e0ee6904166d85a53c5	5064
r9_screen	r9_screen/INDEPENDENT UNIVERSE OR VENUE — names outside the frozen 450, spot-vs-perp, coin-margined contracts, other venues (Hyperliquid/OKX/Bybit/Bitget), tokenized equities, newly-listed and dying names_1/devices/mk_nulls.py	b66bea00714e6ea74c5c460d16be610fd188979b89201853076950efcff1916f	1559
r9_screen	r9_screen/INDEPENDENT UNIVERSE OR VENUE — names outside the frozen 450, spot-vs-perp, coin-margined contracts, other venues (Hyperliquid/OKX/Bybit/Bitget), tokenized equities, newly-listed and dying names_1/devices/mk_nulls2.py	3be9d6ba096d39f542f73a34a37209fa3fff816a93006fefbe3b411fc4a4e641	1174
r9_screen	r9_screen/INDEPENDENT UNIVERSE OR VENUE — names outside the frozen 450, spot-vs-perp, coin-margined contracts, other venues (Hyperliquid/OKX/Bybit/Bitget), tokenized equities, newly-listed and dying names_1/devices/mk_u388.py	40d680fca2e45fee6ff2e493656fcd605c38d841fe3361005a2a9f576a9926c5	1727
r9_screen	r9_screen/INDEPENDENT UNIVERSE OR VENUE — names outside the frozen 450, spot-vs-perp, coin-margined contracts, other venues (Hyperliquid/OKX/Bybit/Bitget), tokenized equities, newly-listed and dying names_1/devices/nulltab.py	141ce6c2960a001717e4f9fd5abe25b87e6bf129f0514f437e1dd3f1ade725d3	2853
r9_screen	r9_screen/INDEPENDENT UNIVERSE OR VENUE — names outside the frozen 450, spot-vs-perp, coin-margined contracts, other venues (Hyperliquid/OKX/Bybit/Bitget), tokenized equities, newly-listed and dying names_1/devices/okx_probe.py	27ba81dc47429c2ec1bfa96fc99c7faf2340c45ffe63addd3aad3ef1b8af1f86	3186
r9_screen	r9_screen/INDEPENDENT UNIVERSE OR VENUE — names outside the frozen 450, spot-vs-perp, coin-margined contracts, other venues (Hyperliquid/OKX/Bybit/Bitget), tokenized equities, newly-listed and dying names_1/devices/okx_pull.py	03ea36aa9ff08578049d6d3dff2b43660e6db819e8128cc868dfc9c3aa32b8db	3156
r9_screen	r9_screen/INDEPENDENT UNIVERSE OR VENUE — names outside the frozen 450, spot-vs-perp, coin-margined contracts, other venues (Hyperliquid/OKX/Bybit/Bitget), tokenized equities, newly-listed and dying names_1/devices/run_arms.sh	ab82d2d973059813bfb906fd28cf0b5e3c615e696898eb3a713ab1b13052a542	1332
r9_screen	r9_screen/INDEPENDENT UNIVERSE OR VENUE — names outside the frozen 450, spot-vs-perp, coin-margined contracts, other venues (Hyperliquid/OKX/Bybit/Bitget), tokenized equities, newly-listed and dying names_1/devices/sigdiag.py	e0ab3900a2f81e9f8e7124c5296abfaa9d462fad814df7b72c30ab1bf7bb3d69	2378
r9_screen	r9_screen/INDEPENDENT UNIVERSE OR VENUE — names outside the frozen 450, spot-vs-perp, coin-margined contracts, other venues (Hyperliquid/OKX/Bybit/Bitget), tokenized equities, newly-listed and dying names_1/devices/tab.py	23ceed1e968686d0d5ec08207bebbfbee55d041d47c49d496ce0f63c56dd1d48	1364
r9_universe	r9_universe/r9_cm_probe.py	3f8d5595eaaab676fdd57b1a4f2af274e9a9358869496890dc1b2d035d411a27	2529
r9_universe	r9_universe/r9_cohort_diag.py	617a4f93191dbfa2f77e86e346bc66d070996e633813e58fecb1fee3e3443705	3423
refute_r6	refute_r6/r6_carry_contrast.py	f0c42f07c4916d85f543d2460432609c4b8c811e9c6c20031c2eeb49dd3f9275	3209
refute_r6	refute_r6/r6_fee_dedupe.py	64d935d5082fe2c30ef7c9bafab6855f56b23f986bf18b18c4324dea1a678a89	3013
refute_r6	refute_r6/r6_live_pnl.py	f470e06abdc323ecb70d002412f24fcebf66919f8e8b901f890fa265fd3c91ab	3663
refute_r6	refute_r6/r6_scorer_replica.py	da09d887e91ccf7d59e00ec0b275b42f28ecb7707300a29b19c8f00926b71c2f	2656
round2_factor_sleeves	round2_factor_sleeves/attrib.py	450db4bc3c7078954fa7765600b03ffc398bccb2102cfdb1a95e0b1f7d32f069	3162
round2_factor_sleeves	round2_factor_sleeves/combo.py	40047cc540ac26c86971efa2d033c260a945bbe22b284acd0052d75361da2439	2527
round2_factor_sleeves	round2_factor_sleeves/contrast.py	be712f3398fb26a48ac3634c5b09808aae02273c719c622100c86c5df3b2dd53	2361
round2_factor_sleeves	round2_factor_sleeves/corr.py	f2531f894bab45273ba01a887ae36cae988fc9f72f6aabbb782b7f37c8b5c945	2308
round2_factor_sleeves	round2_factor_sleeves/drive.py	3768f13f2c8b4e5c65f33f7c37582d8d2c792f78f8956f57063d6cdf319fd2da	4216
round2_factor_sleeves	round2_factor_sleeves/expo.py	9cedd1cf8b6184f741458d7f7bc1a70046d1205254337e6e963526ab546909f7	3234
round2_factor_sleeves	round2_factor_sleeves/final2.py	ab66d12fffb06ec8ff53c212ab7f6bf71f966414e85c81e14cd8bb3a3470e919	3727
round2_factor_sleeves	round2_factor_sleeves/final3.py	5adb38c1d9194d265fffae836ed4ea380a64a61647c83cf762b21ce08fb6ff58	2253
round2_factor_sleeves	round2_factor_sleeves/final_arms.py	1b4fc8af0bd1865b140767a8783d57e6428336de6b5729bfd222e62b5c9b23ba	1126
round2_factor_sleeves	round2_factor_sleeves/final_arms2.py	80b65a34815052819c59e2de2bb9c967acc38b3ba6c2aeb7a8c10e5bedcb88cb	838
round2_factor_sleeves	round2_factor_sleeves/gateP.sh	77669346f5c73802c8a90780bdbc47ced90ec04d1a89ed8e1b3c681e3261c5b8	989
round2_factor_sleeves	round2_factor_sleeves/ic.py	0dbadb7e3af1c1b16ee9d28e86136b5b51f5f053b6e3fd22fafb27bfeedc6483	2637
round2_factor_sleeves	round2_factor_sleeves/inbook_judge.py	3f9b94f8a2a82c65dd59bc56d12276a6d6b5cfc44fffdca447cbf33c2691bd9d	1723
round2_factor_sleeves	round2_factor_sleeves/judge2.py	78134c8d71b5c2c5d7ea01f262032249bd5a85f34132edb4946587f83c1f62ce	2176
round2_factor_sleeves	round2_factor_sleeves/lib2.py	fbf54f81725dc4e930eb997fc58efd139ba56980d26e38c92e6da3d0294a2761	2385
round2_factor_sleeves	round2_factor_sleeves/marg.py	7ae263a3f9cdc78a2e5e88fa94faeb88f4e3e9a20924ab5ce767530275e301d0	1809
round2_factor_sleeves	round2_factor_sleeves/mkfeat.py	78878102e3b53419ec8435f7cb5eb44a0555af0b59d5679fc74d2cf0aa1d5dd6	9935
round2_factor_sleeves	round2_factor_sleeves/wf.py	a9c2ae86d3c3b0f4403a4976a249c9bedb368e531d8ed9296ea3f024200aa66a	2056
round2_factor_sleeves	round2_factor_sleeves/wf2.py	41dd8a0cb26b24e1cf1195992ba0b282676e4d13934845c0277746778d916fd3	2855
ship1_patch	ship1_patch/tests_producer_risk.py	5d8825eac6bfb15dedccc39b426d68a9b257638d20e60de433b8f3ddb0b76e21	7891
stoploss_frequency	stoploss_frequency/devices/bt_carry.py	9b9cc978b749a56f871b3bb993f19e879e012e9c30667088ec9222540c35ea14	1638
stoploss_frequency	stoploss_frequency/devices/bt_daily.py	ec8a7b997c55abf1876465638fd4c492139b3e215e310a685fe6386377f2cfc5	3849
stoploss_frequency	stoploss_frequency/devices/stop_stats.py	2f870309e1c758fb661df33b2b6db7226bb720e7284c631984a3f15632fdd190	6135
trackA	trackA/judge_round3.py	39aa42ee0183027d4084917091e43435edd55e326b1ced9a547b6c0aff3b4646	4423
trackA	trackA/judge_uplift.py	06597791d63ecb86a03fefc0fcc88395e6a7eef9099539a4f6b6e78ccf6be732	8132
trackA	trackA/launch_arms.sh	8afa52ab3d98efe99c3632bf4d46e3329a483f63dc5ad625f875a7435f643e85	685
trackA	trackA/mk_sleeve.py	0d99e94b66a362462633dc3aa7c69783b202d9f9b5059d215e2322615e6b3aa6	5806
trackA	trackA/patch2.py	944ca29bc99c1b076e44282745f32415681c35d519cf6982cc63682cb78cf78e	954
trackA	trackA/patch3.py	bca55dca9bbe196c899d3ced14c7c62212f0a006f756b97821e0d0bfa0fd71e7	1471
trackA	trackA/run_uplift.sh	ab8e3616985b9a20f9e3de4cbcd2eb17a50c19bbe65a24637deb054e624cf9de	1159
trackA	trackA/w10_sleeve.py	b88e35a46b93d712422e6b6d60bf163b841be147d49278131b63f0f47a490650	34058
trackB_attack_2026-09-11	trackB_attack_2026-09-11/attackB.py	14b60d82b85b5beb48fe4e9f91d84c6064f1cdc50e4aa1996ff08ab974ae9b44	3796
trackB_attack_2026-09-11	trackB_attack_2026-09-11/attackB2.py	960373574661f63082ec457233b6f0d97d143c0bdceabb9d5bbc47171bc99832	3357
trackB_attack_2026-09-11	trackB_attack_2026-09-11/attackB3.py	75db3e00aabc4c7fde0a11801123c070065acaed68955b96ea48b1d5a379fb0d	5047
trackB_attack_2026-09-11	trackB_attack_2026-09-11/attackB4.py	3cde9836c8c7c1eef54b20798f435b0eaa8f060f84fe728f8583969d3c6804e5	3273
trackB_attack_2026-09-11	trackB_attack_2026-09-11/attackB5.py	51ed73a0fae045a607d3409031ec9d16dcdfe80be7fa1a04967296db564f3a59	2419
trackB_attack_2026-09-11	trackB_attack_2026-09-11/attackB6.py	b0ec0b11ec9ea30354bc7c35fcd125d48a874e6c3464a195499fd3020fe837bc	1853
trackB_attack_2026-09-11	trackB_attack_2026-09-11/fee2.py	403974b0c648bc20632de43f75d45a30049f7a557cba02dfec3e49a66b028244	2828
trackB_attack_2026-09-11	trackB_attack_2026-09-11/fee3.py	c8d507e2aac5913fe8e189dae91b5a6249c9970b51bbfd5b59691f526af032de	1912
trackB_attack_2026-09-11	trackB_attack_2026-09-11/fee_recheck.py	fed89900e37fa33306a86ea2e46adf307248ee2e18f2dd8c075d7bdf319095ab	2113
trackB_attack_2026-09-11	trackB_attack_2026-09-11/live_cost_attack.py	80c2d4630c066194e5d87c5079d2a4cbbf1a2eb1f2e2ec72db9a1f5c05e89387	3604
trackB_attack_2026-09-11	trackB_attack_2026-09-11/live_freeze.py	d5fe9abe722dfca9d55309fb467831a79f72d505ad213e2bd1cfe2aa820ecdbe	1802
trackB_attack_2026-09-11	trackB_attack_2026-09-11/run_attack.sh	d22f5d8fe78e3cd0990313a2cecddbab97c02896234681f98b577536d4d645de	1275
trackB_devices	trackB_devices/judge_tb.py	5f4c545844b39cf6da07157edb332dcfbfafb9a93c69fa3b6c7d472328079c60	6880
trackB_devices	trackB_devices/make_tb_device.py	50ecfad2e340ff5ad76c3e5aab74ad07ec10df9c497a49e095a170fcda0e2898	5057
trackB_devices	trackB_devices/nullcheck.py	d4c0353129ff0fa3c6d90a1466c83d63c0ab1268b6e8aee18cd427e443f91f94	780
trackB_devices	trackB_devices/run_tb.sh	82da80ad2bdc8746af3f7de6500b0454fa9101f42b8aab0352aa6ec3a499bdff	1304
trackB_devices	trackB_devices/size_prize.py	b232a0a5339a4786a96acdf2eb33568264e47a5e75e3505fb12817d811142759	1748
trackB_devices	trackB_devices/tb_forensics.py	e5cfabb231eed3dc65a54bac83afafe44e1125958ba1a15c643082a453ea03b4	3765
trackB_devices	trackB_devices/w10_tb.py	a6bae3a1975c7b325321f798f0e3d46c8bb1e022dc604e2e39d0b0db8a28ea87	31634
trackC	trackC/VOID_v3/leadlag.py	acdf1c12fbd3fe3ab18d4477c88f7da57fe0c929ab8b73dca61a0b4e73082784	3389
trackC	trackC/VOID_v3/load.py	a1b0249093ecc4c642d7593dc0972428c86d63ebbfe43e76d94b3646e9c7e91e	1355
trackC	trackC/VOID_v3/shape.py	721c00eedfe9397011b2c12962bf8967f132e62431f70ab85ac912601074d844	2087
trackC	trackC/devices_v4/ctrl_v4.py	85f9c5e313ae846973a5d196a35367e6f41bf73af53355b43444132d2f0e86f2	2741
trackC	trackC/devices_v4/eval_v4.py	f64e5f7b054ac5a396bebf3592abd7b5de458b5d76b17bb4a6a305a7841e70e0	4239
trackC	trackC/devices_v4/family_v4.py	ae554fe394a1a82f96de1c869dc487a13dbec35a23ee8d328fe82009369586e0	2054
trackC	trackC/devices_v4/final_v4.py	86bf988efbaa9080613bf2b941b44cec70a7704984ff15d3bccc8893f5824343	3113
trackC	trackC/devices_v4/ic_v4.py	c3fc808f9312fdda42f1c97da324867b2e7909f02ddb48b3f450aa85ba9397db	3518
trackC	trackC/devices_v4/leadlag_v4.py	323ae274a0c8bedc451aa7f75e69fbada6c9e2d2b930449fd400caf05ed8cf4a	2629
trackC	trackC/devices_v4/lib.py	7db352378e21b244627dd5a7da9f465100dacb90283b822b3fc2c0e6d9bcd7bf	2074
trackC	trackC/devices_v4/oos_v4.py	bd6cd579820852f1df76a034dfc60751b24f53897f0b4cfac7c110b99c4397e1	3173
trackC	trackC/devices_v4/r1_v4.py	0e016c69ede978a652b39459258ac48fa6cab13641828a56c61586fcf4104c17	2347
trackC	trackC/devices_v4/selfcheck.py	4ba7cdbd8e60b5e31636f7797136b0b22644d8324737bad6360f66393e677447	1373
trackC	trackC/devices_v4/shape_v4.py	8e00f90fc68eb389c0685fb9e759605bd5983fad263d9235644eb7e822b2f196	2828
trackC	trackC/devices_v4/uplever_v4.py	f3e2e2520478fcb488136bf566a2f5362cd3306aa8b9274e6eb86d96825724d2	3917
trackD_v4	trackD_v4/bonf.py	5c4cd512e2674ef47efc2eb0c63e880c9bfc6fe358a1207097c12fc71e76118b	1405
trackD_v4	trackD_v4/build_lob.py	9647aefa53955204e46e4511b20f0f217d9311162c6698cedc1eb9eb1d06a82b	3032
trackD_v4	trackD_v4/capacity.py	38157c43fb894adfd388cb99c963c0aed4437f64215adb9deb966e9151b3da1d	1637
trackD_v4	trackD_v4/capacity2.py	3fdc26ddc5bbbfcef7a16c65a84ee2e8bfbc746ef50624ecb3ce7720efbba2e6	1307
trackD_v4	trackD_v4/deathtest.py	5c4c9f3b0d1716dff9fe9e4a7763ba7d92ce32ac5390a70629fbe245cd688ffe	2828
trackD_v4	trackD_v4/drive_sleeves.py	7921b9c0c4e4c954583da1f057478af65cb457d3357cb6a8f919ddd2de3b35a4	3847
trackD_v4	trackD_v4/drive_sleeves2.py	e4958cbc6434ce70576c0c02c3c1881e1b41e8a5e0f2c0313547c78515580018	3159
trackD_v4	trackD_v4/drive_sleeves3.py	ce1c548358f8b47c6924c7eb12905dc700658a3a59c3a883c4b0845b88a84189	3136
trackD_v4	trackD_v4/drive_sleeves4.py	e05a5f08887c80fda9d0915b4f11bb9ec9cece07b4731a0b20e93ee8d4056521	2222
trackD_v4	trackD_v4/final.py	b98403e2277fef3fde98df01a6bc231bbe8d083d16c4c11f2fe8b150a2f3ed31	2892
trackD_v4	trackD_v4/final2.py	04f0428c0231d0ec3309b1304f89bb93b7348225ab285d1ca14032448a61e520	2439
trackD_v4	trackD_v4/ibrep.py	e649395efd97b52e3dbd71d4832867f1a48edbf1771f6b0a78edf67b0318fab7	1682
trackD_v4	trackD_v4/inbook.py	b4f83ee66f789e7bbc03499b12e8342e39ba4d427e396d4ab45520ca4c1be9e8	2609
trackD_v4	trackD_v4/judgeD.py	8be933a1f77648ca95ad99c7a86edda3f626d3707703455ee494ee302dfcd74f	4791
trackD_v4	trackD_v4/leak2.py	c7a1b6d95c371d597cc08c4166fb60d2c0669e280f2abccdaaf3cc26eace678a	2259
trackD_v4	trackD_v4/leakcheck.py	950d65cdc230d31d2e94c6512123a6f6ee9c7270ff5c5a57923b650c9afd0b41	2156
trackD_v4	trackD_v4/paired.py	2370a60f9ce3bfc762ac3380a5a4ed9fecb25f48289d6e94c6b984489f09a1a1	1946
trackD_v4	trackD_v4/portD.py	d1cce63c4f2fe77a175da6fa726c5f38af48ed3d76f73cbbe06aa8c809809a4b	3164
trackD_v4	trackD_v4/reportD.py	ec0082cce91cb78391df652f4ac6b3855d8b0ccdd8317723b2b8e696e36e4b8f	2157
trackD_v4	trackD_v4/surv.py	d6d53f97b24614d1dd131e6c1541d7bddf66dfe3dbb97e98fb900849d2963cf1	1419
trackE	trackE/devices/driveE1.sh	addd128a240f40c87091cd5f07280e08a42e1d3152bf77c9c036ea1be434d642	983
trackE	trackE/devices/driveE_rest.sh	f3fef3898077dbd9d28997e18fe8665b2476056b3e6f28f12f45a544923a72d5	914
trackE	trackE/devices/e5_trackE.py	61020ae8e14e4f1b1e1fd4678caea7994fab78db7887847f33cfbff3eed81d42	4512
trackE	trackE/devices/judge_trackE.py	e018f519c294ae212646b1eb653bdb12c30ca49642a6ef48b1680422d9b9bc9d	8440
trackE	trackE/devices/patch_seat.py	a2be717de0109e1e3e639f23726faa731374a2e182cb0315fe4943f13296e5ca	4118
trackE	trackE/devices/reportE_trackE.py	1869e82c92b532365e4967c6c238d2ca5b96d8cce080ae2f4969bd024f140ba2	1946
trackE	trackE/devices/runE.sh	cd96e10417f0782edb79d049bc5342cdf7b703f759092e864f703a8be3011dea	848
trackE	trackE/devices/w10_seat.py	4a9953c527148e6627f073ab8e4cfc2db326665b41a3588108c93216594005b6	31721
trackF	trackF/arsenal.sh	75be38e5d2fc1cc52ab09a84f1c3a89e021691f9f3d430ba5617a419a56ef3c0	939
trackF	trackF/arsenal2.py	497999db55d0151fd92178d8306d7a46b11e92fc2c72da84673482395c8ed55f	4653
trackF	trackF/build_regime.py	db80e66fb0620333b0b224a14b2184e27be345027941092078abf56fba9299b4	3315
trackF	trackF/ceiling.py	22e783129a0c8b0270eacfb740457c80aac7d4e8d3c98abefa14158fedae3e0c	4024
trackF	trackF/composition.py	59e18b01b332fe6507e83ee07803828ad2e32002162f8d639ebc3cdece6298e3	1772
trackF	trackF/diag1.py	96be76c48dc119478baf63577e93dba2b53e8430abcf0475831fc579a15a674c	2967
trackF	trackF/diag2.py	d079a5eb6ba9be20b89bc7ce403f252911d5413f0b014dfac977a8c115a17c38	1973
trackF	trackF/judge2.py	fd96bff026478feb76c12b68f5bc8fb61bd56896f472387d90a78a84dd8b59fb	2710
trackF	trackF/judgeF.py	15bdf51deeef4a4bc2d02d1ae8c77cc64b07237a5f0a5f36812c3c5c239237ca	4278
trackF	trackF/label_and_arsenal.py	75daa23803539c5bbbfd12647e2d909388414f9d4078613fa60c6129188917f0	5756
trackF	trackF/loc_arsenal.py	f2c0124f7f1c9d7e9e32f8091cfdc542f10d02b09b501e0818720c57a1722ae7	4398
trackF	trackF/make_trackF_device.py	1d7425d5da1f501b897c81bf23a17072e918f2a94cf9d51f99a443c4a8296315	6098
trackF	trackF/patch2_device.py	fe9a1faf106ada7c2c3053433458e37b9184bee3a64e4cd05a69cbea87c4fb8d	2082
trackF	trackF/patch3_device.py	52aea7121f0ecbc7c51583429821ab351b9cb66cd1583070084b226678a8597b	1954
trackF	trackF/runF.sh	df6ed5d8288119fa9cffc30c2ca081d0839f7be419ca3b294ad4c04d018bf354	747
trackF	trackF/setup_tree.sh	6cd7219d090977cea747a21ad183b42dbb86cf9d08a0b3d332fa03e48c5f0c09	712
