commit	author_time	subject
10dae3e879cd0aa458b488099e7cc28c9703acc6	2026-09-27T23:37:39+08:00	ops: take over live recovery and causal research execution through September 30
bdef3104b05a75ede13580a832d0b8dd5b474e6f	2026-09-27T23:39:10+08:00	docs: correct takeover timestamps to observed UTC clock
4c251205779fd82545404806e6a5650d5476f779	2026-09-27T23:42:03+08:00	Fix KSR drawdown veto to apply independently to each H1 year
7f3e6dd6af25503d23a7e4a17e2c33de6f0b6190	2026-09-27T23:43:18+08:00	Correct KSR repair note creation time to observed commit minute
48000a44023a7fbb23eec7a22e45d0d991c22496	2026-09-27T23:43:58+08:00	research: freeze funding state lag conditional diagnostic
120a6935de94439a552553953ae2314adbece128	2026-09-27T23:46:08+08:00	research: freeze recent funding lag population closure
5370d3a36e52ab68e62280944fd25c55e24d6798	2026-09-27T23:46:09+08:00	Add offline recovery acceptance with strict anchor and freshness gates
93acbe3f172431e957cad0e5a07221729226aea2	2026-09-27T23:47:32+08:00	Freeze same-host GAP4 reference and recovery-first release sequence before 16Z
20f42ff41930040ed82eb36974138c353a0f6495	2026-09-27T23:47:56+08:00	research: add read-only recent funding population diagnostic
0b2617102233bc73a089ad1f785891f64e3cd34b	2026-09-27T23:48:17+08:00	research: use receipt integer anchor key without conversion
fe33081f9124802e08f4c2a89a4dcec2de21d371	2026-09-27T23:48:54+08:00	research: bind diagnostic anchor keys to observed receipt format
88e5de74f42e4c321afe41c68483e8a7e986fff7	2026-09-27T23:50:12+08:00	Bind recovery venue order ownership to symbol and lossless IDs
a5827f4459acc3cb52c2bdfbd2d82364e77d7e1b	2026-09-27T23:50:26+08:00	research: bind funding closure to receipt precision and raw BTC returns
ebc7103f0c9d70033536dafc602d2f4931d65502	2026-09-27T23:50:32+08:00	Add pinned KSR completion waiter and one-shot bounded CPU readout
80503090df9de669752e94f818a9ce108b7415b9	2026-09-27T23:50:44+08:00	Close source handle when signing recovery venue receipts
d0c6d5919c2d0541bc6f23e413b38a3fe6f5ce3d	2026-09-27T23:52:43+08:00	INFLIGHT: register acting_lead_ksr_readout_waiter (Codex acting-lead research_resume_0927)
e66eec8e9db6464adc49b034237eb2773d71c4c6	2026-09-27T23:54:01+08:00	Record independently verified recovery fixes and pipeline continuation gates
db643ed57eef0aca1e34db3da6492673e276cf73	2026-09-27T23:56:36+08:00	Preregister F10 carry gradient probe before measurement
48f86de0a6719512bee258c8c1a5683b7eb48dee	2026-09-27T23:58:32+08:00	Add frozen CPU F10 carry gradient instrument
0215deef233ea6f0c854a03e2eac41ecf618ec0c	2026-09-28T00:00:30+08:00	Correct gradient units and pin D10 actual settlement cash before run
d668ed837f0f0bebe3037ef6fdbdebc24fbf326c	2026-09-28T00:03:08+08:00	docs: prepare recovery-gated GAP4 release and fixed 20Z first-anchor gate
688cb50e74031149d5b9cfc87fe8bf1f816b146e	2026-09-28T00:03:33+08:00	Queue pinned D10 rerun6 only after corrected KSR readout and strict resources
492f4d0de9bf990117632fe2d6b19c3baaa37117	2026-09-28T00:04:08+08:00	Correct queue note creation timestamp
b5deb4c2f2d860ba792b0b4691c9a35001867e04	2026-09-28T00:05:26+08:00	INFLIGHT: register acting_lead_d10_rerun6_queue (research_resume_0927)
13b0aa6419b9ed6453cbd2c7ff811e85cb97e27f	2026-09-28T00:06:59+08:00	Record live acceptance pending, serial research jobs and carry-clock blocker
815a415a2a076bf1ad14c9e58d3c2e0d037c8cae	2026-09-28T00:08:31+08:00	Queue existing funding durability audit separately from GAP4 release
941d1e81d58d7dbdc1458132cc2477a3844f4615	2026-09-28T00:12:12+08:00	Archive independent funding mechanism evidence and execution-clock limit
424f48e0cfe9b60f793e073497632b0ee5ec24b1	2026-09-28T00:14:12+08:00	Clarify actual fill clocks and minimal cash-alignment probe
0ac5490076edceec2289cca8369c5a833fda8566	2026-09-28T00:15:16+08:00	Record heartbeat observations and bounded causal training continuation
8682ecea9680204c162c138ac0d4a1e180e1706b	2026-09-28T00:15:51+08:00	docs: add complete first-anchor commands and funding durability repair contract
a19e3a725084ef2a98bbfdd89c7768cf95fdb847	2026-09-28T00:19:24+08:00	Freeze minimal funding cash-clock controls and resource gates
b0473191d4a296ab1a060a26355c6510e085cefd	2026-09-28T00:20:53+08:00	Record cash-clock control results and exact missing execution input
4ff3f9a7c84bc3be13b839969018a7f30cd69163	2026-09-28T00:43:38+08:00	Freeze restored canonical path cash audit before run
6f14e4ef6b4113e1f96b3ea4e5d9709c1c302abf	2026-09-28T00:45:57+08:00	Close real fixed-path funding cash control using durable mirror
53b61495f25acb3422f5ed455f4ac212f5ba4f8b	2026-09-28T00:52:35+08:00	Freeze reachable-carry two-arm network fixture and renewed budget
c87f6f944c88ce4269fa54a95b1df8e61ce9207f	2026-09-28T00:53:00+08:00	Record independent funding cash check and real recovery schema corrections
1e0d18276abfe6b6b49b0aae542f6739f94db050	2026-09-28T00:56:33+08:00	Implement fixed-tape network cash controls with hard resource gate
c8cdb12b759c016eceaf5a90272efd172805e601	2026-09-28T00:57:15+08:00	fix: bind recovery acceptance to actual watchdog policy and phase-A identity
10053643c203e4ef061c2a501c1aaa24445aae49	2026-09-28T00:58:21+08:00	Keep one wall budget across retries and preserve failed gates
8b5fe0f58ae98e4d25c56a180847d9d91612f801	2026-09-28T01:04:49+08:00	Specify minimal full-fold clock proxy and strengthen fixture input pins
874a8cf1691b5b1e9bab76f61c8bbfbaa5d3f772	2026-09-28T01:05:23+08:00	Add manual KSR terminal LR audit and paired m0 descriptive decomposition
65ca5f65f87d7103855ea91ce8e10ad7caeb2dc4	2026-09-28T01:06:06+08:00	Normalize control log whitespace while retaining raw SHA provenance
6c1f9e8f3f7739aae2c7f1b768deac7b2a7aafba	2026-09-28T01:06:28+08:00	Retain canonical read-only guard in network fixture
42addcf6446216247fb00a6519417c7b39f31418	2026-09-28T01:08:36+08:00	Record verified 16Z recovery and same-host GAP4 release preconditions
fee5c981a7c0291a7edb9e78e6be16e5a42eb213	2026-09-28T01:09:59+08:00	Archive hard-gate queue and narrow prior derivative scope explicitly
955d342532f921c4a33f7a8cd9fba4d523fee19c	2026-09-28T01:12:36+08:00	Record final resource refusal with fixture still unstarted
0507907f1e8515dbf401f7a31feeeac3316b1927	2026-09-28T01:14:27+08:00	Close clock-proxy boundary, inventory state and unit review findings
82f3f09713bf4ba6db9d38ba095e18a71477969f	2026-09-28T01:15:27+08:00	Preserve canonical notional floors when normalizing proxy cash
a2ba120589ef4b57449f4507febcd07bcda9ec7c	2026-09-28T01:16:23+08:00	Link independent fold-clock review resolutions in funding report
42987619e8419b5d9351145a2a08b896e62af8a1	2026-09-28T01:20:06+08:00	Persist all-event cash preflight and record exact runtime identity
0f9fc826f7d000e2b8812107ae27abf8b53ee5d4	2026-09-28T01:20:11+08:00	Correct KSR LR second-column diagnostic label to rev24
e08cdc494dffebcd01253b3beaba49d5b4fd1ef1	2026-09-28T01:21:06+08:00	Pin existing Blackwell-compatible runtime and disclose failed launch
7adf079a87a50f0d2f490699e7695d1fee888101	2026-09-28T01:24:58+08:00	Record GAP4 battery refusal and restoration of unchanged services
25a3ffabe08b3b4a9eebb5488b85481e1285bb54	2026-09-28T01:25:55+08:00	Archive runtime failure, first resource pass and independent clock review
75375e185b0057907d923d8afd2a0513fa87a77b	2026-09-28T01:29:56+08:00	Bind single rejected exit to historical release failure without waiver
e39541d97ea572d2a7fa9cb1041f742548946913	2026-09-28T01:34:09+08:00	Capture funding durable acknowledgement failures against unchanged implementation
30e2a9625c3b4f3f8b549a9f2bc33be96363b33a	2026-09-28T01:36:54+08:00	Close expired fixture budget and refuse any automatic reschedule
b6a3e70a18a74e8154df86af2ab130f797603b10	2026-09-28T01:37:43+08:00	docs: preserve GAP4 OPEN historical failure and bounded attribution
92797f219aa798ffb416fdf83fabf855057d384f	2026-09-28T01:38:34+08:00	Checkpoint active repairs and terminal research fixture refusal
1dbe61fa002b40794dd15d4613fe752584b7f494	2026-09-28T01:41:46+08:00	Bind D10 first-span inputs and reject incorrect funding clocks
453ed3001424eabf174d67942ca24d24684c618d	2026-09-28T01:42:02+08:00	docs: close OPEN incident order attribution without waiving release gate
fd8d70dc43be4958d5c6ed59f0cc702f58894b58	2026-09-28T01:45:08+08:00	Separate memory proposal and bind first-span D10 cash prerequisites
f57b9c9b5812d1b8e44c2fea9504c3625dde8b03	2026-09-28T01:46:21+08:00	Verify OPEN incident linkage and close durable funding RED baseline
844de15055d6f32045f0423cd8bc9526c8f4678e	2026-09-28T01:48:09+08:00	Reject unsigned offset wrap and file identity races in D10 input gate
3b7c7ced46e52265d984dd8902d4daf8a67a3edd	2026-09-28T01:49:45+08:00	Freeze common-coverage funding event comparison before reading differences
68e5cc5dc7f016e868ebbd1d6f1c4594c11908f3	2026-09-28T01:50:28+08:00	Freeze first-span admission audit and add exact-ms cash consumer
c8a1b388ef01e8ede05f677c5ecd645edacb9654	2026-09-28T01:51:38+08:00	test: archive funding durability and strict evidence red controls
c2bb21fd13577ca11b00c7a6645644b77caac75c	2026-09-28T01:55:26+08:00	Record original first-span OOF gap and verify canonical scheduling
1d16536c949fa849e35aae8a14c19a9d508e418a	2026-09-28T01:56:06+08:00	Freeze mechanical support-domain amendment before cash inspection
83b0d0fc64b03d8c306b87f2981b6a5afc1c1c22	2026-09-28T01:56:23+08:00	Archive common ledger comparison and guard recovery probes behind completion
3b72b9364398ed285780a3304cb0861aeefe99ff	2026-09-28T02:00:48+08:00	research: verify funding terminal boundary and frozen population
972208645bd4215455b2cc9155866f39221268be	2026-09-28T02:02:10+08:00	Bind supported Jan2023 window and reconstruct full-book targets without GPU
cfb8e5d3d4b489a749e238321b3a710566eb3fb1	2026-09-28T02:06:26+08:00	Add fixed whole-book canonical cash tap on bound ms events
68677f73efad972a6e556f6a5513e4ecacc1eb47	2026-09-28T02:11:08+08:00	Verify fixed first-span inventory and cash with independent mutation controls
e101bba96c144a2cf37079bc4e4495b7e040533e	2026-09-28T02:12:25+08:00	review: record funding evidence and durable ack counterexamples
ddd8ef3b669c757b7e175214ef14388239b748bf	2026-09-28T02:19:31+08:00	Archive D10 first120 exact-ms cash control with quantity and mutation gates
a1dcd597ae5e963dc24257df396dbec848603c63	2026-09-28T02:19:41+08:00	Retain first120 bound target and complete combo arrays
126d18ff125a7934791732724fc1ba790338cea7	2026-09-28T02:25:36+08:00	Record independent cash verification and remaining durable write failures
fd045e06920140f7919fb9bb598ff23f2d2ba80d	2026-09-28T02:28:08+08:00	Specify reachable-carry two-arm mechanism and isolated CUDA shape probe
533186a54974b3735f7ceff9c3b231fde5aa7f34	2026-09-28T02:34:05+08:00	Verify shared-parameter funding gradients across execution boundaries
5723603f33bf88bc9468c72b5ff563dd0e03db48	2026-09-28T02:36:07+08:00	Record one authorized synthetic CUDA probe and closed terminal
e886e404b65f352945fb9cd87c379a9aa4eb6f15	2026-09-28T02:37:55+08:00	review: confirm funding GREEN2 closes four structural defects
9f75494b0ed18a59226566bc5c3b9292e55c8900	2026-09-28T02:41:36+08:00	Reject correlation as an F10 capacity bound and verify CUDA resource receipt
b99ad86329214f54e508641ea6ac13ae8c787aa9	2026-09-28T02:43:28+08:00	Freeze two-anchor synthetic parameter clock and hard-forward controls
8ba8a6178ccf7419619bc122ba640417b37403f8	2026-09-28T02:43:45+08:00	Check correlation counterexample against actual 400-name diagnostic population
14fac14d79c5020d148f3afc03696feee57ac795	2026-09-28T02:44:58+08:00	Make pre-run zero-rate control exercise both objective branches
15cb00d4b6d4c856aab4719499e5c296bb16390c	2026-09-28T02:45:51+08:00	docs: bind funding durability candidate to complete offline evidence
8007d41b3ef359dd9e8e8e5d63c9f575f8b2ff71	2026-09-28T02:46:22+08:00	Zero event rates at input and limit hard-forward claim to step parity
1ba886cdd65028c110429d0ec1f42071db87de4e	2026-09-28T02:47:48+08:00	docs: record undeployed fix-pkg-e prerequisites for funding candidate
0365bb1db5a3533b77ea945971be733d375cb850	2026-09-28T02:50:09+08:00	Preserve CPU controls and flag unresolved zero-rate byte identity
64f838acdf88366f161995fed4e487f53342252e	2026-09-28T02:50:58+08:00	Archive verified funding candidate with dependency bundle and release blocker
ed007f7d132764f6b629baa407f9a9266816f56d	2026-09-28T02:51:26+08:00	Bind one F0 byte locator to original CPU deadline
d70e93e071c14d40957b0a25a76fbe74deb6dd2a	2026-09-28T02:55:43+08:00	Close F0 byte locator at original deadline without retry
67c08dbc7fc714ee2f59ec15cb6f3ee1f2ff1f87	2026-09-28T02:58:05+08:00	Record bounded CPU control expiry and live research queue state
8bb14d4106c6737f58f5506e309c266a323727d7	2026-09-28T03:01:42+08:00	Freeze bounded first120 D10 input pack with no network execution
3468f4cbac366bdfff4729e979ce005ecb740168	2026-09-28T03:04:05+08:00	Independently verify bounded input reader controls and flag identity gaps
c31a94562546d1d368ba4e8d0f3b6dc793f9a0af	2026-09-28T03:07:40+08:00	Record input pack checks and order-bound KSR progress
226b67171d8c11b66549f0ba1a1569323edf841d	2026-09-28T03:09:05+08:00	Add independent input-pack identity closure reader
93fd499d098813a9d12eca5d3f2d377c3e291a81	2026-09-28T03:12:20+08:00	Archive completed first120 input pack and independent identity acceptance
a0d84bfd939fd7e720b4a28b15a903d764230d77	2026-09-28T03:17:42+08:00	Verify first120 input bytes independently and record next network stage
5d00b1645e35ec44ca14219cc550e1f263796086	2026-09-28T03:23:53+08:00	Freeze first120 shared-parameter clock forward instrument for review
8422dc61f5da4d88ed4501c84a425981ecf6a608	2026-09-28T03:25:07+08:00	Bind first120 event symbol axes before numerical use
ff66a4a68395641b3c9c29210e9b308ea200a1e9	2026-09-28T03:33:18+08:00	Close first120 forward attempt after strict resource refusal
91a70168d30d48b16c97a03f5a832e875a05d0d2	2026-09-28T03:34:23+08:00	Audit forward resource refusal and retain unchanged live deployment
465349c0ab5a0eb4010af289fb6e654a70728a46	2026-09-28T04:01:56+08:00	Record 20Z live start and source-bound queue markers
396beee0b0e105d50dfe9cb738f4d44a987a8bee	2026-09-28T04:31:52+08:00	Record 20Z snapshot parity with final acceptance still pending
830ab0ff037d433c3cedacbe02273170051d0d7f	2026-09-28T05:09:14+08:00	Record completed 20Z recovery acceptance with bounded venue evidence
30b0e07d9a18acf45994ef414a73f6dff67bbfa9	2026-09-28T05:32:32+08:00	Record 21:30 queue progress and unchanged recovery state
f3cf14d2c164ab05c9d7e8f02ab58064d4050851	2026-09-28T06:06:30+08:00	Validate source-declared LR support before KSR terminal decomposition
da0d39088e621fe1b420be5f80c2c10b48e37e86	2026-09-28T06:19:39+08:00	Record completed King refresh book rejection and matched mechanism audit
925ac4324197b4ae3245f212f71dc18cd458afd5	2026-09-28T06:20:39+08:00	Prepare verified private-disk relocation of inactive tmpfs intermediates
5265aea0c259fe96ce5f6fcfff307ead1fb2882d	2026-09-28T06:21:39+08:00	INFLIGHT: close fresh2_ksr_book_cells (Codex-root): Root verified KSR_DONE series=36; corrected reader DONE at21:56:09Z; S1 book REJ
b87fcafc21bb758c1aa2d390d8cadb1e34799748	2026-09-28T06:21:39+08:00	INFLIGHT: close acting_lead_ksr_readout_waiter (Codex-root): DONE output c66007970ca9042688db02e0343c46bd89e92ec9e81a89d251f34695a4fa8d9c; ro
2480c9675d2d35c4985392590e171a587bb61758	2026-09-28T06:21:40+08:00	INFLIGHT: register acting_lead_tmpfs_relocation_20260927 (Codex-root)
2fdafb964266536b8b3bfc1950deb416a84935e2	2026-09-28T06:24:39+08:00	INFLIGHT: close acting_lead_tmpfs_relocation_20260927 (Codex-root): DONE22:22:50Z rc0:706 files13,933,310,928 bytes preserved and original paths ret
761aeabc3fb8fca1115fa400855f63122d3458a1	2026-09-28T06:24:39+08:00	INFLIGHT: note on acting_lead_d10_rerun6_queue (Codex-root): KSR accepted; inactive tmpfs relocation restored original strict resources;22:22
6ef3c9aa6d5358c02459f2447c04ea6062a3afbc	2026-09-28T06:26:17+08:00	Record verified tmpfs relocation and actual D10 runner start
5b12e03505cdc8a59a4ca100506bdc494120a053	2026-09-28T06:38:26+08:00	Plan descriptive KSR handback state audit without reopening candidate gate
83de24f41a852759fbea9668b1688122aa827b8e	2026-09-28T06:41:45+08:00	Trace unchanged King inputs to post-handback publication divergence
58176522fd60f216ad6e5c376b5672a441c774d9	2026-09-28T06:43:43+08:00	INFLIGHT: close acting_lead_d10_rerun6_queue (Codex root acting-lead): Runner 3548735 completed 22:30:40Z rc0; 15/15 rows executed: IDENTICAL 10, PASS
2ffe849745b7a1aeb027b91060fc395b68f1afc9	2026-09-28T06:46:00+08:00	Bind bounded handback replay to original combo sources and saved output controls
a9f5fd2a1d04b9d7c4e0f9b5a910bd2a172e6df1	2026-09-28T06:46:52+08:00	INFLIGHT: register acting_lead_ksr_handback_rebuild (Codex root acting-lead)
72bf99de46b547dca8dbdee1c359491f33173bc7	2026-09-28T06:47:21+08:00	Archive D10 input dry-run completion while preserving red parity semantics
a401ee88cdd90f026c6563270bfafb4ce6ffc127	2026-09-28T06:49:14+08:00	Pin handback state trace launch and exact differing publication anchor
6452efd52ffd80d88d91b266f3abfa0e77e20d60	2026-09-28T06:54:31+08:00	INFLIGHT: close acting_lead_ksr_handback_rebuild (Codex root acting-lead): DONE source rebuild 112.4 seconds, 448528 KiB; four original-output controls eac
053095ca8415c0d01912c96dce9d58cf281c40b8	2026-09-28T06:57:21+08:00	Document verified King handback state and publication fork; close heartbeat evidence
3ce73a2649c980f0d47c55ad1f34efb4e165b8ff	2026-09-28T07:03:03+08:00	Allocate explicit bounded F0 byte locator follow-up; preserve old deadline failure
e4bdb2acff82c56247ff2b258bf8ab2914ee1785	2026-09-28T07:03:24+08:00	INFLIGHT: register acting_lead_f0_byte_followup (Codex root acting-lead)
6f3280fdabd3600da69e8f2442a0ecdd16892818	2026-09-28T07:05:27+08:00	INFLIGHT: close acting_lead_f0_byte_followup (Codex root acting-lead): DONE 23:04:23Z rc0 peakRSS830115840. Exact original whole hashes reproduced; onl
9c754246812798e4e99df5275731ae27d427cbc5	2026-09-28T07:06:55+08:00	Locate F0 signed-zero difference and freeze unchanged first120 resource follow-up
e495194cdcd792cb87d5dfb59ad6075399797a2a	2026-09-28T07:07:20+08:00	INFLIGHT: register acting_lead_first120_resource_followup (Codex root acting-lead)
8c07678b36b2dfe14d130fe84ce27e5e38171069	2026-09-28T07:10:14+08:00	INFLIGHT: close acting_lead_first120_resource_followup (Codex root acting-lead): WORKER_FAILED 23:07:35Z rc1, 0.287s, 33MB, GPU0. Root copied guard output path b
823ae153a0abbf2ff7cb6ad27f63f4773e3cc1de	2026-09-28T07:12:07+08:00	Bind guard and worker output before launch; retain failed attempt and F0 evidence
f622b78a56e92e026581f656dd35fb0f938f9210	2026-09-28T07:34:30+08:00	Freeze one bounded first120 run after guard-worker path repair
c6c29abc52de7e221b563ddd98a3be1a6321bdc7	2026-09-28T07:34:58+08:00	INFLIGHT: register acting_lead_first120_pathrepair (codex-root)
f0579b668ee7e87db0e017b897b2a0a06f5f18ce	2026-09-28T07:37:21+08:00	INFLIGHT: close acting_lead_first120_pathrepair (codex-root): WORKER_FAILED at 23:35:39Z before model load: unavailable possible holding price
1cd2e2d5b9c63b82ab65897394db83ab13008d96	2026-09-28T07:43:13+08:00	Fix clock proxy price units via pinned canonical price decoder
460d507293a1544d8440b0fc3c3b3dccc7f170e0	2026-09-28T07:43:54+08:00	INFLIGHT: register acting_lead_price_units_validation (codex-root)
6c007f6b7466bc79b49be2af1205a74db0ab442b	2026-09-28T07:45:20+08:00	INFLIGHT: close acting_lead_price_units_validation (codex-root): Completed 23:43:38Z; 10 controls PASS and 940578 priced cells match independent
d34f6838d77cc06826ea09ee6ebe420fafdaed19	2026-09-28T07:46:27+08:00	Bind decoded prices and freeze bounded repaired network verification
f93b3b07f83a6df9bc38d51d4c8b3daef7364047	2026-09-28T07:46:55+08:00	INFLIGHT: register acting_lead_first120_pricefixed (codex-root)
32e2f65cdee23548541facd4f955ce1c664992dd	2026-09-28T07:50:07+08:00	INFLIGHT: close acting_lead_first120_pricefixed (codex-root): 42.02s rc0 complete; parameter unchanged/no optimizer. Hard parity <=3.47e-18; s
7c39c83e798ab4044c86c8843e3a09433a29149f	2026-09-28T07:54:15+08:00	Archive complete clock-network run and retain unresolved surrogate gate
95f46b49ce2032b58a3b8b90c444c66b2880332c	2026-09-28T07:54:41+08:00	Include exact coefficient and proxy-part arrays in verified run archive
c9ed298575b722504a0ef8268dee6e8bed24c7ad	2026-09-28T08:05:56+08:00	Freeze rank-action mechanism probes before scale interventions
ce3b7d77474a8b22bddd130d901cf9cbd1b23274	2026-09-28T08:12:28+08:00	Add pinned read-only layer tracing and fixed rank-scale probes
54d602f567c1b7befa78087286ac5f02c3f8a19a	2026-09-28T08:12:29+08:00	INFLIGHT: register acting_rank_action_20260928 (codex-root)
b1ceada46db5e3e73b3e1266d78aad591da29b33	2026-09-28T08:14:25+08:00	INFLIGHT: close acting_rank_action_20260928 (codex-root): Worker failed after all eight books/layer arrays: post-read verifier used ROOT m
8447db73a756fdc928b853a418db7f7efc1f47e9	2026-09-28T08:15:10+08:00	Retain failed trace run and bind post-read verification to explicit root
513962e69b4d5bc6ac63e5c57cc74450b64bc4ab	2026-09-28T08:15:10+08:00	INFLIGHT: register acting_rank_action_scopefixed_20260928 (codex-root)
f4d6d28dcaa966227635f6b6d500ebbd4fdb24ae	2026-09-28T08:18:59+08:00	INFLIGHT: close acting_rank_action_scopefixed_20260928 (codex-root): Completed rc0 33.69s, RSS1.344GB GPU0.463GB. Original source traced exactly; har
fab831b7880f798a5b1db2a695f1b6b26ba7ff32	2026-09-28T08:19:00+08:00	Disclose proxy normalization omission and freeze source-aligned correction
a97cefeb458e6af93394174525b14df267432503	2026-09-28T08:22:35+08:00	Restore training score normalization in isolated clock proxy with red-green evidence
8141b6ad51246e77d4200e1592e7fe1098222d52	2026-09-28T08:22:35+08:00	INFLIGHT: register acting_normalized_rank_action_20260928 (codex-root)
2b7623bb632c8356b0b7e10f7afd3fcefad5b1a6	2026-09-28T08:24:18+08:00	INFLIGHT: close acting_normalized_rank_action_20260928 (codex-root): Completed rc0 26.24s RSS1.355GB GPU0.463GB; normalization corrected own raw-scor
93f419c36dac52fbf341ad274de2f8cb51e8bef2	2026-09-28T08:26:30+08:00	Document latest short-basket losses and repair own rank proxy with sealed evidence
7ff1d64292caba5cbccd67fc47c73bcedfeb323e	2026-09-28T09:03:18+08:00	Freeze pooled latest-loss signal and inherited-state diagnostic scope
b54f6801db3312927e16eb3ba4710cd9d6283c7a	2026-09-28T09:08:01+08:00	Pin normalized first120 parameter-gradient instrument and unchanged dual-step gate
f1fbad3ed40359a62772e8c8a8609800e885c1fc	2026-09-28T09:08:16+08:00	INFLIGHT: register acting_normalized_network_fd_20260928 (codex-root)
bd3a512ad35c1b67fcdd7bd600737fa64b4a2260	2026-09-28T09:13:21+08:00	INFLIGHT: close acting_normalized_network_fd_20260928 (codex-root): Completed rc0 45.0s RSS2.04GB GPU0.679GB; 1e-4 9/9, 1e-3 crosses producer/fill_s
15a97fb41c6d07a1bf2b7da8eee82866bd7a6616	2026-09-28T09:16:43+08:00	Record recovery taker warning and verify live funding rank and inherited-state loss bridge
446d8a71adb745ab9b1f10c59e58c2d2fb58c459	2026-09-28T09:35:54+08:00	research: freeze one-step clock-loss paired implementation probe
cf6d7c51e4e6f61b827838750f438e7a26e639ea	2026-09-28T09:39:18+08:00	research: implement fixed-clock paired one-update probe with F0 gate
a65aa0552ab29800d7a19078e9e751e4b031281f	2026-09-28T09:39:19+08:00	INFLIGHT: register clock_paired_update_20260928 (codex-root)
8226fbdde9e65f074fb2640bf7ece4221dd2481a	2026-09-28T09:45:19+08:00	INFLIGHT: close clock_paired_update_20260928 (codex-root): 76.10s rc0; four one-step updates; exact full-window F0; post-update hard mappin
e1b5b86ca6930f636d9d504a77ab55db761be2c2	2026-09-28T09:47:23+08:00	research: record paired-step controls and all-HOLD failure mode
a3739ed291d991687e858df120a112e07fe4ca78	2026-09-28T10:04:06+08:00	research: freeze causal training-window and prefix inventory
ee8d63059504785a669a2d3a24847fb6f48fab54	2026-09-28T10:08:22+08:00	research: implement pinned training admission and prefix census
45ee259494675c1cfdd96a79a99c127bd887bead	2026-09-28T10:08:22+08:00	INFLIGHT: register training_prefix_inventory_20260928 (codex-root)
bc3dc11273aea34b280c486c2ab68e36a0f64775	2026-09-28T10:15:58+08:00	research: prioritize one full-book concentration comparison over proxy iteration
39f16936f1dec8b7d26ad3c6b4524fbaac08616a	2026-09-28T10:17:52+08:00	INFLIGHT: close training_prefix_inventory_20260928 (codex-root): COMPLETED 02:13:31Z rc0 14.84s RSS249MB; 149 original accepted +6 rejected repro
652c89b7fccb1cbc3d2d23449e09d5fcaf06f634	2026-09-28T10:20:17+08:00	research: run bounded cap50 full-book comparison using existing pinned engine
ea6b156141fc87b1ff2960b132813a63da572d29	2026-09-28T10:20:17+08:00	INFLIGHT: register book_cap50_20260928 (codex-root)
e3f402e134864d20cb4c2fdbd3a3f16960613c28	2026-09-28T10:23:55+08:00	research: bind isolated producer source root and retain original batch deadline
3368a3482cccce4f49417593dcb9a544d805606b	2026-09-28T10:25:32+08:00	INFLIGHT: note on book_cap50_20260928 (codex-root): Attempt1 failed at source path lookup before numbers (64s; archived). e3f402e13
e3b50d4b8720168855bca81e5beb00390e8c6fc0	2026-09-28T10:26:35+08:00	research: record execution-first queue and preserve failed path setup receipt
01710f19ccf9fd6368a7cb245c9fab0c8147135e	2026-09-28T10:38:16+08:00	Add paired full-book risk and cost readout before candidate results
e244faa87b5e5b61f85576d2825b72a1bc7ef1a3	2026-09-28T10:49:48+08:00	Record complete cap50 comparison and adverse recent-window result
8150341d558edde09143abf4ff2eb61727ec26fb	2026-09-28T10:49:48+08:00	INFLIGHT: close book_cap50_20260928 (codex-root): DONE attempt2 rc0 02:45:12Z; identities byte-identical;64 candidate paths audits
9332a8a2094af6da3e74aca244b0b8dc5e0def67	2026-09-28T10:50:26+08:00	Freeze one inverse-risk whole-book comparison without parameter search
b341dd20271709cf9eb6c89eaff68a17df80ad3b	2026-09-28T10:52:12+08:00	Reuse verified simulator for one bounded inverse-risk comparison
15deddf2ce50ed7a1be4dde39389f8af1d0deb40	2026-09-28T10:52:54+08:00	INFLIGHT: register book_invvol_20260928 (codex-root)
6c33fefa10ba665213794ca5015e2fa4e42b7764	2026-09-28T10:54:39+08:00	INFLIGHT: note on book_invvol_20260928 (codex-root): RUNNING 02:52:57Z PID/PGID3569357 ticks513387118; absolute deadline03:22:57Z. Co
884b8f52644d384b53f269d7edafa5be67f4407d	2026-09-28T10:55:12+08:00	Hand over completed cap50 result and bounded inverse-risk batch
d89788736d2e9558de683b9da555a123764dd359	2026-09-28T11:06:50+08:00	research: preregister paired residual-model full-book comparison
0374ffb66fda5edee6c9314e54f94bce9a7f8092	2026-09-28T11:23:01+08:00	research: close inverse-vol full-book comparison with adverse cross-regime evidence
efb88aa5b48c06bc82b6ae60ca266b0afc254cec	2026-09-28T11:23:02+08:00	INFLIGHT: close book_invvol_20260928 (codex-root): rc0 03:11:34Z;64paths audited; archive verified107; full delta -8.764/-8.903bps/
943f3c74174f5d480ebb2040d41bbb854aa91649	2026-09-28T11:23:19+08:00	research: paired RAW and residual Ridge full-book trial with original-control binding
bd6f80f06cc7a373a816d20e29a4b06c2756d52f	2026-09-28T11:23:19+08:00	INFLIGHT: register residual_book_20260928 (codex-root)
3e47e23fe28cd593803421009b3e37c016758b6e	2026-09-28T11:26:39+08:00	research: record reviewed residual model trial and exact live task continuation
498e91ad5972ca572a1b7af6803f6a08ab2127c3	2026-09-28T11:29:14+08:00	research: fix collinear Ridge numerical solve before economic evaluation
10f55e8ad6cd51620b19780b246bf5cdfba6c83d	2026-09-28T11:29:54+08:00	research: reject any remaining ill-conditioned Ridge solve
5c4a92a7ef552638e982240bbdf4ea6e8512c156	2026-09-28T11:31:16+08:00	INFLIGHT: note on residual_book_20260928 (codex-root): attempt1 stopped by verified own controller SIGINT at03:27:53 rc1 before economi
6c2adc388d72c4c4a3cecbec70bb4421a36c2032	2026-09-28T11:31:50+08:00	research: preserve numerical abort and bounded double precision retry receipts
3ac2d73cedc4637a969ea5e6f346c00dee36bd51	2026-09-28T11:35:53+08:00	research: add same-population prediction diagnostics without changing book gates
73eddaea37c985932993ace2e6ea95d88f763f11	2026-09-28T11:38:51+08:00	research: execute frozen residual full-book criterion and expose recent harm
874f787d3a4a28491ac10cda4e5c7b12693d1178	2026-09-28T11:43:16+08:00	research: consume residual batch terminal and seal reproducibility archive automatically
2182ecd4aed87e99d9719caeaf9aab590795aa5d	2026-09-28T11:55:24+08:00	INFLIGHT: close residual_book_20260928 (codex-root): attempt2 terminal03:47:27Z rc0/1014s;64 candidate paths audited, prediction8fold
ab2bdf4100d97b3f1e9ed00e8d8ab2184d5435eb	2026-09-28T11:55:55+08:00	research: close residual full-book experiment with failed preregistered follow-up and sealed evidence
344ff63869f439f1302778c4325b7fe2b4b3473b	2026-09-28T12:11:12+08:00	research: freeze read-only score-to-book stage probe with exact archived target parity
e15184b856e9e8bc94616f8c4ff9b62740561503	2026-09-28T12:11:12+08:00	INFLIGHT: register score_book_probe_20260928 (codex-root)
8310d43291c2c7d3c9338aa0fb387ffff2f1d4f8	2026-09-28T12:18:18+08:00	research: trace sealed scores to book and localize temporal mismatch without profit claims
f2a74930b3bd859d7d3741dfd4c9389721df3f83	2026-09-28T12:18:18+08:00	INFLIGHT: close score_book_probe_20260928 (codex-root): DONE rc0 04:11:55Z, 36.39s, four models x8142 archived targets exact. Results ar
711bc794520e265ff61ec59cc03858017007debf	2026-09-28T12:19:17+08:00	research: preregister matched nonoverlapping holding-horizon model test before scores
93250c364cdc416127649c60a2341c89751edf41	2026-09-28T12:25:38+08:00	research: implement matched causal holding-horizon model and complete-book pipeline
f9205e7d03a8ba109f545d1fe28d437f6be6b6f6	2026-09-28T12:26:36+08:00	INFLIGHT: register horizon_book_20260928 (codex-root)
b6b18a648762a965b991184dcc5f0547844eb106	2026-09-28T12:27:44+08:00	research: bind horizon batch launch and resume ledger with fixed deadline
758dc478797d966a12253bc6c0908f7ae0517ad7	2026-09-28T12:29:11+08:00	ops: record passive 04Z target identity without repeating venue checks
8eef1607f7abf0bba5ea7f2da3f15cbede2a656b	2026-09-28T12:36:54+08:00	fix: admit exact horizon completion header and reuse immutable trained models for interface retry
3ee4f11961b7dbd48ef0087e5ba4892cacd8b1b3	2026-09-28T12:36:58+08:00	INFLIGHT: note on horizon_book_20260928 (codex-root): First root FAILED 04:28:26Z: exact horizon TRAIN_RECEIPT status missing from com
8e6be6ac8a07f72693dc98c4159d6f9f7f5907cc	2026-09-28T12:40:01+08:00	research: record immutable-model horizon continuation and failure boundary
cab55f4a92f8285b8f9b7f519f2bc42ef3d6c533	2026-09-28T13:15:05+08:00	Record quota failure and one bounded unchanged-model recovery
2e3f96601371d856c8af581cd198541f515fd920	2026-09-28T13:15:55+08:00	Bind unchanged horizon models to bounded tmpfs recovery root
3e9f5362503fd0657b501d392cf5880ea2ab422a	2026-09-28T13:16:42+08:00	INFLIGHT: close horizon_book_20260928 (codex-root): Original 05:10:52Z budget exhausted. attempt2 GONE_WITHOUT_MARKER; direct volume
9f0a1dee864c883878303214fae73c885fdfbd58	2026-09-28T13:16:42+08:00	INFLIGHT: register horizon_book_io_recovery_20260928 (codex-root)
749e5ad260293f69542eb90540f797f46c6673a4	2026-09-28T13:16:42+08:00	Pin recovery source commit before launch
344f05165086ba884c8dfac3c75751ee56d706d7	2026-09-28T13:20:11+08:00	Archive 04Z live checks and verified Pod quota recovery
cb15780d23d0f95722e09145af3e5933bd2e35eb	2026-09-28T13:23:43+08:00	INFLIGHT: note on horizon_book_io_recovery_20260928 (codex-root): Actual launch05:17:26Z PID/PGID3581618 ticks514254034, postprocess3581619 ticks5
ae7d163bb78cf79d27a8224a40ae9bf6a124c43b	2026-09-28T13:23:43+08:00	Preserve sealed horizon models locally and record active cash replay
566d06dc40edd23b8b69d0c75da7ee7de4697c50	2026-09-28T13:46:08+08:00	INFLIGHT: close horizon_book_io_recovery_20260928 (codex-root): Terminal 05:32:10Z rc0 and postprocess 05:32:38Z rc0; 64 audited fullbook paths.
bdbfecedc1c35c6f743a147bc076149deee4772e	2026-09-28T13:46:26+08:00	Complete holding-horizon paired full-book trial; reject DL follow-up and archive evidence
10bf1d86e45d9ce6348a2da6e3a967b19ec37af9	2026-09-28T13:53:45+08:00	Verify recovery quantity continuity behind the 04Z notional-cache notice
24ee546778d38aabc574a61c5217f83fe413209b	2026-09-28T14:11:48+08:00	Preregister pooled liquidity cost probe before candidate returns
35109d05c70f52b9317793a797e7d9472aeb3af2	2026-09-28T14:16:09+08:00	Add strict pooled liquidity cost diagnostic and causal axis extractor
d4f16f820dab8bb8b3137ae750e8a48c76561911	2026-09-28T14:16:36+08:00	INFLIGHT: register liquidity_cost_probe_20260928 (codex-root)
0f91ba975b484cea79bc3f601af4fb05213a40f1	2026-09-28T14:25:34+08:00	Measure pooled liquidity cost support and refuse empty-bootstrap confidence intervals
68e4564bcfaddf29d1953e7c3108137e79c8b994	2026-09-28T14:25:55+08:00	Archive small liquidity axes and daily pooled numerators for reproducibility
ee878f57e4166d3772db8b6fcbece727b974afd9	2026-09-28T14:25:55+08:00	INFLIGHT: close liquidity_cost_probe_20260928 (codex-root): Completed pooled cost diagnostic, 9 controls pass, receipt 2c64c27c; lowest liqu
094a6243150aa86c0782c0b726cc100a46778d32	2026-09-28T14:40:58+08:00	Preregister corrected NC liquidity blend target and cost-support test
b97c376f612848de7a268d3e87573b46e55c648c	2026-09-28T14:45:10+08:00	Build source-bound NC blend with baseline identity and causal support controls
c69ccd9bcc9b665a1875d6cd7f89e78270626ea3	2026-09-28T14:45:56+08:00	Bound NC target-support job and record exact process identity
5f7e1071d12f2a807837e2d0e0f953238050cb70	2026-09-28T14:46:22+08:00	INFLIGHT: register nc_liquidity_blend_support_20260928 (codex-root)
ac143473a02d72a6a13c913c484c024cacaf4442	2026-09-28T14:50:08+08:00	Record bounded NC blend task and read-only live status
f3e3d2e0621ee4a8cc4c92a581929ac758128e25	2026-09-28T14:55:29+08:00	Preregister paired NC liquidity-blend cash diagnostic and cost stress
c4594a4b84a69849e5350375e90dd097f28b4ef3	2026-09-28T14:58:31+08:00	Wire sealed NC liquidity targets into paired cash engine with fixed stress and terminal decision
be48e97adbc8def96ec2f5bc60e8b71512585f7a	2026-09-28T14:59:54+08:00	INFLIGHT: close nc_liquidity_blend_support_20260928 (codex-root): COMPLETE rc0 in439s. Original fund/LR/seats and four complete target controls ex
35a2b38709f55b2095680ec64baa819cb4c061bd	2026-09-28T14:59:54+08:00	INFLIGHT: register nc_liquidity_blend_cash_20260928 (codex-root)
af84616a9d1d7ed576c211e14c0d40458f677797	2026-09-28T15:00:19+08:00	Pin cash job to sealed target outputs and verified execution controls
0dc14c6b98ba7c99b20b436024cac4b4ca540ebc	2026-09-28T15:04:14+08:00	Report NC blend target support and continue paired whole-book evaluation
7dea6fac2deeb6f1e9e432971973331d20a0f8d3	2026-09-28T15:21:52+08:00	Complete fixed NC liquidity blend whole-book comparison and independent raw-path checks
c38fee44e405c9a16d89c1ed06af5b1ad8f56852	2026-09-28T15:22:30+08:00	Preserve original liquidity-blend execution logs with archived identities
74b15ff925374e6e1d42dbd8bc7fa1cbd300d9a0	2026-09-28T15:22:31+08:00	INFLIGHT: close nc_liquidity_blend_cash_20260928 (codex-root): COMPLETE 07:13Z rc0 batch and postprocess; 64 paths and 128-path independent ari
72eb3c0acf33f97d9d941b52531f7ff77efe24ab	2026-09-28T15:39:09+08:00	Reconcile OLD and NC Sharpe on identical windows and estimators
0e431121d2a52fc4bb5ed1247d9087cf453b96b5	2026-09-28T15:42:20+08:00	Correct latest lead Sharpe comparison to same NC pre-2026 window
17e2456201fd6338b22b4ce5a8c5c93404c5b975	2026-09-28T15:52:17+08:00	Add strict read-only heartbeat schema audit and record research distinctions
02bd7efc21ccfffbea56a5734739459f17ea3c79	2026-09-28T16:16:35+08:00	Preregister bounded KN target-rank geometry diagnostic
ac11c6cbe940cd14a3be79e50dace7bb1c418fe9	2026-09-28T16:19:26+08:00	Add bounded same-population KN label geometry probe and controls
b927b4e7704a667c82aed39f862b206f837abee3	2026-09-28T16:19:38+08:00	INFLIGHT: register kn_label_geometry_20260928 (codex-root)
cecafc8f3e9a321d5f1368362a59756b1aa46be1	2026-09-28T16:24:00+08:00	INFLIGHT: close kn_label_geometry_20260928 (codex-root): Completed 08:20:35Z rc0 in 15.32s, 370MB RSS, 5 controls; frozen KN net/price ra
75fe6ce359628f97cab63e79e6c833a1f208385d	2026-09-28T16:30:56+08:00	Archive KN label geometry and verify 08Z published model identities
71823ce73fe1dd1620b95977911bf8bc993db76e	2026-09-28T16:31:52+08:00	Freeze recent-priority F10 adaptation and matched-update controls
44eeb18d732445512ba2b6718374f152d66d6182	2026-09-28T16:39:32+08:00	Implement bounded paired F10 adaptation with full-book automatic readout
3af7a04a0ac000c2d93482e3828069715dfa71c4	2026-09-28T16:39:47+08:00	INFLIGHT: register f10_recent_adapt_20260928 (codex-root)
526b333be2da2ffe41e0ce10be51c9250454deec	2026-09-28T16:42:48+08:00	Preserve original missing-label alignment in adaptive F10 wrapper
bb1454d3199ce7641b63b38fea7cf8e903fd8189	2026-09-28T16:43:19+08:00	INFLIGHT: note on f10_recent_adapt_20260928 (codex-root): Attempt1 FAILED08:40:49Z before CUDA/optimizer: wrapper required whole target/fe
fb30334ba2cea22c3e1c26cf7e19912f55a047f0	2026-09-28T16:46:15+08:00	Record live GPU continuation, recent evaluation priority and original deadlines
cf0b490219ecab8c6b2cdf74c1daeb1799243346	2026-09-28T16:54:02+08:00	Add retrospective recent-priority comparison without revising old decisions
8fb4b1c5c206b7f2094eab803deee06fbc582538	2026-09-28T16:59:23+08:00	Record recent-priority full-book reread and live local check boundaries
c0244836da63acabc0520c750732b1de9e171717	2026-09-28T17:20:23+08:00	Resume completed F10 cash evaluation with serial resource-bounded cells
f70c221f1299204ca65547a3156632c55e48a90e	2026-09-28T17:21:17+08:00	INFLIGHT: close f10_recent_adapt_20260928 (Codex root): attempt2 FAILED 09:11:39Z shared resource guard after 92 neural folds complete;0
6a06c15ee34a93e0384f04fe0492e9b4af578456	2026-09-28T17:21:17+08:00	INFLIGHT: register f10_recent_adapt_cash_resume1_20260928 (Codex root)
da573a8085e72117d4105df76d225b4939d3a431	2026-09-28T17:25:46+08:00	Add checksum-verified recent raw price archive collection with explicit gaps
e4fb8461a916a3fa6ac4919099ff34f928d06d62	2026-09-28T17:26:46+08:00	INFLIGHT: register recent_public_prices_20260928 (Codex root)
9a358235d86a5098ef028a91247cb4ae9dab3df1	2026-09-28T17:29:08+08:00	Preserve Unicode venue symbols and failed archive collection terminal
f375ce6ff733aa21da6d397850a800d920a8d1b6	2026-09-28T17:31:47+08:00	INFLIGHT: close recent_public_prices_20260928 (Codex root): Failed before requests:5 legitimate Unicode venue symbols rejected by ASCII guar
0eb9acb4ac07729a030270a5ecc26961ffd8e9a3	2026-09-28T17:31:48+08:00	INFLIGHT: register recent_public_prices_attempt2_20260928 (Codex root)
82f8a108efada615b35e0ebeec18b525225fe6bc	2026-09-28T17:39:59+08:00	Trace recent F10 admission gaps to missing observation proofs; collect fixed proof population
44ab42adf3b163b1d4b197c458cde027ccfe5591	2026-09-28T17:41:12+08:00	INFLIGHT: register f10_label_proofs_20260928 (Codex root)
4dff5f67b3d5f62fc963fe792898f0ffaf087340	2026-09-28T17:42:34+08:00	Verify all 49 raw closes before proposing missing-label restoration
fe583445db0adc01ad64969e0ea982773d4a0e1f	2026-09-28T17:48:19+08:00	INFLIGHT: close f10_label_proofs_20260928 (Codex root): DONE rc0: 180 checksum-verified archives, 27 absent; all 364 archive members per
379a978078923d3c7c3c2730410eded9fca5fb4a	2026-09-28T17:50:39+08:00	Restore only independently priced missing y4s labels into isolated overlay
eb23ef1c658ed22a0d1e5b2b1c997dc40ddaf989	2026-09-28T17:53:18+08:00	Record live 08Z verification and independently restored recent training-label evidence
8546cb014f9944e993cb16b9154db8de3860ff58	2026-09-28T17:55:12+08:00	Reuse public archive TLS connections without changing validators or request population
1479eb2d29a75e2d57e045f76554341506d48ba6	2026-09-28T17:55:41+08:00	Keep public HTTP error bodies memory-only
2bc3ff735558646c3ce0bdfcf70c92c07dd47994	2026-09-28T17:56:42+08:00	Resume only uncollected fixed-population archives with latest dates first
bd946b57288824a6944e11fc6d1a4033c1e79b90	2026-09-28T17:57:30+08:00	INFLIGHT: close recent_public_prices_attempt2_20260928 (Codex root): PARTIAL budget terminal: original 9207 population preserved, 4479 jobs remain un
f41f90b38e2d6fd86e190db789a8894245a76490	2026-09-28T17:57:30+08:00	INFLIGHT: register recent_public_prices_continue1_20260928 (Codex root)
31e148a75107690d9c57857de3cf4810c490701d	2026-09-28T17:59:29+08:00	Prepare independent raw-array verification of recent-adaptation full-book readout
17b85dcdc44a8ad28b6549e2985be786240fbedc	2026-09-28T18:04:11+08:00	Archive full cash evidence with explicit symlinked cell coverage
942b1d7feba5afc214bc58d2c1d2d95148c23a1a	2026-09-28T18:07:07+08:00	Preserve partial archive collection and register bounded recent-first continuation
0ace4f2730dd667a2152eb62e1fad66ded4b6f7b	2026-09-28T18:08:54+08:00	Declare bounded budget-only final-cell recovery before candidate readout
0fa6a44d7b772c7d433757b0d1435d7923c009bd	2026-09-28T18:11:44+08:00	INFLIGHT: close f10_recent_adapt_cash_resume1_20260928 (Codex root): FAILED at original deadline 10:10:18Z, TimeoutError frozen budget exhausted; 124
f133f56b1716db9f967782b74650f5fae87f5187	2026-09-28T18:11:44+08:00	INFLIGHT: register f10_recent_adapt_finish_20260928 (Codex root)
3ecf4943eaa4891877e952ad15b040a4fbd1f0c5	2026-09-28T18:13:28+08:00	Bound final static archive tail to eight I/O workers without changing validation
dcc97b84f4c2a798a3b8033c37d766116d52a62a	2026-09-28T18:14:16+08:00	INFLIGHT: close recent_public_prices_continue1_20260928 (Codex root): PARTIAL: 2909 verified/105 absent/1465 unattempted. Terminal c10a1319 preserved.
1377e1039833a5725b1eb99fb919bcdec8946e44	2026-09-28T18:14:16+08:00	INFLIGHT: register recent_public_prices_tail_20260928 (Codex root)
b2d416ada43bcf954863f7c460c63dd017d2872e	2026-09-28T18:20:39+08:00	INFLIGHT: close f10_recent_adapt_finish_20260928 (Codex root): DONE 10:13:54Z rc0, all128 new paths; independent192 paths/6510 checks maxdiff3.
ccce888b22a89e079c4498568b1858ee8cce57b5	2026-09-28T18:22:24+08:00	Reconcile every archive segment against the original fixed request population
cb27f6a38b5076b7bcf81b79f20c3823d674d605	2026-09-28T18:26:09+08:00	Avoid fourfold copies of shared feature input in cash archive; cap output size
2ed19daff5987cc49e26a447bcd1b352be0436bc	2026-09-28T18:30:53+08:00	INFLIGHT: close recent_public_prices_tail_20260928 (Codex root): 9207 fixed requests reconciled: 8866 verified archives and 341 explicit 404; no
747ef12ab29d7e1204a95d1308c2245e47b0c528	2026-09-28T18:35:01+08:00	Verify recent public raw bars against frozen production channels with explicit gaps
e5f615bdeeb5de5b72965abc593bcb21fef52fe0	2026-09-28T18:45:37+08:00	Bind and compare recent raw returns to immutable historical log-price overlap
5e3bf3e444fd92719574311b7d8bda5aa0240deb	2026-09-28T18:48:31+08:00	Record failed recent F10 full-book trial and verified recent raw-input evidence
6b3bc4d1648ff0557135c7070d6c0cacf351bf22	2026-09-28T18:55:26+08:00	Freeze exploratory F10 signal-to-book stage diagnostic before layer readout
4ae7883c38bdc7d64082cbed943e60ebdc28bbed	2026-09-28T18:59:35+08:00	Add source-traced F10 stage attribution with shared exposure population and bounded runtime
b131ff61f2b515e3c01dd497bad91e85a997fe70	2026-09-28T18:59:57+08:00	INFLIGHT: register f10_stage_diagnostic_20260928 (Codex acting lead)
be57501ba23ec059bb601bd27cb1e643403cf91b	2026-09-28T19:02:07+08:00	Match producer pre-serialization blend identity without relaxing exact parity
265592c5ef19e8345c83c82b0387aa963d954e29	2026-09-28T19:02:38+08:00	Keep original absolute diagnostic deadline across serializer fix
22fcd205184acdb24c931effeba8a22e6d6d1825	2026-09-28T19:02:38+08:00	INFLIGHT: close f10_stage_diagnostic_20260928 (Codex acting lead): 20.37s failure in own pre/post sparse-state blend assertion; no economic output;
855740dad9f4c96b80365a04b8fccfaaba86bd26	2026-09-28T19:02:38+08:00	INFLIGHT: register f10_stage_diagnostic_20260928_attempt2 (Codex acting lead)
2779361ccc5651b5493a0fa0dbb33a441fb3c078	2026-09-28T19:05:48+08:00	INFLIGHT: close f10_stage_diagnostic_20260928_attempt2 (Codex acting lead): 33.75s rc0; 6x7056 exact fc/kc/raw parity; shared recent473/480, Sep108/108; R18
3f225bbeafe020ba17844a7fce5f71abdeabf0ff	2026-09-28T19:06:17+08:00	Freeze selection versus recentering decomposition after stage finding
599e147681e079f40b92fb914a7faedb523097f7	2026-09-28T19:08:25+08:00	Separate liquidity deletion, recentering and gross restoration on fixed shared population
57bd6b3da7a525df273f7d912ead2bcd879f95a1	2026-09-28T19:08:41+08:00	INFLIGHT: register f10_liquidity_selection_decomposition_20260928 (Codex acting lead)
ce277c43251d15a5340b106d6094ae4e87282f5b	2026-09-28T19:10:40+08:00	Preregister isolated liquidity-population utility ablation against matched completed U control
993acabef8bb3711d3f75ca3c4f6bdce1779988f	2026-09-28T19:16:26+08:00	Implement fixed-budget liquidity-population F10 loss with matched U control and serial full-book evaluation
dc1c3a6b29d8b4639c051f2ce70d7a51c1fb5ef9	2026-09-28T19:17:58+08:00	INFLIGHT: close f10_liquidity_selection_decomposition_20260928 (Codex acting lead): 12.27s rc0; selection/recenter/gross identity max1.14e-13; same473/480 recent an
c13524c9f86243c39ddac4dbc284ddc4222a0cc1	2026-09-28T19:17:59+08:00	INFLIGHT: register f10_liquid_population_20260928 (Codex acting lead)
fd9bdbc5e39e550cfd87cc5bb0dc37b9dc52db0d	2026-09-28T19:28:51+08:00	Record source-exact F10 loss decomposition and live liquidity-population experiment
cfb5a3283a983eab217b611840c3287f4905a7e7	2026-09-28T19:30:45+08:00	Prepare independent LQ cash recomputation and archive without repeated controls
e3f3af97c13ff31867d0a98f3b7d5a1486cc8fa3	2026-09-28T19:33:52+08:00	Freeze and build complete-path raw labels for recent evaluation extension
286214de59a917b49f34013364f397311de7bc10	2026-09-28T19:37:13+08:00	Freeze additive outcome-tail decomposition of F10 rank accuracy versus price payoff
181c5f1f493c5a12fbb9b20458da18207fd23e5e	2026-09-28T19:37:56+08:00	INFLIGHT: register f10_tail_geometry_20260928 (Codex acting lead)
763608aad61fbe70040bc32a0eeafbdae5f06ce8	2026-09-28T19:43:04+08:00	INFLIGHT: close f10_tail_geometry_20260928 (Codex acting lead): 16.86s rc0; rank-price parent identity max3.82e-14; future-defined tails explain
03dd7f3f7a30d3ce5736537ff807c89a150eeb77	2026-09-28T19:43:04+08:00	Record upside-tail contribution and completed recent raw-label prerequisite
32b35076a9de593226936338d5e8238139267ba9	2026-09-28T19:46:01+08:00	Bind recent archived funding to fixed NC event population before extending inputs
d78b11bf1bacff4d23de6ca5c52c15dcdba4e668	2026-09-28T19:50:29+08:00	Prepare causal NC funding-state continuation with old prefix retained and future events excluded
9ddc5f6cbcb17e10e55253e808247ae47eb60c72	2026-09-28T19:56:46+08:00	Materialize compressed funding arrays once while preserving continuation arithmetic
a14ba2d7aebabfc61ec5c4d98920c47744796f21	2026-09-28T20:00:51+08:00	Close funding continuation and prepare prefix-preserving recent NC rolling inputs
c055b0aa9755466b8d401fd17b5db704dc6ea58d	2026-09-28T20:03:34+08:00	Freeze same-source recent King feature replay with exact old-boundary control
ab54017304b84e014fa027ec1706bc7542133927	2026-09-28T20:06:50+08:00	INFLIGHT: close f10_liquid_population_20260928 (Codex acting lead): 12:02:52Z rc0 within original 12:12:59Z deadline, 46 models and 64 new cash path
013ca2e6168eec4f91a862308dab0bba5d56e31b	2026-09-28T20:10:18+08:00	Freeze recent F10 same-code reconstruction with original-feature hard control and 15-minute budget
da82193dbd9ee88d09fb99d06de1736142156c12	2026-09-28T20:10:50+08:00	INFLIGHT: register recent_f10_features_20260928 (Codex acting lead)
87bb2091780e7ac8e72b54375fc4d18e37b0df13	2026-09-28T20:14:25+08:00	Close complete LQ experiment and preserve recent-input/King evidence with active F10 handoff
786c1c49b531b227c5a7dc208a3bcd63e3f3f453	2026-09-28T20:17:17+08:00	Prepare fixed-model recent prediction extension with original-score identity controls
c886913e81cc2613a5643f86588fead35cb10178	2026-09-28T20:19:22+08:00	Queue bounded prediction handoff only after complete feature certification
e7088b28e3c43bed3828e4e6e6383e3d156ec880	2026-09-28T20:19:27+08:00	INFLIGHT: register recent_nc_predictions_20260928 (Codex acting lead)
db38c98721a719219220776f1069e66b345af1af	2026-09-28T20:30:54+08:00	INFLIGHT: close recent_f10_features_20260928 (Codex acting lead): 12:21:31Z rc0; all55 X82/X89 rows validated; old boundary bitwise equal; cfa5bb9
d7c857a3e50f8d3bc10e6711521afbb9113cbed1	2026-09-28T20:30:54+08:00	INFLIGHT: close recent_nc_predictions_20260928 (Codex acting lead): 12:22:00Z rc0/23.69s; 55anchor fixed King and s42/s2027 predictions; original bo
0dc0c1a0c2f1586fb05ea5d6758343c7c85bd48e	2026-09-28T20:32:01+08:00	Continue original NC leg loop from observed history with strict boundary controls
0584b11556ff2470ad9f863c50aa02a9b690d660	2026-09-28T20:32:01+08:00	INFLIGHT: register recent_nc_legs_20260928 (Codex acting lead)
96432fba4e81cbfa7672c533ce6555dcf89e1961	2026-09-28T20:34:46+08:00	Preserve original merged feature dtypes before leg arithmetic; refuse lossy schema conversion
f1ce33320469ff0bf9476452ce743750385b7aae	2026-09-28T20:34:46+08:00	INFLIGHT: note on recent_nc_legs_20260928 (Codex acting lead): First attempt FAILED boundary QV: original merged qvm float64 but raw pass1 qvm
4ed07038ee24bb6c2741b0b6c6a3d73f1d1051f4	2026-09-28T20:36:36+08:00	Handle nonnumeric feature-axis schema explicitly in continuation guard
8bf115c47f051b6e46bea9b7451a791596b551bc	2026-09-28T20:38:23+08:00	INFLIGHT: close recent_nc_legs_20260928 (Codex acting lead): attempt1 QV dtype and attempt2 string schema rejected, preserved. attempt3 origi
c6069e4ac358fb0c6260207fd59007fec08f8325	2026-09-28T20:41:05+08:00	Extend original continuous combo with explicit September universe and restart identity controls
2890222286942e333ce81f8f644eb3b9cdb636af	2026-09-28T20:41:05+08:00	INFLIGHT: register recent_nc_combo_20260928 (Codex acting lead)
691a36e5d2814ee81a27560cd5d74a3628f75d3a	2026-09-28T20:42:00+08:00	INFLIGHT: close recent_nc_combo_20260928 (Codex acting lead): rc0 9.01sec: 2seeds x2publication policies x55anchors. Previous terminal combo a
7e21a997dae957c78a6626736aad133a239467f5	2026-09-28T20:51:07+08:00	Record verified recent NC features predictions and continuous combo completion
70b2b5bf168d6ff9b8b328d60eac2c2458f4c3e7	2026-09-28T20:55:20+08:00	Extend cash inputs preserving prefix with explicit unknown bars and event identity
ae961bd3f2305560463bcefb807b16426205654a	2026-09-28T20:55:43+08:00	INFLIGHT: register recent_nc_cash_inputs_20260928 (codex-acting-lead)
4929df8e89eb3c65b50cab6c1703089b48c56f89	2026-09-28T20:59:18+08:00	Gate recent cash continuation on every original path field and unchanged execution kernels
9a6abcaa42a2dc8ff846d8c08f3db1205176e28e	2026-09-28T20:59:49+08:00	INFLIGHT: close recent_nc_cash_inputs_20260928 (codex-acting-lead): 26.853s rc0; RESULT f8887bfe; old price prefix unchanged; +2592 bars +25525 sett
d90afc666ddc277bd0f14f48f6706ae11dd97180	2026-09-28T20:59:49+08:00	INFLIGHT: register recent_nc_cash_20260928 (codex-acting-lead)
4355f2f79ad720b970df82d6071cd111f2d97c23	2026-09-28T21:05:01+08:00	Freeze descriptive recent cash and per-name accounting readout before batch results
a7db3fb23d447dfab15b565bc4acbeefdd4016bb	2026-09-28T21:08:29+08:00	Add post-terminal daily cash accounting and non-mutating per-name execution trace
80d1794f06a5455ad9f3471f82e1d0b0fa843dc9	2026-09-28T21:08:35+08:00	INFLIGHT: register recent_nc_cash_readout_20260928 (codex-acting-lead)
5f2915ab02453d8c3371b985ed90016e04167810	2026-09-28T21:10:46+08:00	INFLIGHT: note on recent_nc_cash_readout_20260928 (codex-acting-lead): Resolve code_commit placeholder HEAD-parent to a7db3fb23; actual Pod source 6622
ae2c507b30d7143e80bae1126908a96835c71a4d	2026-09-28T21:19:00+08:00	INFLIGHT: close recent_nc_cash_20260928 (codex-acting-lead): FAILED strict old-prefix gate: s42 completed32 with six seed terminal 5m NAV cel
2baf438b184e165cb11b8b6a12fb40b3cd10bcfc	2026-09-28T21:19:00+08:00	INFLIGHT: close recent_nc_cash_readout_20260928 (codex-acting-lead): FAILED because upstream cash strict gate failed and RESULT absent; no economic o
277ad2a6b4c1aa95908477bd8edc3a7d1557981a	2026-09-28T21:20:01+08:00	Record 12Z live verification and fail-closed cash seam audit before readout
d5befa96ab6976ae9261a2d31185a6e2ba180dc6	2026-09-28T21:21:14+08:00	Specify causal peer linkage and funding divergence candidates without claiming alpha
93d151fef202f4992f9ee48b4aa6391619d99724	2026-09-28T21:24:11+08:00	Explain same-state terminal sampler ULP and continue only missing cash paths
4ef8a3b52d901d23de9193530fb9e45cd88f7254	2026-09-28T21:25:30+08:00	INFLIGHT: register recent_nc_cash_resume_20260928 (codex-acting-lead)
6a04393d25793a010733d1634df93c283db28c34	2026-09-28T21:25:30+08:00	INFLIGHT: register recent_nc_cash_readout_retry_20260928 (codex-acting-lead)
076c638fa350a663d36a617d297b7f893d1c8bdb	2026-09-28T21:27:35+08:00	Archive failed and resumed cash evidence and correct document clocks from git
7b7e0379f7156d2844fe6edb7f7fedee5b5701db	2026-09-28T21:28:06+08:00	Pin existing King funding columns and DL feature inventory for linkage design
ff2f4b9c9927466eae295cd0204d01d7ec11cdca	2026-09-28T21:36:17+08:00	Implement causal peer feature core and align read-only registry status semantics
39f4cf30a06aaae183aa2015910ba8665fac1836	2026-09-28T21:37:38+08:00	INFLIGHT: close recent_nc_cash_resume_20260928 (codex-acting-lead): COMPLETED 13:35:50Z rc0 in666.17s, all64 paths complete, source8050518e; RESULT6
e690eff834d44d8967eff9d0884c204388bc39b5	2026-09-28T21:43:02+08:00	Independently verify recent cash populations and per-name identities
823919795dde55e21cb18c4a98be4d8a2695d868	2026-09-28T21:44:07+08:00	INFLIGHT: close recent_nc_cash_readout_retry_20260928 (acting-lead-root): 13:39:03Z rc0; readout 374032b120e806a7, 64-path economics d0ab9782; two origina
172edaf04035cf3568d9959e31502abfd1a09d98	2026-09-28T21:45:12+08:00	Archive complete cash evidence without duplicating shared inputs
95b08ff5f5b5a6e842a8a3b5615cce8ac1005130	2026-09-28T21:50:00+08:00	Record complete recent cash losses with independent attribution and full archive
512612a0450da0f700be1c73f617b9099ca62132	2026-09-28T21:55:28+08:00	Freeze causal peer-price screen and strict observation adapter
8f348517ac5435895a9fcc1aa72d26634ede73d6	2026-09-28T21:56:54+08:00	INFLIGHT: register peer_price_panel_20260928 (acting-lead-root)
2cebd2edd49ec3c080c3e6be4938617e316600a2	2026-09-28T22:01:57+08:00	Implement monthly incremental Ridge and matched missingness controls
a8466aa584f1c76887eb3553c7032d6441e10f39	2026-09-28T22:01:57+08:00	INFLIGHT: close peer_price_panel_20260928 (acting-lead-root): rc0 230.50s peak3.326GiB;9307x829x4; real future poison controls2 pass; result59
3bc0d7cb91b063321057bc282c33880f688c0df2	2026-09-28T22:03:05+08:00	INFLIGHT: register peer_price_ridge_20260928 (acting-lead-root)
4a711cf64d583f6805b82e7a3a3fa980e3c0d53e	2026-09-28T22:05:34+08:00	Record panel receipt and running Ridge with explicit gross-price scope
30b7b89fdc63f882fdf09a5f03df98de10f943f7	2026-09-28T22:07:41+08:00	Add independent raw prediction and fold audit for peer screen
6f048184c07ca6f717636df0d4499016f5dc7bfb	2026-09-28T22:08:37+08:00	INFLIGHT: close peer_price_ridge_20260928 (acting-lead-root): rc0 in156.32s 39x4 models; CRITERION_NOT_MET5/7. recent rankIC+.001911 below .00
eaced47f3e347559f8f04ecbf589932a73239724	2026-09-28T22:09:11+08:00	Bound peer model and feature archive to named outputs
40097d3d0a33b735103296466f7b86b89018c259	2026-09-28T22:12:11+08:00	Record cross-period peer signal, failed promotion gates and verified evidence
9b97b54a771d5d1adcec620073c8a3a4dc948ed3	2026-09-28T22:27:04+08:00	Freeze causal D10 peer-flow interaction screen with own-state controls
4493506db7b2c57c5de18de3a0d7345f977518be	2026-09-28T22:28:02+08:00	INFLIGHT: register peer_flow_panel_20260928 (acting-lead-root)
b1db5684aa906eb36342e59d9b264d5044b8a47b	2026-09-28T22:29:14+08:00	Record active peer flow task and freeze matched monthly screen
de07b75380a8b17c254b4623f4f3a1da9f558723	2026-09-28T22:31:38+08:00	Add independent direct-window and funding-unit checks before peer outcomes
68d97f4ef971503170c44d6758de77fad54b0711	2026-09-28T22:33:16+08:00	Control own funding-price interaction before reading peer outcomes
387b763de77a4e051c5569342cb8350ad82f66a2	2026-09-28T22:33:58+08:00	Require independent direct-window input receipt before fitting
a92475fa3a6644acf15c0631b7b87125121bf7c5	2026-09-28T22:34:33+08:00	INFLIGHT: close peer_flow_panel_20260928 (acting-lead-root): rc0 in383.05s peak6.092GiB;8929 original price-feature anchors bitwise equal and
e123ad0b64ef9293b43e7235ea4dc2619a935fcc	2026-09-28T22:35:48+08:00	INFLIGHT: register peer_flow_ridge_20260928 (acting-lead-root)
7e7c2a13aff5440e6da476a2d1178827d7a1c930	2026-09-28T22:36:22+08:00	Record D10 peer-input validation and active monthly comparison
e3027b384050d7f639a63b387fc8f525f87c4a67	2026-09-28T22:41:17+08:00	INFLIGHT: close peer_flow_ridge_20260928 (acting-lead-root): rc0 213.54s peak5.614GiB,39x4models; CRITERION_NOT_MET3/7; recent rankIC-.000284
d643124a8894b30aaea6b95a2e0f5159a5d59c00	2026-09-28T22:44:00+08:00	Record peer flow rejection, matched D10 controls and complete verified archive
715a0d973274cb553d0b34f9aa3cbc5b8bdcf74f	2026-09-28T22:53:21+08:00	Add exact-axis bridge of frozen peer screen predictions
b043d306ba8264e74daa4002115db876f44c3e8b	2026-09-28T22:54:02+08:00	INFLIGHT: register peer_prediction_bridge_20260928 (Codex acting lead)
a5c29945bc920c9ce587140e444ea271d00ffebb	2026-09-28T22:54:55+08:00	INFLIGHT: close peer_prediction_bridge_20260928 (Codex acting lead): rc0 exact-axis descriptive readout completed 14:54Z. RESULT bd911bfb; local outp
5daebd3fe931b674a5f028696013834736fc04bc	2026-09-28T22:55:37+08:00	INFLIGHT: note on peer_prediction_bridge_20260928 (Codex acting lead): Correction: close note preceded scp completion; first local hash check raised mi
2ff1ffbd8aa65b01c9b990d5c5940ca4c25f1fa6	2026-09-28T22:59:11+08:00	Freeze ordered own-state control ablation without promotion
64c2de29a5f80aec5e052c7ed67b1da14df9ea31	2026-09-28T22:59:57+08:00	INFLIGHT: register own_control_ablation_20260928 (Codex acting lead)
ef7815096911440f018880649fa1c5fc47b28b35	2026-09-28T23:02:11+08:00	Record exact-axis bridge and bounded own-state ablation in progress
f22185d0864b2493b611c17443eccfd04dc25e3b	2026-09-28T23:03:01+08:00	Add independent raw-array audit for ordered ablation
8968eb86c2021cda81765181d7a15ec2c4818466	2026-09-28T23:05:27+08:00	INFLIGHT: close own_control_ablation_20260928 (Codex acting lead): rc0 complete 216.23s, 195 models. RESULT1ab5b0ed, independent67629 checks max8.5
85e4632b6e193874362d648be23c1ef5a5ae949f	2026-09-28T23:09:54+08:00	Freeze actual King F10 conditional residual-strength screen
7bdc1db82d0755fa5025af43f10c180f575fc4b2	2026-09-28T23:10:39+08:00	INFLIGHT: register conditional_strength_20260928 (Codex acting lead)
589e7d42a41acecb8e8bda6d49b0913fafb64b51	2026-09-28T23:12:08+08:00	Record own residual-strength mechanism and conditional screen launch
ae80a04a46623ee5522fb2b2ad45253f9f6c4b5a	2026-09-28T23:13:00+08:00	Add independent conditional-screen metric and fold audit
261a075a36e47230d8aa183d60873e7aa1663e4e	2026-09-28T23:15:41+08:00	INFLIGHT: close conditional_strength_20260928 (Codex acting lead): rc0 complete; RESULT c09b9e4f; independent59464 checks max8.53e-14. Three local
999fbca681f4b879849461c8f025089c4db1a8b8	2026-09-28T23:17:53+08:00	Close conditional feature screen with verified predictions and full model archive
a7e626b11b0af4760a8a7d682ac9b0f3cd2ad658	2026-09-28T23:28:47+08:00	Freeze eight-day holdings strength and cash diagnostic with exhaustive populations
c7716278c32398922f5561abe7761ffb474bf0ec	2026-09-28T23:28:47+08:00	INFLIGHT: register held_strength_cash_20260928 (codex-root)
4caa0214aba7daf7a17e6cfca511262f3c4603cd	2026-09-28T23:29:33+08:00	Correct prereg metadata minute to its original commit clock
5f1586771c7d452d58dc2b58d1d73098eedda6df	2026-09-28T23:29:57+08:00	INFLIGHT: close held_strength_cash_20260928 (codex-root): FAILED rc1 cash unknown/identity before grouped outcomes. Source incorrectly app
83ecd87d4873678aba91d69c5882cd06b1ab3e58	2026-09-28T23:30:59+08:00	Retain unexposed unknown symbols and reject every unknown cash carrier
03827db3ee6d6a12b5fe13e055a0678a2d972c9b	2026-09-28T23:31:14+08:00	INFLIGHT: register held_strength_cash_repair_20260928 (codex-root)
f9603b47a194bd0f40c4de9fcc835f012246a7bc	2026-09-28T23:32:54+08:00	Independently regroup original cash and scoring populations for diagnostic
c69a1925a516b513a43a02d7973d98bbd364ec5a	2026-09-28T23:34:00+08:00	Check raw boolean masks exactly without unsupported NumPy subtraction
7f73698f4638208eb424bb2ba200bcdd4d9d9446	2026-09-28T23:38:46+08:00	INFLIGHT: close held_strength_cash_repair_20260928 (codex-root): DONE 1.348s rc0, RESULT f1412bda; 1372 independent raw-array checks max7.45e-9 U
d9a5fcadb3e04532355d1cdbb7ad657726553472	2026-09-28T23:39:54+08:00	Record recent cash attribution separating relative funding rank from price strength
0e694c0cf424b8d6f4b6d15a1de5c5e40291d94f	2026-09-28T23:40:52+08:00	Preserve ignored aligned cash arrays in verified full local archive
5f65daa4141f0c050b61c072141ba0f3ef849769	2026-09-28T23:59:17+08:00	Freeze one-day peer feature serving-population diagnostic
741b1b5308d26fdda291ac4c5840bcdadc0f4c78	2026-09-28T23:59:40+08:00	INFLIGHT: register serving_population_20260928 (codex-root)
393417a4433f4727a91474443839eec56d43b846	2026-09-29T00:00:50+08:00	INFLIGHT: close serving_population_20260928 (codex-root): TERMINAL rc0 16:00:08Z; 1.482s peak0.420GiB; RESULT f2ad54e5; snapshot supports2
ed4252bfbcca5592418816448c381473e1bca5f2	2026-09-29T00:02:04+08:00	Add independent scalar verification of peer population diagnosis
8e947d82ee4f97ea203bbc29aa612eb25550c68a	2026-09-29T00:03:33+08:00	Materialize verifier inputs once; retain timeout evidence
2fbd30e41dcb5c48ba259301c5398012242aa4a4	2026-09-29T00:07:42+08:00	Record peer serving history bound and population sensitivity
f7129bf7420aaa062770f6a79157384702e76266	2026-09-29T00:24:53+08:00	Freeze paired F10 label-evidence repair and affected-fold inventory
d0c5de359d660f35e7cd9a12e7b792d3f0201f01	2026-09-29T00:32:39+08:00	F10 label repair: reuse 42 proven folds, exact U GPU control and two full combo cells
6d001ac28da799c1c5be8e01a24ef51bfda3a1af	2026-09-29T00:34:11+08:00	INFLIGHT: register f10_label_repair_20260928 (codex-root)
463bef5f0a0406065f07b7ece8fe9053601a5cd8	2026-09-29T00:34:53+08:00	Record bounded label-repair run and prepare independent raw-cash check
ea199479b5c81f60b41778e0f506bfa3a0f039ce	2026-09-29T00:35:40+08:00	INFLIGHT: close f10_label_repair_20260928 (codex-root): FAILED before training: /dev/shm free 6.282GiB below frozen 8GiB, not source/mod
a32881591b9e0e5190cb67ce45dbec8c3c8d53b1	2026-09-29T00:36:55+08:00	Preserve tmpfs preflight failure; reclaim only SHA-verified redundant archives
8f398911879cbf83bf658cdb8504116932e429de	2026-09-29T00:37:58+08:00	INFLIGHT: register f10_label_repair_20260928_attempt2 (codex-root)
9327043f0410d9260b03f36bba94d67470598814	2026-09-29T00:38:27+08:00	Track label repair retry after verified cleanup; prepare complete artifact archive
933ae9e9e18b49c55921f2605eeb1f04c08e5d7e	2026-09-29T00:40:23+08:00	Finish label-repair run with bounded raw-cash verification and per-member archive check
0892a5c1622bb1ee2850caa2f5489143e5a28c5c	2026-09-29T00:41:50+08:00	INFLIGHT: register f10_label_repair_20260928_finish (codex-root)
95448eae09d2a56541f77d33c474a5f1daf9b42f	2026-09-29T00:41:50+08:00	INFLIGHT: note on f10_label_repair_20260928_attempt2 (codex-root): Training completed16:40:18 rc0;4 refits+42 reuses,exact original U control state
6cd2176ec0bea0b5121fe67be099ad7975656a6d	2026-09-29T00:43:04+08:00	Record exact old-input reproduction and completed repaired-label models; cash running
108fde7dc08fc04334f0f2c6000ed38c13494226	2026-09-29T00:59:11+08:00	Measure repaired-label training exposure without reading outcomes
b312bce6a118e8ac60c4af9e494fc76c615e2e3b	2026-09-29T01:02:20+08:00	Verify 16Z live identities and preserve active label repair experiment status
91f5f6776526919d2e075e2e4494a5c5d3820151	2026-09-29T01:21:55+08:00	INFLIGHT: close f10_label_repair_20260928_attempt2 (codex-root): TERMINAL17:08:40 rc0;4 refits+42 reused outputs and64 new cash paths;CRITERION_N
167a7d56a7dbfb3d840c6c3ef61f97398c941811	2026-09-29T01:23:04+08:00	INFLIGHT: close f10_label_repair_20260928_finish (codex-root): 17:09:24 rc0;independent192paths4980checks max3.15e-14;both archives downloaded
d1a26166e48e6c65b729c973c593d476ebbdf4fe	2026-09-29T01:30:41+08:00	Close repaired-label full book experiment with failed recent gates and verified archives
f56e1cc365675089053b410ce3d1554c846ac8db	2026-09-29T01:34:02+08:00	Add identity stable window sampler for future paired offline trials
8ffc837edda050fb74390b9557eba22a637af004	2026-09-29T01:36:51+08:00	Verify stable sampling on real admissions and close repaired-label ledger
4976bd68550ebdb098a4f0badcb3606f21f7c415	2026-09-29T01:39:27+08:00	Freeze additive F10 tail position diagnostic and behavioral controls
39b811462e7fc2e74def6e0d5a1643e7b4166307	2026-09-29T01:43:23+08:00	Separate missed longs and added shorts in F10 tail price losses
9d8e0358ebd1c63e017eb43430e17853c58dc2f7	2026-09-29T01:58:07+08:00	Freeze causal two-sided tail-risk screen on NC score controls and clean funding
0d861fa5ef103f8acecd6cb89bce17acfb447b9b	2026-09-29T01:59:55+08:00	INFLIGHT: register tail_risk_20260928 (codex-root)
3f5336841658c04d4f57b0892290cef3d2608058	2026-09-29T02:01:01+08:00	Add independent tail-risk population and metric recomputation before results
fbdcad11319182c2f84e4f651e0ed17261f34227	2026-09-29T02:10:20+08:00	INFLIGHT: close tail_risk_20260928 (codex-root): Terminal rc0 18:03:11Z; 228 models221.204s CPU1; risk14/14 alpha4/10; independen
46ec13d45a8cbd4de6ae7b39f3c0fc3732c86549	2026-09-29T02:15:31+08:00	Archive two-sided tail risk evidence and pin current-executor replay gap
f63ecc5fd4dd803a36f73a394f0fe63d911f2307	2026-09-29T02:31:12+08:00	Freeze current executor dust bridge with exact old-path controls
ae9e560420e4a2801004d515592e88d42d90cee2	2026-09-29T02:31:53+08:00	INFLIGHT: register executor_bridge_20260928 (Codex-acting-lead)
3623b24d082fd29c184903c758d2f8cd1e452260	2026-09-29T02:32:45+08:00	Record bounded executor bridge launch and unchanged live state
d701083b5149b353ff8558d92f60af3f3e9be3cc	2026-09-29T02:36:17+08:00	Add independent bridge arithmetic and complete artifact archiving
befb272bea598a472a9af3cd5394ffec2074460e	2026-09-29T02:43:11+08:00	Verify dust bridge economics and fix empty-pop diagnostic reporting
6aae382e49647fc7f9f602daa328da6fd04b6a37	2026-09-29T02:43:11+08:00	INFLIGHT: close executor_bridge_20260928 (Codex-acting-lead): 18:38:09Z rc0,391.10s,2 old controls 62fields/9306anchors exact before2 current
919befe0cd0f09a41cad877c30d9999f864427b6	2026-09-29T02:44:23+08:00	Close executor bridge in acting lead ledger with exact scope and next gap
76b2a0b256c398345050f3525f60bfe56ddc20a7	2026-09-29T02:56:47+08:00	Freeze recent live versus continuous replay layer diagnostic
a5539b47fe2c64e57c36d0ab3a0dd45ebddaec69	2026-09-29T02:59:32+08:00	Add fixed-population production versus replay layer reader
1e6b2d9762cb565e458cf46a4dfc3a625cb0cbd4	2026-09-29T03:00:55+08:00	Freeze state and seat substitutions before reading their effects
6f8bc75ae0539c1cee2edbba1dd94db4911d1988	2026-09-29T03:04:24+08:00	Bind one-anchor substitutions and freeze continuous state test
42293c2a0a6d0c717295a39c7e957b430fac2c78	2026-09-29T03:16:08+08:00	Trace recent replay divergence through live states, seats and missed anchors
b27878ab65fbfda0e03a4ee7a06d44a09b3dcae1	2026-09-29T03:24:11+08:00	Freeze eight-anchor fetch membership boundary diagnostic
f3f3273311b33527d09fcb82f8560ff2cf67536c	2026-09-29T03:26:59+08:00	Add pinned member-screen comparison against actual fetch snapshots
6d3f1523e0690feeac6c45154371a6010ac8b885	2026-09-29T03:28:17+08:00	INFLIGHT: register fetch_membership_boundary_20260928 (Codex)
9110a6dfcc0dbfacf19af304bd92a6c653e090cb	2026-09-29T03:33:08+08:00	INFLIGHT: close fetch_membership_boundary_20260928 (Codex): Foreground timeout300 run exited0 in8.313s; original production and research8/8
6571a533e898660f6a99efee84127bcc332c1de7	2026-09-29T03:35:53+08:00	Verify actual fetch state explains all six recent membership differences
0b12694ec168f26cb56de81d36220dc46db26ed0	2026-09-29T03:52:19+08:00	Freeze same-model feature propagation test of actual fetch membership
3c82632647bfe561e4ad139be1bfbe4fc519bdc1	2026-09-29T03:57:23+08:00	Trace actual fetch through fixed NC features inference and continuous targets
5614a464f41c2f890eceeb57082e4e3c087b4681	2026-09-29T03:57:23+08:00	INFLIGHT: register fetch_feature_alignment_20260928 (Codex)
9a05e974cd7dae40d61044445b2e35c1cef21363	2026-09-29T03:58:40+08:00	INFLIGHT: note on fetch_feature_alignment_20260928 (Codex): Started 19:57:30Z, PID3653546 PGID3653545 ticks519533997, deadline20:12:30Z, sou
390352f9148b6cfc09dfa24ff4669b793b255f74	2026-09-29T03:58:40+08:00	Record bounded fetch feature propagation run and anchor boundary
0ec25cc490bf011083d0ceb93809fbf02e7d1eca	2026-09-29T04:06:25+08:00	INFLIGHT: close fetch_feature_alignment_20260928 (Codex): 20:02:23Z rc0,293.04s.20 original King controls exact,20 actual members/King/fun
0266b07179b31624e11028e92b74024862d549f0	2026-09-29T04:08:18+08:00	Verify actual fetch through both model features and continuous book; retain gap residual
6bfad6d7de3719c51b2f9785138f06877adf0fdc	2026-09-29T04:08:57+08:00	Freeze three missing membership events as next propagation test
5bea730a0e33fe84a7fa399626ea221918c314d9	2026-09-29T04:11:30+08:00	Implement fixed missing-history propagation with unchanged fetch controls
0a7f29f86cfaa4989f583654155343430377d579	2026-09-29T04:11:30+08:00	INFLIGHT: register gap_history_propagation_20260928 (Codex)
25cc475cbef917c18bebc8f81023afa18ff8873c	2026-09-29T04:13:05+08:00	INFLIGHT: note on gap_history_propagation_20260928 (Codex): Started20:11:41Z PID3654633 PGID3654632 ticks519619075,deadline20:26:41Z. Source
ee3778f9fa0c52e85e802214fb73c5ac7a108c8d	2026-09-29T04:13:05+08:00	Record bounded gap-history propagation job identity and deadline
46e8ac7c822070401beb3ebb2855def97d14f675	2026-09-29T04:16:29+08:00	INFLIGHT: close gap_history_propagation_20260928 (Codex): 20:13:53Z rc0,132.254s;18 controls,1 full pre-gap F10 control+7 hole propagation
e7d6caac7790659c5d9d6d3806e1ec94fa19ad94	2026-09-29T04:17:10+08:00	Close fixed membership-hole propagation: twenty conditional targets reproduced
d2c127b4ac2a0595dc85469e2ff5df6f4dd05b66	2026-09-29T04:27:41+08:00	Freeze single-origin LR recurrence with recorded reseed and fixed tolerances
0d3a4867056fcd5636f6b62056e5864730a9d985	2026-09-29T04:31:52+08:00	Add pinned producer LR recurrence and event-aware continuous seat replay controls
7f726dc7f500a1bb92c9fda1a406ba1510b07149	2026-09-29T04:31:52+08:00	INFLIGHT: register lr_recurrence_20260928 (Codex)
3671d4f42d8693dab6292d037185fcffcff3b6c7	2026-09-29T04:33:51+08:00	Record independent LR job and add retained-array verification
ea598d583e810e15270de8319596ef4edb4b9647	2026-09-29T04:37:20+08:00	INFLIGHT: close lr_recurrence_20260928 (Codex): rc0 20:32:31Z 21.789s; event-aware recurrence20/20 fixed tolerances;18 appends;
ae2c6dcaa37b7cd7505d06107b213ebcf9ed7ec2	2026-09-29T04:38:04+08:00	Verify independent LR seats and continuous producer targets on twenty observed anchors
2d9a644ce1381ac89299ab7c4717d5d1aa9df591	2026-09-29T04:53:17+08:00	Freeze live decision-input closure before linking continuous targets to execution
6408b95f39342716ef3746c8185c8f3723054733	2026-09-29T04:59:25+08:00	Add blind read-only census of fixed production execution inputs
ac21b15c4c91c3287fa5cdb624ab187f8dd4c389	2026-09-29T05:01:58+08:00	Preserve null request evidence separately from absent or empty populations
4e315636fcdaecdb04b2e0f0b44c5554e7a16688	2026-09-29T05:02:54+08:00	Join position readbacks using their recorded execution timestamp
09a9d48ca02f7fff75a14324b69d2a799d68d9a8	2026-09-29T05:09:10+08:00	Freeze conditional target-to-plan diagnostic and evidence limitations
3c7315d10b3c07b422fc5a91afcf7acdacc0dfbb	2026-09-29T05:09:20+08:00	Correct diagnostic plan clock from observed UTC before its run
0d099be7603115bda56cd62bc5e587ec164f86f2	2026-09-29T05:10:59+08:00	Bind historical executor releases and implement conditioned book mapping diagnostic
1aca97319596eaa785c0b28caae7cb3b3e57cd91	2026-09-29T05:12:40+08:00	Use recorded venue eligibility before post-clamp disposition in diagnostic
6f7a55dc16ad18a13796ad4fbc128c2710c429cd	2026-09-29T05:13:39+08:00	Record discovered twelve-name log truncation and limited diagnostic follow-up
8e3d6a1a9fa580f7217fa21093bd97aec0d7f341	2026-09-29T05:14:19+08:00	Reject truncated restrictions and add explicitly conditioned full-pop diagnostic
ed1456b17eb850b2d36635b37595ceb1d5d8e4e5	2026-09-29T05:17:36+08:00	Archive twenty-anchor execution evidence, log truncation diagnostic and 20Z checks
73f5fc822cdd4d1b7f004752c0f64a8e0e5fd178	2026-09-29T05:24:18+08:00	docs: freeze twenty-anchor actual fill and cash bridge scope
9dfe94eff99efbf18ce3dd1f71823b474300e553	2026-09-29T05:27:14+08:00	research: add strict pooled fill and complete snapshot quantity bridge
22f07be7abb784b31d546bbb45afa28d9ac0b7dd	2026-09-29T05:30:17+08:00	research: independently verify actual cash bridge and bind observed income limits
6fb6caf8af33fb45ca8db63d0191e816e0127de5	2026-09-29T05:35:03+08:00	research: verify twenty-anchor actual quantity bridge and preserve three cash gaps
c7c699b0db57f4e048710438cb8bdea3bb2c4cb4	2026-09-29T05:51:44+08:00	docs: freeze order-identity bridge for known recovery flatten cash gap
0940f25f512390615b4d1d55540c0bba29d3fcce	2026-09-29T05:53:26+08:00	docs: bind recovery bridge to actual signed request and null-unknown schema
8f2c2f52902339162c491e0a5c17a530899df914	2026-09-29T05:57:19+08:00	research: verify bounded recovery fills by child identity without fabricated timestamps
b9afc8bef67f61a7ed7e8d0a7595c31f0d2c64f8	2026-09-29T05:59:50+08:00	research: retain failed order-identity bridge and freeze actual direction decomposition
affa00ae71e513f5915320d2570ef3275c409df0	2026-09-29T06:05:26+08:00	research: bind actual directional cash split to closed quantity paths and timestamp ambiguity
af48c903c159c32d3c2556f01cb3909bf2c3ab04	2026-09-29T06:10:02+08:00	research: verify actual directional losses and retain failed recovery identity bridge
df4ae0a4398dce29ec54c3c9eaaab062197936e2	2026-09-29T06:21:42+08:00	docs: freeze static known-target bridge and preserve missing-price population
959856d2ed97ef11990cf925fd5a9cc7399d2f28	2026-09-29T06:24:37+08:00	research: implement known-target cash identity with halted-plan and missing-mark gates
1ee204621fadd1ac666ba053c80fefd85cf4d1e1	2026-09-29T06:28:30+08:00	research: verify static target loss bridge without assigning policy transitions to execution cost
c373721458188e8f58a31ebd7ba53bc43ef226bf	2026-09-29T06:51:46+08:00	docs: freeze actual sub-book contribution with shared reshape scale and named clamp boundary
ab1ac58720cb55ba54d1099dce248bcbabc8d36a	2026-09-29T06:55:25+08:00	research: bind mixed-sleeve attribution to shared transform and named residuals
5432299c69c8d0e30e1b2bb024b6544fe7e81dff	2026-09-29T07:04:23+08:00	research: reconcile two mixed sub-book contributions with unknown marks preserved
629c6242811147c99af5ba2f1f586426d350f055	2026-09-29T07:22:07+08:00	docs: freeze actual-path signal state trace with inherited state separated
703b0b56fb2e96d13674bab76455c785add2a19c	2026-09-29T07:24:44+08:00	research: trace inherited and signal components along actual nonlinear masks
75d631e50278a483f0c9da63528bdd853eede392	2026-09-29T07:26:29+08:00	research: value traced signals only on fixed observed price population
5265760580fc45498eecbf93c3f2e908c390fbfb	2026-09-29T07:34:26+08:00	research: quantify inherited-state persistence after NC model replacement
2323ae5ded843747c9dc04995784de0be52215ae	2026-09-29T07:55:16+08:00	Freeze bounded NC model-state handoff diagnostic
b9411250231e8de2abcb8a802d9fde256f22df82	2026-09-29T08:02:46+08:00	Test isolated NC state handoff with unchanged producer kernels
b72fb73ef840dd648b5bae503b38b42c5e3f3ebf	2026-09-29T08:04:26+08:00	Record state handoff transition burden and cash-evaluation boundary
6bb2e576ac5dd26830cfe79e93fafaa1e5e703ed	2026-09-29T08:22:54+08:00	Freeze paired cash test for model-state handoff
88ee26cc539295be18bd50ce546af129e0469516	2026-09-29T08:31:23+08:00	Freeze conditional handoff cash runner and paired inventory controls
46396d97a27ba5c7228d573bc34009b32ef6cbd6	2026-09-29T08:31:31+08:00	INFLIGHT: register state_handoff_cash_20260929 (Codex-root)
70c455d71b14062f88fa045718888775c2957be9	2026-09-29T08:33:12+08:00	Add independent saved cash and paired aggregation verification
6cbb69a74bd5bad0a6432cfcd2ec6c40df1610ab	2026-09-29T08:35:48+08:00	INFLIGHT: close state_handoff_cash_20260929 (Codex-root): rc0 in 93.35s; 256 paths, 128 common seams, 13296 independent checks and real su
869277383a885fbcc5a14ad71cc4786d4ec406ab	2026-09-29T08:39:12+08:00	Close handoff cash test: small conditional gain does not resolve drawdown
5a11f425761f5d56db8b06f5e8de9be463438e3c	2026-09-29T08:52:14+08:00	Freeze held-cash tail prediction diagnostic before joining outcomes
1ede56969980b31819b366293aac460d54b8fbd0	2026-09-29T08:58:40+08:00	Add frozen held-cash tail-risk diagnostic and red-green controls
b798453e3269fe3f0731a1654c9a4283c82218e5	2026-09-29T08:58:40+08:00	INFLIGHT: register tail_held_cash_20260929 (Codex-root)
da9e0a6daf83d375ec30e9161088af5c367a146b	2026-09-29T09:00:18+08:00	Independently reconstruct risk partitions and cash from original inputs
3c57770ceca50519aefd0fdbef1ca3570c894f71	2026-09-29T09:02:52+08:00	Respect seed rather than tail eligibility schema; retain first result
60619b5ebce6e47b2e249f222012ec19c0732f3d	2026-09-29T09:02:52+08:00	INFLIGHT: note on tail_held_cash_20260929 (Codex-root): Initial diagnostic done; self-audit found eligibility axis is seed not tail. Pre
f55185fb7f292726ec4215a4ace70dea62ae10e9	2026-09-29T09:04:52+08:00	Preserve both diagnostic runs and explicit schema correction evidence
00268181e10e50470e87cdbae8e8095b8da4adea	2026-09-29T09:06:12+08:00	INFLIGHT: close tail_held_cash_20260929 (Codex-root): DONE in seedfix root: 13 controls, 18896 independent checks max9.31e-10, real +1
f64792d1c2b34bd0e38bdd7eb1c013bcb4be4ff1	2026-09-29T09:08:39+08:00	Record held-risk cash limits and Sep29 00Z local production verification
