symbol,beta_prod,n_obs_prod,beta_res,n_obs_res,est_res,abs_diff,band,over_band,venue_status_at_fetch,reason
0GUSDT,0.6912995187112347,180,0.691327832535077,180,True,2.831382384227421e-05,0.00691327832535077,False,TRADING,
1000BONKUSDT,1.8155313982121504,180,1.8155452064675377,180,True,1.380825538732644e-05,0.01815545206467538,False,TRADING,
1000CATUSDT,1.242504873509046,180,1.242599229763281,180,True,9.435625423503957e-05,0.012425992297632811,False,TRADING,
1000FLOKIUSDT,1.7710591378544953,180,1.771027465506113,180,True,3.1672348382416615e-05,0.01771027465506113,False,TRADING,
1000LUNCUSDT,0.9192009620915488,180,0.9192363273791087,180,True,3.5365287559874226e-05,0.009192363273791087,False,TRADING,
1000PEPEUSDT,1.9448872089024065,180,1.9448262638213287,180,True,6.0945081077790064e-05,0.01944826263821329,False,TRADING,
1000RATSUSDT,0.45034886067261887,180,0.45045725811478454,180,True,0.00010839744216567526,0.004504572581147845,False,TRADING,
1000SATSUSDT,1.2937317488811373,180,1.2937577444939494,180,True,2.599561281213525e-05,0.012937577444939494,False,TRADING,
1000SHIBUSDT,1.3791814595662792,180,1.379165965400099,180,True,1.549416618029653e-05,0.01379165965400099,False,TRADING,
1000XECUSDT,1.2636987945537186,180,1.2636367821604486,180,True,6.201239326997232e-05,0.012636367821604487,False,TRADING,
1INCHUSDT,1.068038789645653,180,1.0680430167655073,180,True,4.2271198543719635e-06,0.010680430167655073,False,TRADING,
1MBABYDOGEUSDT,1.1395963601310302,180,1.1396505011106073,180,True,5.414097957712194e-05,0.011396505011106074,False,TRADING,
2ZUSDT,1.0170072705389628,180,1.0170133492633553,180,True,6.0787243925108925e-06,0.010170133492633553,False,TRADING,
4USDT,1.4142450773256907,180,1.4140426276448625,180,True,0.00020244968082816506,0.014140426276448625,False,TRADING,
AAVEUSDT,1.4281158994824446,180,1.4280889062903284,180,True,2.6993192116187004e-05,0.014280889062903285,False,TRADING,
ACEUSDT,0.46733276860608525,180,0.4672228283575082,180,True,0.00010994024857702289,0.004672228283575082,False,TRADING,
ACHUSDT,1.2250949374329465,180,1.2251184697297919,180,True,2.353229684537439e-05,0.012251184697297919,False,TRADING,
ACTUSDT,1.2229794427937914,180,1.223016029978837,180,True,3.6587185045622306e-05,0.012230160299788372,False,TRADING,
ACUUSDT,0.363463042749106,180,0.3634455110732593,180,True,1.753167584672699e-05,0.0036344551107325928,False,TRADING,
ADAUSDT,1.7080172296106657,180,1.708009320839087,180,True,7.908771578746254e-06,0.01708009320839087,False,TRADING,
AEROUSDT,1.7512210202924328,180,1.7512980779500553,180,True,7.7057657622559e-05,0.017512980779500555,False,TRADING,
AEVOUSDT,0.9573534601532437,180,0.9572901781536667,180,True,6.328199957705838e-05,0.009572901781536667,False,TRADING,
AGLDUSDT,0.8129788014219893,180,0.8130119414680016,180,True,3.3140046012292146e-05,0.008130119414680016,False,TRADING,
AGTUSDT,-0.2621212540307869,180,-0.26198755424134756,180,True,0.00013369978943933436,0.0026198755424134755,False,TRADING,
AIAUSDT,0.2508496223921444,180,0.250778705499252,180,True,7.09168928924031e-05,0.00250778705499252,False,TRADING,
AIGENSYNUSDT,0.51380180352077,180,0.5138309355549461,180,True,2.913203417609367e-05,0.005138309355549461,False,TRADING,
AINUSDT,-0.05689686017777669,180,-0.05703322976778336,180,True,0.00013636959000667276,0.002,False,TRADING,
AIOTUSDT,0.3409777495640407,180,0.34096984529786667,180,True,7.904266174030283e-06,0.003409698452978667,False,TRADING,
AIOUSDT,0.4726153982791254,180,0.47267276753676807,180,True,5.7369257642658766e-05,0.004726727675367681,False,TRADING,
AIXBTUSDT,1.3805342161694534,180,1.3805981307048234,180,True,6.391453537002434e-05,0.013805981307048234,False,TRADING,
AKEUSDT,1.3801595164538023,180,1.3805745518848858,180,True,0.00041503543108345475,0.013805745518848857,False,TRADING,
AKTUSDT,1.5338494382265375,180,1.5337968338042722,180,True,5.260442226528994e-05,0.015337968338042723,False,TRADING,
ALGOUSDT,1.1575652856816154,180,1.1575426329032554,180,True,2.265277835999946e-05,0.011575426329032554,False,TRADING,
ALICEUSDT,0.7433530996519709,180,0.7433877741219439,180,True,3.467446997296175e-05,0.007433877741219439,False,TRADING,
ALLOUSDT,0.6289128553383831,180,0.62885030955488,180,True,6.254578350317619e-05,0.0062885030955488,False,TRADING,
ALTUSDT,0.8675848398665817,180,0.8676300393317176,180,True,4.519946513581452e-05,0.008676300393317175,False,TRADING,
ANKRUSDT,0.7370824912654482,180,0.7370306149649138,180,True,5.1876300534381414e-05,0.007370306149649139,False,TRADING,
APEUSDT,1.139649583462219,180,1.1396534539242136,180,True,3.870461994681662e-06,0.011396534539242135,False,TRADING,
API3USDT,0.7648842934355369,180,0.764856057807964,180,True,2.8235627572925637e-05,0.007648560578079639,False,TRADING,
APRUSDT,0.7861367231642812,180,0.7862673313540782,180,True,0.00013060818979704347,0.007862673313540782,False,TRADING,
APTUSDT,1.0413014218593355,180,1.041398815273319,180,True,9.739341398340429e-05,0.01041398815273319,False,TRADING,
ARBUSDT,1.6023171662633258,180,1.6023053302912174,180,True,1.1835972108409365e-05,0.016023053302912173,False,TRADING,
ARCUSDT,0.48198337605872266,180,0.4821365016141448,180,True,0.0001531255554221289,0.004821365016141448,False,TRADING,
ARIAUSDT,0.7755265951693602,180,0.7755199950009681,180,True,6.600168392045802e-06,0.007755199950009681,False,TRADING,
ARKMUSDT,1.434061891295394,180,1.434163901380883,180,True,0.00010201008548893498,0.014341639013808829,False,TRADING,
ARPAUSDT,0.6927983736696155,180,0.6927212136000404,180,True,7.716006957514399e-05,0.006927212136000404,False,TRADING,
ARUSDT,0.9180959606743851,180,0.9180635150465111,180,True,3.244562787407812e-05,0.00918063515046511,False,TRADING,
ASTERUSDT,0.8117583569026339,180,0.8117731575101543,180,True,1.4800607520459863e-05,0.008117731575101544,False,TRADING,
ATHUSDT,1.2751195760681509,180,1.2751793219424103,180,True,5.9745874259498066e-05,0.012751793219424103,False,TRADING,
ATOMUSDT,0.9762011447765974,180,0.9762086482236554,180,True,7.5034470580215284e-06,0.009762086482236554,False,TRADING,
ATUSDT,0.47680890098401013,180,0.47677620737690213,180,True,3.2693607108003064e-05,0.004767762073769021,False,TRADING,
AUCTIONUSDT,0.832070454072581,180,0.8320836207001359,180,True,1.316662755490583e-05,0.008320836207001359,False,TRADING,
AUSDT,1.2288526572087919,180,1.228836422769381,180,True,1.6234439410789392e-05,0.012288364227693811,False,TRADING,
AVAAIUSDT,0.6612590193192854,180,0.6614810216517181,180,True,0.0002220023324326359,0.0066148102165171805,False,TRADING,
AVAXUSDT,1.2913556267590605,180,1.2913659274256806,180,True,1.0300666620111087e-05,0.012913659274256806,False,TRADING,
AVNTUSDT,1.152250582521189,180,1.1521537913546727,180,True,9.679116651639674e-05,0.011521537913546726,False,TRADING,
AWEUSDT,0.3264143721850146,180,0.3264362371814285,180,True,2.18649964138784e-05,0.003264362371814285,False,TRADING,
AXSUSDT,1.1454681007146235,180,1.1454114434500042,180,True,5.665726461923093e-05,0.011454114434500043,False,TRADING,
B2USDT,0.7657453289905805,180,0.7658333798257086,180,True,8.8050835128195e-05,0.007658333798257087,False,TRADING,
BABYUSDT,0.9132948788242844,180,0.9132940714651364,180,True,8.073591479806908e-07,0.009132940714651365,False,TRADING,
BANANAS31USDT,0.9676613410115976,180,0.9677399458204524,180,True,7.860480885479859e-05,0.009677399458204524,False,TRADING,
BANANAUSDT,0.6944605966501741,180,0.6944543974138588,180,True,6.199236315285184e-06,0.0069445439741385884,False,TRADING,
BANKUSDT,0.6640719728738776,180,0.6640956021490331,180,True,2.3629275155423457e-05,0.006640956021490331,False,TRADING,
BANUSDT,0.7994963142276936,180,0.7994359073898489,180,True,6.040683784469536e-05,0.00799435907389849,False,TRADING,
BARDUSDT,0.7909440625918657,180,0.7910013847940531,180,True,5.732220218745976e-05,0.00791001384794053,False,TRADING,
BASEDUSDT,0.9510650353208581,180,0.951109309107,180,True,4.427378614191291e-05,0.00951109309107,False,TRADING,
BASUSDT,0.6008586663791663,180,0.6008362714855331,180,True,2.2394893633204127e-05,0.006008362714855331,False,TRADING,
BATUSDT,1.1465651899867484,180,1.1465933439062186,180,True,2.8153919470197408e-05,0.011465933439062185,False,TRADING,
BBUSDT,1.1851541395262657,180,1.185229312882734,180,True,7.517335646833878e-05,0.011852293128827341,False,TRADING,
BCHUSDT,1.3347671950410274,180,1.3344687265098616,180,True,0.0002984685311657742,0.013344687265098616,False,TRADING,
BEATUSDT,0.2350270238674467,180,0.23507932114928756,180,True,5.229728184086291e-05,0.0023507932114928756,False,TRADING,
BELUSDT,0.8536170248387961,180,0.853665475391624,180,True,4.845055282787225e-05,0.00853665475391624,False,TRADING,
BERAUSDT,1.1296842527458688,180,1.1298106520044993,180,True,0.00012639925863044965,0.011298106520044994,False,TRADING,
BICOUSDT,0.976954019828239,180,0.9770975972837599,180,True,0.0001435774555208491,0.0097709759728376,False,TRADING,
BIGTIMEUSDT,0.7682951127757288,180,0.7683007284137296,180,True,5.615638000833201e-06,0.0076830072841372965,False,TRADING,
BILLUSDT,0.9304431730535299,180,0.930410322970206,180,True,3.285008332387651e-05,0.00930410322970206,False,TRADING,
BIOUSDT,1.3463127128007204,180,1.346430953789132,180,True,0.00011824098841151098,0.013464309537891319,False,TRADING,
BIRBUSDT,0.846093328608362,180,0.8460000376420074,180,True,9.329096635457557e-05,0.008460000376420074,False,TRADING,
BLESSUSDT,1.0019028899013054,180,1.0020361399142335,180,True,0.0001332500129280767,0.010020361399142334,False,TRADING,
BLUAIUSDT,0.5485066346176434,180,0.5483967557266284,180,True,0.00010987889101499171,0.005483967557266284,False,TRADING,
BLURUSDT,1.2561924938607665,180,1.2562443398934753,180,True,5.184603270880217e-05,0.012562443398934753,False,TRADING,
BMTUSDT,0.5556919164449438,180,0.5557315052321241,180,True,3.9588787180355745e-05,0.005557315052321241,False,TRADING,
BNBUSDT,0.7916167312250846,180,0.7916636735394684,180,True,4.694231438384655e-05,0.007916636735394684,False,TRADING,
BOMEUSDT,1.430570371702171,180,1.4305966618968204,180,True,2.6290194649503107e-05,0.014305966618968205,False,TRADING,
BRETTUSDT,1.744817685363695,180,1.744834908664177,180,True,1.7223300482038795e-05,0.017448349086641772,False,TRADING,
BREVUSDT,0.8246474104066794,180,0.8246201440715333,180,True,2.7266335146158838e-05,0.008246201440715332,False,TRADING,
BROCCOLI714USDT,1.5644259671074559,180,1.56440369331701,180,True,2.2273790445836994e-05,0.0156440369331701,False,TRADING,
BROCCOLIF3BUSDT,1.1172727374156892,180,1.117307725572465,180,True,3.4988156775828116e-05,0.011173077255724652,False,TRADING,
BRUSDT,2.7700575582708433,180,2.7705878718577206,180,True,0.0005303135868772735,0.027705878718577208,False,TRADING,
BSBUSDT,0.8081787811710671,180,0.8081562451302203,180,True,2.253604084678784e-05,0.008081562451302203,False,TRADING,
BSVUSDT,1.1545422664413492,180,1.1544911916486158,180,True,5.107479273336324e-05,0.011544911916486158,False,TRADING,
BTCDOMUSDT,-0.1603621137996448,180,-0.16032504300707326,180,True,3.707079257153634e-05,0.002,False,TRADING,
BTRUSDT,0.3818130918403547,180,0.3817161625262671,180,True,9.692931408761263e-05,0.0038171616252626714,False,TRADING,
BULLAUSDT,2.0170369427181365,180,2.0172195858362008,180,True,0.00018264311806426292,0.020172195858362007,False,TRADING,
BUSDT,0.6988916895115606,180,0.6990348155012447,180,True,0.00014312598968413415,0.006990348155012447,False,TRADING,
C98USDT,1.1633455980612046,180,1.1633037157681079,180,True,4.188229309676217e-05,0.011633037157681079,False,TRADING,
CAKEUSDT,1.0109618932062876,180,1.0109708057896019,180,True,8.912583314257816e-06,0.010109708057896018,False,TRADING,
CARVUSDT,0.683590169286835,180,0.683473819588944,180,True,0.00011634969789098282,0.006834738195889441,False,TRADING,
CATIUSDT,0.37336318388636397,180,0.37332225351493675,180,True,4.0930371427216894e-05,0.0037332225351493675,False,TRADING,
CCUSDT,1.2254538391547518,180,1.2255336242202983,180,True,7.978506554651155e-05,0.012255336242202984,False,TRADING,
CELOUSDT,0.9238567702229982,180,0.9238808387589621,180,True,2.4068535963928106e-05,0.009238808387589621,False,TRADING,
CETUSUSDT,1.4686279490945346,180,1.4686300132729397,180,True,2.0641784050923206e-06,0.014686300132729398,False,TRADING,
CFGUSDT,0.9168735968633762,180,0.9170263688483078,180,True,0.00015277198493157673,0.009170263688483078,False,TRADING,
CFXUSDT,1.0793220788556819,180,1.0793653995456303,180,True,4.332068994838956e-05,0.010793653995456303,False,TRADING,
CGPTUSDT,0.9165365930377576,180,0.916517426965697,180,True,1.9166072060539108e-05,0.00916517426965697,False,TRADING,
CHILLGUYUSDT,1.6696697566867236,180,1.6697146613142009,180,True,4.4904627477304615e-05,0.01669714661314201,False,TRADING,
CHIPUSDT,2.2627743357518977,180,2.262632607309253,180,True,0.00014172844264459528,0.02262632607309253,False,TRADING,
CHRUSDT,1.2078284087147542,180,1.2077628158456681,180,True,6.559286908602857e-05,0.012077628158456682,False,TRADING,
CHZUSDT,1.0100991964476076,180,1.0101319336937173,180,True,3.27372461097486e-05,0.010101319336937174,False,TRADING,
CLOUSDT,0.01674177754639244,180,0.01665339991008312,180,True,8.83776363093218e-05,0.002,False,TRADING,
COAIUSDT,0.6760825819109861,180,0.6760833214534868,180,True,7.39542500682866e-07,0.006760833214534868,False,TRADING,
COLLECTUSDT,0.9692148507087729,180,0.9691925758247363,180,True,2.2274884036610487e-05,0.009691925758247363,False,TRADING,
COMPUSDT,0.7507452967236129,180,0.7508113496065865,180,True,6.605288297356626e-05,0.007508113496065865,False,TRADING,
COOKIEUSDT,0.9770187543528457,180,0.9770560910237305,180,True,3.733667088479109e-05,0.009770560910237305,False,TRADING,
COTIUSDT,0.13123241622039694,180,0.13123920473497114,180,True,6.78851457419638e-06,0.002,False,TRADING,
CROSSUSDT,-0.04001767255304276,180,-0.040002870581499476,180,True,1.4801971543285108e-05,0.002,False,TRADING,
CRVUSDT,1.2127529711598124,180,1.2127389986901889,180,True,1.3972469623535488e-05,0.012127389986901889,False,TRADING,
CTSIUSDT,0.7534235639436585,180,0.7533381858656336,180,True,8.537807802488917e-05,0.007533381858656337,False,TRADING,
CUSDT,0.9114366854915339,180,0.911406680579322,180,True,3.0004912211945012e-05,0.00911406680579322,False,TRADING,
CVXUSDT,1.3983978065228948,180,1.3984509841023374,180,True,5.317757944256485e-05,0.013984509841023373,False,TRADING,
CYSUSDT,0.23390062369842463,180,0.23391862859039342,180,True,1.8004891968792514e-05,0.0023391862859039343,False,TRADING,
DASHUSDT,1.5467535012538292,180,1.546806845768873,180,True,5.334451504390714e-05,0.01546806845768873,False,TRADING,
DEEPUSDT,1.3568019059051515,180,1.3568744308381242,180,True,7.252493297271734e-05,0.013568744308381243,False,TRADING,
DEXEUSDT,0.30462950486205836,180,0.3046235271825653,180,True,5.97767949306327e-06,0.003046235271825653,False,TRADING,
DIAUSDT,0.8647808869051261,180,0.8648004133230026,180,True,1.952641787650311e-05,0.008648004133230027,False,TRADING,
DODOXUSDT,0.19782119338671394,180,0.19775249167163889,180,True,6.870171507505907e-05,0.002,False,TRADING,
DOGEUSDT,1.550670230257201,180,1.5506742181953719,180,True,3.987938170801897e-06,0.01550674218195372,False,TRADING,
DOGSUSDT,1.0403788011896429,180,1.0403515057996187,180,True,2.729539002421788e-05,0.010403515057996186,False,TRADING,
DOLOUSDT,0.7675323561407225,180,0.7674526119783234,180,True,7.974416239908688e-05,0.007674526119783234,False,TRADING,
DOODUSDT,1.3390900098998184,180,1.3391124135024155,180,True,2.2403602597087513e-05,0.013391124135024156,False,TRADING,
DOTUSDT,1.044603697251321,180,1.0445840372509765,180,True,1.9660000344590145e-05,0.010445840372509766,False,TRADING,
DRIFTUSDT,0.6973639183672251,180,0.6974251813761131,180,True,6.126300888797953e-05,0.006974251813761131,False,TRADING,
DUSKUSDT,1.2308144568700148,180,1.2308146561720847,180,True,1.993020699586623e-07,0.012308146561720848,False,TRADING,
DYDXUSDT,1.3284666792375062,180,1.3284966592385186,180,True,2.9980001012397395e-05,0.013284966592385187,False,TRADING,
DYMUSDT,0.9225202612549693,180,0.922682570306502,180,True,0.00016230905153269415,0.00922682570306502,False,TRADING,
EDENUSDT,1.051910918855602,180,1.0518322699846785,180,True,7.864887092345896e-05,0.010518322699846785,False,TRADING,
EDGEUSDT,2.0361224134070617,180,2.0361586065823856,180,True,3.619317532388422e-05,0.020361586065823858,False,TRADING,
EDUUSDT,0.4483447711283714,180,0.448344629133576,180,True,1.4199479542176263e-07,0.00448344629133576,False,TRADING,
EGLDUSDT,0.5702923444201614,180,0.5702920205531503,180,True,3.2386701109832217e-07,0.0057029202055315035,False,TRADING,
EIGENUSDT,1.528308671985912,180,1.528338871430547,180,True,3.0199444635004014e-05,0.01528338871430547,False,TRADING,
ELSAUSDT,0.7763831435704841,180,0.7763826683436237,180,True,4.752268604191201e-07,0.007763826683436237,False,TRADING,
ENAUSDT,1.8798764473468264,180,1.8799549510386206,180,True,7.850369179429606e-05,0.018799549510386208,False,TRADING,
ENJUSDT,0.9510114309169837,180,0.9510763667711447,180,True,6.493585416100789e-05,0.009510763667711447,False,TRADING,
ENSOUSDT,0.3570120488379932,180,0.35701199957393753,180,True,4.926405566818559e-08,0.0035701199957393756,False,TRADING,
ENSUSDT,1.6712095596886698,180,1.6712949121510745,180,True,8.535246240470862e-05,0.016712949121510747,False,TRADING,
EPICUSDT,0.3561061014193473,180,0.3558680594035741,180,True,0.00023804201577320994,0.003558680594035741,False,TRADING,
ERAUSDT,0.7731901924979099,180,0.7731906325616931,180,True,4.4006378319139117e-07,0.007731906325616931,False,TRADING,
ESPORTSUSDT,0.46947776235482197,180,0.46956217724507276,180,True,8.441489025079463e-05,0.004695621772450728,False,TRADING,
ESPUSDT,0.45635299123658546,180,0.4564247988630366,180,True,7.180762645114802e-05,0.004564247988630366,False,TRADING,
ETCUSDT,1.290249986137341,180,1.2901741869006829,180,True,7.579923665823607e-05,0.01290174186900683,False,TRADING,
ETHFIUSDT,1.7704610757726726,180,1.770425223416617,180,True,3.585235605574333e-05,0.01770425223416617,False,TRADING,
ETHUSDT,1.1171550628084237,180,1.1171809964741797,180,True,2.593366575598388e-05,0.011171809964741796,False,TRADING,
EULUSDT,0.726553035848098,180,0.7266097129984715,180,True,5.667715037349641e-05,0.007266097129984716,False,TRADING,
EVAAUSDT,2.2468172389021275,180,2.2465743533500833,180,True,0.00024288555204421414,0.022465743533500834,False,TRADING,
FARTCOINUSDT,2.222109279908595,180,2.2219925199257093,180,True,0.00011675998288573908,0.022219925199257095,False,TRADING,
FETUSDT,1.6810903737467382,180,1.6812381803006549,180,True,0.00014780655391666286,0.016812381803006548,False,TRADING,
FFUSDT,-0.2502733390129896,180,-0.2502254485120864,180,True,4.789050090320268e-05,0.002502254485120864,False,TRADING,
FHEUSDT,0.9092791600545379,180,0.9092928647772561,180,True,1.3704722718221873e-05,0.009092928647772561,False,TRADING,
FIDAUSDT,1.1000971847133851,180,1.1000666851293734,180,True,3.0499584011689507e-05,0.011000666851293734,False,TRADING,
FIGHTUSDT,0.8652161926191044,180,0.8651105837200646,180,True,0.00010560889903987736,0.008651105837200647,False,TRADING,
FILUSDT,1.1337098834348658,180,1.1336737286747842,180,True,3.615476008156371e-05,0.011336737286747842,False,TRADING,
FLOCKUSDT,0.39021143877088077,180,0.390079273096455,180,True,0.0001321656744257549,0.0039007927309645503,False,TRADING,
FLOWUSDT,0.9974786436636188,180,0.9975645774445059,180,True,8.593378088705972e-05,0.009975645774445058,False,TRADING,
FLUIDUSDT,1.2935878279630888,180,1.2935811246090871,180,True,6.703354001658113e-06,0.012935811246090872,False,TRADING,
FOGOUSDT,0.9889622692785487,180,0.9890152616381168,180,True,5.299235956812698e-05,0.009890152616381168,False,TRADING,
FOLKSUSDT,0.22884444252130376,180,0.22890478846398388,180,True,6.034594268011784e-05,0.002289047884639839,False,TRADING,
FORMUSDT,1.1441221976165303,180,1.1438815331666972,180,True,0.00024066444983317226,0.011438815331666971,False,TRADING,
FUSDT,2.0453501840155366,180,2.0455521982955056,180,True,0.00020201427996902055,0.020455521982955055,False,TRADING,
GALAUSDT,1.520474990017083,180,1.5204869612352445,180,True,1.1971218161432873e-05,0.015204869612352446,False,TRADING,
GASUSDT,0.9854661859950938,180,0.9854625827049185,180,True,3.603290175346885e-06,0.009854625827049185,False,TRADING,
GENIUSUSDT,0.3701879591841156,180,0.37031300400783046,180,True,0.00012504482371483716,0.0037031300400783046,False,TRADING,
GIGGLEUSDT,1.1210832150002874,180,1.1212304892712746,180,True,0.00014727427098715218,0.011212304892712745,False,TRADING,
GMTUSDT,0.9441811579666356,180,0.9441569247657282,180,True,2.4233200907386454e-05,0.009441569247657282,False,TRADING,
GMXUSDT,0.9100787042981558,180,0.9100723974700455,180,True,6.306828110314022e-06,0.009100723974700456,False,TRADING,
GPSUSDT,-0.21107571083180215,180,-0.21101584223797343,180,True,5.986859382872689e-05,0.0021101584223797345,False,TRADING,
GRASSUSDT,0.803080454461538,180,0.8031805472966338,180,True,0.0001000928350958219,0.008031805472966337,False,TRADING,
GRIFFAINUSDT,1.0562678331751099,180,1.0563421559516932,180,True,7.432277658336872e-05,0.010563421559516933,False,TRADING,
GRTUSDT,1.3956141513037124,180,1.3956206237935236,180,True,6.472489811226723e-06,0.013956206237935236,False,TRADING,
GTCUSDT,0.9103360080089038,180,0.9102413208119965,180,True,9.468719690730598e-05,0.009102413208119966,False,TRADING,
GUAUSDT,0.7009590043679065,180,0.7009910357414363,180,True,3.203137352980612e-05,0.007009910357414363,False,TRADING,
GUNUSDT,0.9713925013929409,180,0.9713134479962072,180,True,7.905339673364153e-05,0.009713134479962072,False,TRADING,
GUSDT,0.7312083346213215,180,0.7313582680817591,180,True,0.00014993346043756794,0.007313582680817591,False,TRADING,
GWEIUSDT,0.950821299993263,180,0.9507932636092227,180,True,2.8036384040364126e-05,0.009507932636092228,False,TRADING,
HAEDALUSDT,0.8992267753391269,180,0.8992087789501724,180,True,1.7996388954499842e-05,0.008992087789501724,False,TRADING,
HANAUSDT,0.7219820019041484,180,0.7219807028875445,180,True,1.299016603950598e-06,0.0072198070288754445,False,TRADING,
HBARUSDT,1.199978765515852,180,1.1999510553467752,180,True,2.7710169076877733e-05,0.011999510553467752,False,TRADING,
HEIUSDT,0.8441385206403307,180,0.8442166526971921,180,True,7.813205686146851e-05,0.008442166526971922,False,TRADING,
HEMIUSDT,0.6704562945252944,180,0.6702356577893717,180,True,0.00022063673592276345,0.006702356577893717,False,TRADING,
HMSTRUSDT,0.6442708413146467,180,0.6442674533357855,180,True,3.387978861235652e-06,0.006442674533357855,False,TRADING,
HOLOUSDT,0.847475632025271,180,0.8474900586852551,180,True,1.4426659984079215e-05,0.008474900586852551,False,TRADING,
HOMEUSDT,0.6802832294814914,180,0.6803321278257738,180,True,4.88983442823443e-05,0.006803321278257738,False,TRADING,
HOTUSDT,0.8569218002414456,180,0.8569742152324392,180,True,5.2414990993621124e-05,0.008569742152324393,False,TRADING,
HUMAUSDT,0.886378183550328,180,0.88654040857401,180,True,0.0001622250236819056,0.0088654040857401,False,TRADING,
HUSDT,0.17593094041417146,180,0.17588517455927236,180,True,4.576585489909912e-05,0.002,False,TRADING,
HYPERUSDT,0.9988422838208881,180,0.9988851348920842,180,True,4.2851071196059465e-05,0.009988851348920842,False,TRADING,
HYPEUSDT,1.0596823850489192,180,1.0596661076647398,180,True,1.6277384179419485e-05,0.010596661076647399,False,TRADING,
ICNTUSDT,0.6682822182790517,180,0.6682331503514517,180,True,4.906792759995504e-05,0.006682331503514517,False,TRADING,
ICPUSDT,1.1777423331408825,180,1.1777405836852761,180,True,1.7494556063812894e-06,0.011777405836852762,False,TRADING,
IDOLUSDT,0.8354982281714988,180,0.8353662737474088,180,True,0.00013195442408997504,0.008353662737474088,False,TRADING,
IDUSDT,1.0475701923989615,180,1.0475564216579036,180,True,1.3770741057905767e-05,0.010475564216579037,False,TRADING,
IMXUSDT,1.1545514757727395,180,1.1545977159942942,180,True,4.6240221554638694e-05,0.011545977159942942,False,TRADING,
INJUSDT,1.2156435435897885,180,1.2157307470198941,180,True,8.720343010559795e-05,0.012157307470198941,False,TRADING,
INUSDT,0.6576739533299898,180,0.6576575665846419,180,True,1.6386745347873877e-05,0.006576575665846419,False,TRADING,
INXUSDT,0.7410864616402677,180,0.7410790818372761,180,True,7.3798029915916885e-06,0.0074107908183727615,False,TRADING,
IOSTUSDT,0.6946445095787109,180,0.6946515767485917,180,True,7.067169880747848e-06,0.006946515767485917,False,TRADING,
IOTAUSDT,1.2410558819886361,180,1.2411512094272803,180,True,9.532743864415494e-05,0.012411512094272803,False,TRADING,
IOTXUSDT,1.0132314717108344,180,1.013505930465522,180,True,0.00027445875468767866,0.010135059304655221,False,TRADING,
IOUSDT,1.3554406670452477,180,1.3554488751038851,180,True,8.208058637437787e-06,0.01355448875103885,False,TRADING,
IRYSUSDT,0.7425468702863378,180,0.7425169151809257,180,True,2.9955105412149408e-05,0.007425169151809257,False,TRADING,
JASMYUSDT,1.320423132520076,180,1.320351309843183,180,True,7.182267689298527e-05,0.01320351309843183,False,TRADING,
JCTUSDT,0.9713802271745267,180,0.9714826551014641,180,True,0.00010242792693748726,0.009714826551014641,False,TRADING,
JELLYJELLYUSDT,0.7610960543731536,180,0.7611067791836974,180,True,1.0724810543760732e-05,0.0076110677918369745,False,TRADING,
JOEUSDT,1.1103176991661563,180,1.11027797956621,180,True,3.971959994619745e-05,0.0111027797956621,False,TRADING,
JSTUSDT,-0.2267689523604506,180,-0.2268418622392581,180,True,7.290987880748112e-05,0.002268418622392581,False,TRADING,
JTOUSDT,1.3358144490056385,180,1.3357419825039654,180,True,7.246650167314073e-05,0.013357419825039653,False,TRADING,
JUPUSDT,1.5760295111629206,180,1.576181287716303,180,True,0.00015177655338249885,0.01576181287716303,False,TRADING,
KAIAUSDT,1.1607587291193666,180,1.1607017158249446,180,True,5.701329442198144e-05,0.011607017158249447,False,TRADING,
KAITOUSDT,1.0687431153860742,180,1.0687762197141135,180,True,3.310432803926844e-05,0.010687762197141135,False,TRADING,
KASUSDT,1.3216655534148207,180,1.3216232840426219,180,True,4.2269372198866506e-05,0.01321623284042622,False,TRADING,
KATUSDT,0.8571610747872831,180,0.857070404998963,180,True,9.066978832006356e-05,0.00857070404998963,False,TRADING,
KAVAUSDT,0.16321593375953386,180,0.16317766485117718,180,True,3.8268908356675624e-05,0.002,False,TRADING,
KERNELUSDT,0.4973969943523512,180,0.49753922084007673,180,True,0.0001422264877255497,0.0049753922084007675,False,TRADING,
KGENUSDT,0.28626360142936547,180,0.2863324883134528,180,True,6.888688408734911e-05,0.002863324883134528,False,TRADING,
KITEUSDT,0.6692208759754182,180,0.6692358722592037,180,True,1.4996283785428943e-05,0.006692358722592037,False,TRADING,
KMNOUSDT,0.7525624242925832,180,0.7525249050956584,180,True,3.751919692485117e-05,0.007525249050956584,False,TRADING,
KOMAUSDT,1.2900825577842658,180,1.2902042974155827,180,True,0.00012173963131689725,0.012902042974155828,False,TRADING,
KSMUSDT,1.087354804646649,180,1.0873273635817349,180,True,2.744106491414655e-05,0.01087327363581735,False,TRADING,
LABUSDT,1.1946451646368201,180,1.19466014699611,180,True,1.4982359289872349e-05,0.0119466014699611,False,TRADING,
LAUSDT,0.5877697915991845,180,0.5877275676349164,180,True,4.22239642681177e-05,0.0058772756763491646,False,TRADING,
LAYERUSDT,0.6875015024957508,180,0.6875299004525665,180,True,2.8397956815640057e-05,0.006875299004525665,False,TRADING,
LDOUSDT,1.3008466245543058,180,1.300867642283068,180,True,2.1017728762284804e-05,0.01300867642283068,False,TRADING,
LIGHTUSDT,0.7404376909112014,180,0.7405647025170403,180,True,0.00012701160583894477,0.0074056470251704035,False,TRADING,
LINEAUSDT,1.082537892812429,180,1.082555617282194,180,True,1.7724469765001416e-05,0.010825556172821939,False,TRADING,
LINKUSDT,1.4661951781858453,180,1.4662224118086447,180,True,2.7233622799327506e-05,0.014662224118086447,False,TRADING,
LISTAUSDT,1.2279414213884188,180,1.227976317856637,180,True,3.489646821819292e-05,0.012279763178566369,False,TRADING,
LITUSDT,1.6082465045791279,180,1.6084164442107753,180,True,0.0001699396316474644,0.016084164442107755,False,TRADING,
LPTUSDT,1.0171506492457671,180,1.017122664698155,180,True,2.7984547612103228e-05,0.01017122664698155,False,TRADING,
LQTYUSDT,0.8878292224086982,180,0.8878659659436523,180,True,3.6743534954086776e-05,0.008878659659436523,False,TRADING,
LSKUSDT,0.6395706651123274,180,0.6397025357649888,180,True,0.0001318706526614033,0.006397025357649889,False,TRADING,
LTCUSDT,0.9658817941651788,180,0.9659340168440027,180,True,5.2222678823876656e-05,0.009659340168440026,False,TRADING,
LUMIAUSDT,1.0748955978793997,180,1.0749684461738982,180,True,7.284829449849539e-05,0.010749684461738983,False,TRADING,
LUNA2USDT,0.993418284700316,180,0.9933985201111716,180,True,1.976458914443313e-05,0.009933985201111715,False,TRADING,
LYNUSDT,0.5554209014017443,180,0.5554226828863408,180,True,1.781484596508065e-06,0.005554226828863408,False,TRADING,
MAGICUSDT,0.8767562308330203,180,0.8768032948121488,180,True,4.706397912845883e-05,0.008768032948121488,False,TRADING,
MAGMAUSDT,-0.09396054362446431,180,-0.09386007487918867,180,True,0.0001004687452756392,0.002,False,TRADING,
MANAUSDT,0.8245021295359937,180,0.8244964055042557,180,True,5.724031737930346e-06,0.008244964055042558,False,TRADING,
MANTAUSDT,0.7949206594246349,180,0.7949668226867723,180,True,4.6163262137466354e-05,0.007949668226867723,False,TRADING,
MANTRAUSDT,0.8888607402954992,180,0.8889067703352863,180,True,4.603003978709275e-05,0.008889067703352863,False,TRADING,
MAVUSDT,0.9860507183385078,180,0.9860617122515436,180,True,1.0993913035828307e-05,0.009860617122515436,False,TRADING,
MEGAUSDT,1.0349432341575981,180,1.034970519202167,180,True,2.7285044568836625e-05,0.01034970519202167,False,TRADING,
MEMEUSDT,1.2466356880417973,180,1.24673544936579,180,True,9.976132399280857e-05,0.012467354493657901,False,TRADING,
MERLUSDT,1.0345202314922584,180,1.0345174034554334,180,True,2.8280368249422594e-06,0.010345174034554334,False,TRADING,
METUSDT,1.7338679058671835,180,1.7338687886119746,180,True,8.827447910420005e-07,0.017338687886119745,False,TRADING,
MEUSDT,0.9439600264013142,180,0.9440199893452434,180,True,5.996294392929258e-05,0.009440199893452435,False,TRADING,
MINAUSDT,0.7205755426447112,180,0.7203505220060006,180,True,0.00022502063871066014,0.007203505220060006,False,TRADING,
MIRAUSDT,0.6657170721129313,180,0.6657266666861804,180,True,9.5945732491165e-06,0.006657266666861804,False,TRADING,
MITOUSDT,0.7780616386130054,180,0.778056456738989,180,True,5.181874016324528e-06,0.0077805645673898905,False,TRADING,
MMTUSDT,0.721706945982906,180,0.7216357898868015,180,True,7.115609610441886e-05,0.007216357898868015,False,TRADING,
MONUSDT,1.9318702235572338,180,1.9319328619401295,180,True,6.263838289566337e-05,0.019319328619401294,False,TRADING,
MOODENGUSDT,1.624849936311948,180,1.624894471417483,180,True,4.453510553514839e-05,0.01624894471417483,False,TRADING,
MORPHOUSDT,1.0951184315163671,180,1.0951197604410994,180,True,1.3289247322578746e-06,0.010951197604410995,False,TRADING,
MOVEUSDT,1.2216925840360047,180,1.2216739125402065,180,True,1.8671495798150417e-05,0.012216739125402066,False,TRADING,
MOVRUSDT,0.8451327771595705,180,0.8452263789449721,180,True,9.360178540163133e-05,0.00845226378944972,False,TRADING,
MUBARAKUSDT,2.437445848680143,180,2.437730172049853,180,True,0.00028432336971029315,0.024377301720498533,False,TRADING,
MUSDT,0.23031523893665598,180,0.2304919970719591,180,True,0.0001767581353031289,0.002304919970719591,False,TRADING,
MYXUSDT,2.249624439340571,180,2.2495530873169733,180,True,7.135202359753734e-05,0.022495530873169734,False,TRADING,
NAORISUSDT,1.021295229870834,180,1.0212097309680777,180,True,8.549890275633132e-05,0.010212097309680777,False,TRADING,
NEARUSDT,1.5956008681021376,180,1.595553541433197,180,True,4.7326668940694816e-05,0.01595553541433197,False,TRADING,
NEIROUSDT,1.6136941204503024,180,1.6136424336111799,180,True,5.168683912248895e-05,0.016136424336111798,False,TRADING,
NEOUSDT,1.0154995677690233,180,1.0154775411023336,180,True,2.202666668971176e-05,0.010154775411023336,False,TRADING,
NEWTUSDT,0.7674921886510613,180,0.7673730217853898,180,True,0.00011916686567148282,0.007673730217853898,False,TRADING,
NIGHTUSDT,1.4067955565052008,180,1.4068163473986413,180,True,2.0790893440425506e-05,0.014068163473986412,False,TRADING,
NILUSDT,0.49435661111277773,180,0.49440410522959627,180,True,4.74941168185361e-05,0.004944041052295962,False,TRADING,
NOMUSDT,0.6091067262302089,180,0.6091834246790637,180,True,7.669844885482835e-05,0.006091834246790637,False,TRADING,
NOTUSDT,1.1510281090425922,180,1.1509838013872078,180,True,4.43076553844346e-05,0.011509838013872078,False,TRADING,
NXPCUSDT,0.6105383871115913,180,0.6106049889316866,180,True,6.660182009532445e-05,0.0061060498893168655,False,TRADING,
OGNUSDT,0.9645546912588537,180,0.964604052952714,180,True,4.936169386027256e-05,0.00964604052952714,False,TRADING,
ONDOUSDT,1.6376515739118536,180,1.637818618310698,180,True,0.00016704439884440703,0.01637818618310698,False,TRADING,
ONEUSDT,0.24737564775745163,180,0.24719723093721363,180,True,0.0001784168202380032,0.002471972309372136,False,TRADING,
ONGUSDT,1.0584833001492926,180,1.0584132860399518,180,True,7.00141093408213e-05,0.010584132860399519,False,TRADING,
ONTUSDT,0.8709912919572805,180,0.8710167294208807,180,True,2.5437463600175292e-05,0.008710167294208808,False,TRADING,
ONUSDT,0.37338148469401417,180,0.3734791152432677,180,True,9.763054925354675e-05,0.003734791152432677,False,TRADING,
OPENUSDT,0.9166591175552824,180,0.9167780887723351,180,True,0.00011897121705273239,0.009167780887723352,False,TRADING,
OPGUSDT,0.4927359496490089,180,0.49277066104432254,180,True,3.471139531363576e-05,0.004927706610443226,False,TRADING,
OPNUSDT,1.2793264422994015,180,1.2792662717983383,180,True,6.0170501063216975e-05,0.012792662717983383,False,TRADING,
OPUSDT,1.500370030428553,180,1.5004347494655612,180,True,6.471903700822068e-05,0.015004347494655613,False,TRADING,
ORCAUSDT,0.831111644959283,180,0.8311331676896015,180,True,2.152273031852392e-05,0.008311331676896015,False,TRADING,
ORDERUSDT,1.155185653752679,180,1.1551533784727397,180,True,3.227527993932e-05,0.011551533784727397,False,TRADING,
ORDIUSDT,1.342378010744987,180,1.34244132319191,180,True,6.331244692292515e-05,0.0134244132319191,False,TRADING,
PARTIUSDT,0.8021546332014812,180,0.8021363941408138,180,True,1.8239060667335494e-05,0.008021363941408139,False,TRADING,
PAXGUSDT,0.21145811170216247,180,0.2114855670757712,180,True,2.7455373608736844e-05,0.002114855670757712,False,TRADING,
PENDLEUSDT,1.1957910069181714,180,1.1958224829565651,180,True,3.1476038393707384e-05,0.011958224829565652,False,TRADING,
PENGUUSDT,1.7749430847871566,180,1.7748347392324109,180,True,0.00010834555474570351,0.01774834739232411,False,TRADING,
PEOPLEUSDT,1.5230811072103438,180,1.5230737529604501,180,True,7.35424989373179e-06,0.015230737529604502,False,TRADING,
PHAROSUSDT,0.29944097220860416,180,0.29939904523451116,180,True,4.192697409299839e-05,0.0029939904523451116,False,TRADING,
PHAUSDT,1.6631841528905085,180,1.6635877556218248,180,True,0.0004036027313163437,0.01663587755621825,False,TRADING,
PIEVERSEUSDT,1.8872923760052065,180,1.8871525958584001,180,True,0.00013978014680637862,0.018871525958584,False,TRADING,
PIPPINUSDT,1.1987950139545738,180,1.198829245290707,180,True,3.423133613322804e-05,0.01198829245290707,False,TRADING,
PIXELUSDT,1.167080492313504,180,1.1671268562978852,180,True,4.636398438107037e-05,0.011671268562978851,False,TRADING,
PLAYUSDT,0.42371155044729203,180,0.4237064913059247,180,True,5.059141367336206e-06,0.004237064913059247,False,TRADING,
PLUMEUSDT,1.0695960798033373,180,1.0696022998140013,180,True,6.220010664081954e-06,0.010696022998140013,False,TRADING,
PNUTUSDT,1.4151205703098155,180,1.4151510696124876,180,True,3.0499302672071238e-05,0.014151510696124876,False,TRADING,
POLUSDT,1.1468015269832978,180,1.1468131947135918,180,True,1.1667730293929424e-05,0.011468131947135918,False,TRADING,
POPCATUSDT,1.5613080042841234,180,1.5611729370965406,180,True,0.00013506718758282688,0.015611729370965406,False,TRADING,
PORTALUSDT,0.5679260415167864,180,0.5681168871185103,180,True,0.00019084560172388798,0.005681168871185103,False,TRADING,
POWERUSDT,0.3359022408948961,180,0.3360403000682432,180,True,0.00013805917334708262,0.003360403000682432,False,TRADING,
POWRUSDT,0.5513705364777991,180,0.5513286844184944,180,True,4.185205930473668e-05,0.005513286844184943,False,TRADING,
PRLUSDT,0.6503729838507221,180,0.6503867515204781,180,True,1.376766975602628e-05,0.006503867515204781,False,TRADING,
PROMPTUSDT,0.8561905411615726,180,0.8562324493650182,180,True,4.190820344562862e-05,0.008562324493650183,False,TRADING,
PROMUSDT,0.2831716156868631,180,0.2830821266724977,180,True,8.948901436539591e-05,0.002830821266724977,False,TRADING,
PROVEUSDT,0.7119790737880006,180,0.7120667382779002,180,True,8.766448989960818e-05,0.007120667382779003,False,TRADING,
PTBUSDT,1.3847045701944838,180,1.3850586048285107,180,True,0.00035403463402694513,0.013850586048285108,False,TRADING,
PUMPUSDT,1.3030175792776126,180,1.3031003216311625,180,True,8.274235354988058e-05,0.013031003216311626,False,TRADING,
PYTHUSDT,1.4157052729710151,180,1.4156611411220916,180,True,4.413184892348987e-05,0.014156611411220916,False,TRADING,
QNTUSDT,0.8415799226726227,180,0.8416486287171437,180,True,6.870604452102747e-05,0.008416486287171438,False,TRADING,
QTUMUSDT,1.0124531559186571,180,1.012442452582214,180,True,1.0703336443151912e-05,0.010124424525822141,False,TRADING,
QUSDT,-0.28642245283168905,180,-0.28652825881288635,180,True,0.00010580598119730444,0.0028652825881288636,False,TRADING,
RAREUSDT,0.7477919639234979,180,0.7477558791117672,180,True,3.608481173067446e-05,0.007477558791117673,False,TRADING,
RAVEUSDT,1.1001839559537705,180,1.0999959525815262,180,True,0.0001880033722443386,0.010999959525815261,False,TRADING,
RECALLUSDT,0.679173402528019,180,0.6791138455310741,180,True,5.955699694493166e-05,0.006791138455310742,False,TRADING,
RENDERUSDT,1.2562446036966817,180,1.2563213831113191,180,True,7.67794146374623e-05,0.012563213831113192,False,TRADING,
RESOLVUSDT,0.8253242804360778,180,0.8253304832912216,180,True,6.202855143855324e-06,0.008253304832912216,False,TRADING,
REZUSDT,1.2403754477638422,180,1.2404524703323019,180,True,7.702256845965039e-05,0.01240452470332302,False,TRADING,
RIFUSDT,0.5817513077012836,180,0.5817524453859424,180,True,1.137684658814031e-06,0.005817524453859424,False,TRADING,
RIVERUSDT,1.3613628554767057,180,1.3612394722724712,180,True,0.0001233832042344396,0.013612394722724713,False,TRADING,
RLCUSDT,0.9876941986728227,180,0.9877540028167449,180,True,5.980414392214861e-05,0.009877540028167448,False,TRADING,
ROBOUSDT,0.4848429027130504,180,0.4847800395483023,180,True,6.286316474812814e-05,0.004847800395483023,False,TRADING,
RONINUSDT,1.345986153856757,180,1.34596816902841,180,True,1.7984828347028525e-05,0.0134596816902841,False,TRADING,
ROSEUSDT,1.0507877774853942,180,1.0508186021970813,180,True,3.082471168713852e-05,0.010508186021970813,False,TRADING,
RSRUSDT,1.3450865370961462,180,1.3451376004689457,180,True,5.1063372799475815e-05,0.013451376004689458,False,TRADING,
RUNEUSDT,1.2453235026729543,180,1.2453531160755524,180,True,2.961340259810541e-05,0.012453531160755524,False,TRADING,
RVNUSDT,0.9498097493790126,180,0.9497875486131847,180,True,2.2200765827928848e-05,0.009497875486131848,False,TRADING,
SAFEUSDT,0.7265617332490392,180,0.7266692526615438,180,True,0.00010751941250464192,0.007266692526615438,False,TRADING,
SAGAUSDT,0.3752597160435641,180,0.37531616994025696,180,True,5.645389669284295e-05,0.00375316169940257,False,TRADING,
SAHARAUSDT,1.148423079639625,180,1.148391717819606,180,True,3.1361820019171205e-05,0.01148391717819606,False,TRADING,
SANDUSDT,1.048988951816664,180,1.0490325533042795,180,True,4.360148761550775e-05,0.010490325533042796,False,TRADING,
SAPIENUSDT,0.8306061379847474,180,0.8305724692044235,180,True,3.366878032384779e-05,0.008305724692044235,False,TRADING,
SCRTUSDT,0.0,170,0.0,180,True,0.0,0.002,False,SETTLING,
SCRUSDT,0.9508977920669295,180,0.9509148138662029,180,True,1.702179927343117e-05,0.00950914813866203,False,TRADING,
SEIUSDT,1.3989915160854671,180,1.3990687662855474,180,True,7.725020008031436e-05,0.013990687662855475,False,TRADING,
SENTUSDT,0.7252511384752238,180,0.7252520770838174,180,True,9.386085936258226e-07,0.007252520770838175,False,TRADING,
SHELLUSDT,0.9829024852819552,180,0.9828748276379163,180,True,2.7657644038892037e-05,0.009828748276379164,False,TRADING,
SIGNUSDT,0.8046670439874071,180,0.804704032889117,180,True,3.6988901709889e-05,0.00804704032889117,False,TRADING,
SIRENUSDT,0.5110937134616952,180,0.5111784694509074,180,True,8.475598921220406e-05,0.005111784694509074,False,TRADING,
SKLUSDT,1.0070347891789448,180,1.0071298084877816,180,True,9.501930883670795e-05,0.010071298084877816,False,TRADING,
SKRUSDT,0.6889647558511399,180,0.6890757967339856,180,True,0.00011104088284563662,0.006890757967339856,False,TRADING,
SKYAIUSDT,0.7374742655847072,180,0.7374653308194941,180,True,8.93476521313108e-06,0.007374653308194941,False,TRADING,
SKYUSDT,1.0858434218226343,180,1.0858770164309635,180,True,3.359460832919048e-05,0.010858770164309636,False,TRADING,
SNXUSDT,1.0879316219053947,180,1.0879668264769835,180,True,3.5204571588787203e-05,0.010879668264769835,False,TRADING,
SOLUSDT,1.3908408812772655,180,1.3907953902550747,180,True,4.5491022190757846e-05,0.013907953902550747,False,TRADING,
SOLVUSDT,0.12569396243228814,180,0.12559478460476015,180,True,9.917782752799642e-05,0.002,False,TRADING,
SOONUSDT,0.8197995507991824,180,0.8197800580032726,180,True,1.949279590984787e-05,0.008197800580032727,False,TRADING,
SOPHUSDT,0.38628132094282275,180,0.3862545701695408,180,True,2.6750773281958296e-05,0.003862545701695408,False,TRADING,
SPACEUSDT,0.9156101939897571,180,0.9156082143783232,180,True,1.979611433888806e-06,0.009156082143783231,False,TRADING,
SPELLUSDT,0.7163808299321238,180,0.7164433455271124,180,True,6.251559498859915e-05,0.007164433455271124,False,TRADING,
SPKUSDT,0.8875740464377228,180,0.8876436003758185,180,True,6.95539380957122e-05,0.008876436003758184,False,TRADING,
SPXUSDT,2.095795328490973,180,2.095713461862824,180,True,8.18666281490188e-05,0.02095713461862824,False,TRADING,
SQDUSDT,0.7400019731501354,180,0.7399146429599064,180,True,8.73301902289958e-05,0.007399146429599064,False,TRADING,
SSVUSDT,1.040600720178845,180,1.0406258549111223,180,True,2.5134732277276584e-05,0.010406258549111223,False,TRADING,
STABLEUSDT,0.45678188475348025,180,0.45686829447549643,180,True,8.640972201617858e-05,0.0045686829447549645,False,TRADING,
STARUSDT,0.8149234289006911,180,0.8149393533694121,180,True,1.5924468721006946e-05,0.008149393533694121,False,TRADING,
STBLUSDT,0.9928594931620582,180,0.992743473926363,180,True,0.00011601923569526384,0.00992743473926363,False,TRADING,
STGUSDT,0.19999156536882728,171,0.23479222572699263,180,True,0.03480066035816534,0.0023479222572699264,True,SETTLING,venue_status_SETTLING
STORJUSDT,0.0,170,0.0,180,True,0.0,0.002,False,SETTLING,
STOUSDT,0.9391784155795638,180,0.939091157724371,180,True,8.72578551928127e-05,0.009390911577243711,False,TRADING,
STRKUSDT,1.5254488836685867,180,1.5254069754449822,180,True,4.190822360450319e-05,0.015254069754449822,False,TRADING,
STXUSDT,1.104414377510277,180,1.1043947082896022,180,True,1.9669220674867205e-05,0.011043947082896022,False,TRADING,
SUIUSDT,1.652443535173284,180,1.652527418086453,180,True,8.388291316907548e-05,0.01652527418086453,False,TRADING,
SUSDT,1.435216594065697,180,1.4352076028161733,180,True,8.991249523582212e-06,0.014352076028161733,False,TRADING,
SUSHIUSDT,1.1414324441627286,180,1.1414516488400726,180,True,1.920467734395359e-05,0.011414516488400726,False,TRADING,
SWARMSUSDT,1.2574051442041552,180,1.2574390212861246,180,True,3.387708196944672e-05,0.012574390212861247,False,TRADING,
SXTUSDT,1.0471677657419516,180,1.0471962172523748,180,True,2.845151042318861e-05,0.010471962172523748,False,TRADING,
SYNUSDT,0.5146006061000223,180,0.5142289886623039,180,True,0.00037161743771840783,0.005142289886623039,False,TRADING,
SYRUPUSDT,1.0196684881504308,180,1.019673348582925,180,True,4.860432494258049e-06,0.01019673348582925,False,TRADING,
TACUSDT,0.2597114380672749,180,0.26023500719150294,180,True,0.0005235691242280183,0.0026023500719150293,False,TRADING,
TAGUSDT,0.9269350300995131,180,0.9268303167475492,180,True,0.00010471335196382547,0.009268303167475492,False,TRADING,
TAIKOUSDT,0.6715607679455097,180,0.6715348981664258,180,True,2.5869779083920186e-05,0.006715348981664258,False,TRADING,
TAKEUSDT,1.3212786745869811,180,1.3211974771218356,180,True,8.119746514556603e-05,0.013211974771218356,False,TRADING,
TAOUSDT,1.483040422932515,180,1.4829510043824528,180,True,8.941855006217025e-05,0.014829510043824528,False,TRADING,
TAUSDT,0.41387734044910096,180,0.41386761977223396,180,True,9.720676866997735e-06,0.004138676197722339,False,TRADING,
THETAUSDT,1.0826165180086533,180,1.0826029600088851,180,True,1.3557999768210038e-05,0.010826029600088851,False,TRADING,
THEUSDT,0.8059305863358961,180,0.8059835899650378,180,True,5.300362914173462e-05,0.008059835899650378,False,TRADING,
TIAUSDT,1.2765405024879697,180,1.276557010122482,180,True,1.6507634512219482e-05,0.012765570101224819,False,TRADING,
TLMUSDT,0.6043338995799682,180,0.6043701931068804,180,True,3.6293526912256624e-05,0.006043701931068805,False,TRADING,
TNSRUSDT,1.1476456199466338,180,1.1477145677831537,180,True,6.894783651989478e-05,0.011477145677831537,False,TRADING,
TOSHIUSDT,1.297188458676082,180,1.2970975234258129,180,True,9.093525026915295e-05,0.01297097523425813,False,TRADING,
TOWNSUSDT,0.8040500961282746,180,0.8039806408257457,180,True,6.945530252888688e-05,0.008039806408257457,False,TRADING,
TRADOORUSDT,1.2999665074042837,180,1.2998879603996518,180,True,7.854700463183484e-05,0.012998879603996519,False,TRADING,
TRBUSDT,1.397625482831142,180,1.3975490673337474,180,True,7.641549739467735e-05,0.013975490673337474,False,TRADING,
TREEUSDT,0.6654367931546811,180,0.6653802483557365,180,True,5.6544798944568875e-05,0.0066538024835573655,False,TRADING,
TRIAUSDT,0.6211480312664793,180,0.6211232799691507,180,True,2.475129732859571e-05,0.006211232799691507,False,TRADING,
TRUMPUSDT,1.5774693832443316,180,1.577425396782773,180,True,4.3986461558676027e-05,0.01577425396782773,False,TRADING,
TRUSTUSDT,0.7944465210643469,180,0.794439703547378,180,True,6.8175169688489135e-06,0.00794439703547378,False,TRADING,
TRUTHUSDT,0.12129312138272609,180,0.12127985716941381,180,True,1.3264213312283446e-05,0.002,False,TRADING,
TRXUSDT,0.1700368667565479,180,0.17003877173060608,180,True,1.9049740581922325e-06,0.002,False,TRADING,
TSTUSDT,1.0899553441898608,180,1.0900764002062293,180,True,0.00012105601636847041,0.010900764002062293,False,TRADING,
TURBOUSDT,1.4312510281498374,180,1.4313385456639063,180,True,8.751751406887998e-05,0.014313385456639063,False,TRADING,
TURTLEUSDT,0.8523081669110357,180,0.8523304369979905,180,True,2.227008695476762e-05,0.008523304369979905,False,TRADING,
TUSDT,0.2971817275368953,180,0.2972889994731306,180,True,0.00010727193623527587,0.002972889994731306,False,TRADING,
TUTUSDT,0.7657243982630687,180,0.7657033972571282,180,True,2.1001005940490813e-05,0.007657033972571282,False,TRADING,
TWTUSDT,1.0006114735126606,180,1.0005998048927713,180,True,1.1668619889215748e-05,0.010005998048927713,False,TRADING,
UAIUSDT,-0.20959373379587665,180,-0.20921556085251744,180,True,0.00037817294335920626,0.0020921556085251743,False,TRADING,
UBUSDT,-0.08633015823139085,180,-0.0864135112974544,180,True,8.335306606355175e-05,0.002,False,TRADING,
UMAUSDT,0.8793281179618914,180,0.8793536567406732,180,True,2.5538778781863947e-05,0.008793536567406732,False,TRADING,
UNIUSDT,1.3847822031743546,180,1.384727741881133,180,True,5.44612932216193e-05,0.013847277418811331,False,TRADING,
USDCUSDT,-0.0031684191676217,180,-0.0031676376781556185,180,True,7.814894660814267e-07,0.002,False,TRADING,
USELESSUSDT,3.1501426975859226,180,3.1502988791491244,180,True,0.0001561815632018515,0.03150298879149124,False,TRADING,
USUALUSDT,1.0925270941403666,180,1.0925751769496432,180,True,4.808280927659503e-05,0.010925751769496433,False,TRADING,
USUSDT,0.6094657788191332,180,0.6096082548096872,180,True,0.00014247599055394744,0.006096082548096872,False,TRADING,
VANAUSDT,0.5710705018365939,180,0.5710864880318136,180,True,1.598619521969713e-05,0.0057108648803181365,False,TRADING,
VELODROMEUSDT,1.7446477367055564,180,1.7447454523055177,180,True,9.771559996130108e-05,0.017447454523055177,False,TRADING,
VELVETUSDT,0.8719632153875015,180,0.8719698319335288,180,True,6.616546027293779e-06,0.008719698319335289,False,TRADING,
VETUSDT,1.4403644488643845,180,1.4403672626487034,180,True,2.813784318878021e-06,0.014403672626487035,False,TRADING,
VIRTUALUSDT,1.6718461099804458,180,1.6718492398582627,180,True,3.1298778169208674e-06,0.016718492398582627,False,TRADING,
VVVUSDT,1.2328328832263882,180,1.2329023199947688,180,True,6.94367683806707e-05,0.012329023199947688,False,TRADING,
WALUSDT,1.066795101597846,180,1.066719258870192,180,True,7.584272765415179e-05,0.01066719258870192,False,TRADING,
WAXPUSDT,0.6153056904349221,180,0.615356002741267,180,True,5.03123063448907e-05,0.00615356002741267,False,TRADING,
WETUSDT,0.6768527884562413,180,0.6767784346188258,180,True,7.435383741549728e-05,0.006767784346188258,False,TRADING,
WIFUSDT,2.0456337885386335,180,2.045610924101739,180,True,2.286443689447637e-05,0.02045610924101739,False,TRADING,
WLDUSDT,1.3017900385380963,180,1.3019289396154083,180,True,0.00013890107731207024,0.013019289396154083,False,TRADING,
WLFIUSDT,0.45534271804879906,180,0.4553804705750814,180,True,3.775252628235304e-05,0.004553804705750814,False,TRADING,
WOOUSDT,1.0093114679742208,180,1.0093827056425182,180,True,7.123766829741918e-05,0.010093827056425182,False,TRADING,
WUSDT,1.2138419762933426,180,1.2138582765334724,180,True,1.630024012988507e-05,0.012138582765334725,False,TRADING,
XAIUSDT,1.059520013361059,180,1.059523641014288,180,True,3.6276532291434904e-06,0.01059523641014288,False,TRADING,
XANUSDT,0.8859762471398506,180,0.8861049696488489,180,True,0.0001287225089983135,0.00886104969648849,False,TRADING,
XAUTUSDT,0.20985762402407857,180,0.20984676760665152,180,True,1.085641742704091e-05,0.0020984676760665154,False,TRADING,
XLMUSDT,1.6000921697881638,180,1.6000716204206664,180,True,2.0549367497402216e-05,0.016000716204206664,False,TRADING,
XMRUSDT,0.8686859145965357,180,0.8685243920270587,180,True,0.00016152256947699062,0.008685243920270588,False,TRADING,
XNYUSDT,0.26725922353213705,180,0.26734987305099206,180,True,9.064951885501271e-05,0.0026734987305099206,False,TRADING,
XPINUSDT,0.38467927031566745,180,0.38461864665038475,180,True,6.062366528269969e-05,0.003846186466503848,False,TRADING,
XPLUSDT,1.924904274128644,180,1.9249466554643486,180,True,4.238133570466651e-05,0.019249466554643487,False,TRADING,
XRPUSDT,1.6014927675571475,180,1.6015045277636548,180,True,1.1760206507283044e-05,0.016015045277636548,False,TRADING,
XTZUSDT,1.013049671884968,180,1.0130421691768665,180,True,7.502708101458921e-06,0.010130421691768665,False,TRADING,
XVGUSDT,1.3240854635104495,180,1.3240052159372453,180,True,8.024757320423959e-05,0.013240052159372453,False,TRADING,
YBUSDT,0.530884875809125,180,0.5309233900483312,180,True,3.8514239206199896e-05,0.005309233900483312,False,TRADING,
YFIUSDT,0.9793332812044938,180,0.9793509067227846,180,True,1.7625518290764752e-05,0.009793509067227845,False,TRADING,
YGGUSDT,1.0652799122759322,180,1.0652997774524098,180,True,1.9865176477562585e-05,0.010652997774524098,False,TRADING,
ZAMAUSDT,1.4685688214614578,180,1.4687441689392913,180,True,0.00017534747783343185,0.014687441689392913,False,TRADING,
ZBTUSDT,0.5109445958333023,180,0.510983145602866,180,True,3.854976956363387e-05,0.00510983145602866,False,TRADING,
ZECUSDT,1.8035643956822793,180,1.8034894617819,180,True,7.493390037938141e-05,0.018034894617819,False,TRADING,
ZENUSDT,1.5792655391381896,180,1.5793411320750528,180,True,7.559293686321134e-05,0.015793411320750527,False,TRADING,
ZEREBROUSDT,1.1902198926112413,180,1.1902450136976883,180,True,2.5121086447033036e-05,0.011902450136976883,False,TRADING,
ZETAUSDT,0.8660224011303622,180,0.8661358271998741,180,True,0.0001134260695119238,0.008661358271998742,False,TRADING,
ZILUSDT,0.910030215610875,180,0.9100502749148003,180,True,2.0059303925235028e-05,0.009100502749148002,False,TRADING,
ZKCUSDT,0.7698110030948502,180,0.7697128355829066,180,True,9.816751194358098e-05,0.007697128355829066,False,TRADING,
ZKPUSDT,0.5824380196885142,180,0.5823765435008285,180,True,6.147618768570506e-05,0.0058237654350082844,False,TRADING,
ZKUSDT,1.1793818875845585,180,1.1792733207462491,180,True,0.0001085668383093985,0.011792733207462491,False,TRADING,
ZORAUSDT,0.6988201998940329,180,0.6988032126086695,180,True,1.698728536336791e-05,0.006988032126086695,False,TRADING,
ZROUSDT,1.2900581957635346,180,1.2899843319247286,180,True,7.386383880603198e-05,0.012899843319247286,False,TRADING,
