category,unclosed_handle_idiom,file,line,scope,kind,mode,atomic_rename_in_scope,fsync_in_scope,readback_after_in_scope,sha_in_scope,text
C,True,/Users/haosiyu/Desktop/quant_research/multi_asset/exports/research/nc_2026-09-23/devices/nc_arm_viability.py,53,main,json.dump,,False,False,[],"[(51, 'FILE(helper)'), (51, 'FILE(helper)'), (49, 'FILE(helper)')]","json.dump(rec, open(out, ""w""), indent=1)"
C,True,/Users/haosiyu/Desktop/quant_research/multi_asset/exports/research/nc_2026-09-23/devices/nc_arm_viability.py,53,main,open-w,w,False,False,[],"[(51, 'FILE(helper)'), (51, 'FILE(helper)'), (49, 'FILE(helper)')]","json.dump(rec, open(out, ""w""), indent=1)"
D,False,/Users/haosiyu/Desktop/quant_research/multi_asset/exports/research/nc_2026-09-23/devices/nc_deploy_fetch.py,34,main,open-a,a,False,False,"[55, 56, 57, 55, 56]","[(59, 'FILE')]","log = open(out + "".requests.jsonl"", ""a""); aborted = {}; real = M.urllib.request.urlopen"
C,True,/Users/haosiyu/Desktop/quant_research/multi_asset/exports/research/nc_2026-09-23/devices/nc_deploy_fetch.py,107,main,json.dump,,False,False,[],"[(59, 'FILE')]","json.dump(rec, open(out + "".json"", ""w""), indent=1)"
C,False,/Users/haosiyu/Desktop/quant_research/multi_asset/exports/research/nc_2026-09-23/devices/nc_deploy_fetch.py,101,main,np.savez,,False,False,[],"[(59, 'FILE')]","np.savez(out, row_ts=np.array(rows_ts, np.int64), row_col=np.array(rows_col, np.int64),"
C,True,/Users/haosiyu/Desktop/quant_research/multi_asset/exports/research/nc_2026-09-23/devices/nc_deploy_fetch.py,107,main,open-w,w,False,False,[],"[(59, 'FILE')]","json.dump(rec, open(out + "".json"", ""w""), indent=1)"
C,False,/Users/haosiyu/Desktop/quant_research/multi_asset/exports/research/nc_2026-09-23/devices/nc_derive_producer.py,916,main,write_text,,False,False,[],"[(851, 'FILE(helper)'), (900, 'FILE(helper)'), (905, 'FILE(helper)'), (907, 'FILE(helper)'), (908, 'FILE(helper)'), (847, 'FILE(helper)')]","(out / ""PATCH_RECEIPT.json"").write_text(json.dumps(rec, indent=1, ensure_ascii=False))"
C,False,/Users/haosiyu/Desktop/quant_research/multi_asset/exports/research/nc_2026-09-23/devices/nc_derive_producer.py,894,main,write_text,,False,False,[],"[(851, 'FILE(helper)'), (900, 'FILE(helper)'), (905, 'FILE(helper)'), (907, 'FILE(helper)'), (908, 'FILE(helper)'), (847, 'FILE(helper)')]",(out / k).write_text(Pk.text); outputs[k] = hashlib.sha256(Pk.text.encode()).hexdigest()
C,False,/Users/haosiyu/Desktop/quant_research/multi_asset/exports/research/nc_2026-09-23/devices/nc_derive_producer.py,900,main,shutil.copyfile,,False,False,[],"[(851, 'FILE(helper)'), (900, 'FILE(helper)'), (905, 'FILE(helper)'), (907, 'FILE(helper)'), (908, 'FILE(helper)'), (847, 'FILE(helper)')]","shutil.copyfile(p, out / k); outputs[k] = sha_file(out / k)"
C,False,/Users/haosiyu/Desktop/quant_research/multi_asset/exports/research/nc_2026-09-23/devices/nc_derive_producer.py,905,main,write_text,,False,False,[],"[(851, 'FILE(helper)'), (900, 'FILE(helper)'), (905, 'FILE(helper)'), (907, 'FILE(helper)'), (908, 'FILE(helper)'), (847, 'FILE(helper)')]","ast.parse(t); (out / ""fea171/beta_overlay_producer.py"").write_text(t); outputs[""fea171/beta_overlay_producer.py""] = sha_file(out / ""fea171/beta_overlay_producer.py"")"
C,False,/Users/haosiyu/Desktop/quant_research/multi_asset/exports/research/nc_2026-09-23/devices/nc_derive_producer.py,907,main,shutil.copyfile,,False,False,[],"[(851, 'FILE(helper)'), (900, 'FILE(helper)'), (905, 'FILE(helper)'), (907, 'FILE(helper)'), (908, 'FILE(helper)'), (847, 'FILE(helper)')]","shutil.copyfile(N2.WIDE / ""fea171"" / f, out / ""fea171"" / f); outputs[f""fea171/{f}""] = sha_file(out / ""fea171"" / f)"
C,True,/Users/haosiyu/Desktop/quant_research/multi_asset/exports/research/nc_2026-09-23/devices/nc_downgrade_state.py,92,downgrade,json.dump,,False,False,[],"[(59, 'FILE(helper)'), (91, 'FILE(helper)'), (60, 'FILE(helper)'), (53, 'MEMORY')]","json.dump(rec, open(os.path.join(out_root, ""DOWNGRADE_RECEIPT.json""), ""w""), indent=1)"
C,False,/Users/haosiyu/Desktop/quant_research/multi_asset/exports/research/nc_2026-09-23/devices/nc_downgrade_state.py,80,downgrade,open-w,w,False,False,[],"[(59, 'FILE(helper)'), (91, 'FILE(helper)'), (60, 'FILE(helper)'), (53, 'MEMORY')]","with open(os.path.join(out_state, ""aux.json""), ""w"") as f: json.dump(aux, f)"
C,False,/Users/haosiyu/Desktop/quant_research/multi_asset/exports/research/nc_2026-09-23/devices/nc_downgrade_state.py,80,downgrade,json.dump,,False,False,[],"[(59, 'FILE(helper)'), (91, 'FILE(helper)'), (60, 'FILE(helper)'), (53, 'MEMORY')]","with open(os.path.join(out_state, ""aux.json""), ""w"") as f: json.dump(aux, f)"
C,False,/Users/haosiyu/Desktop/quant_research/multi_asset/exports/research/nc_2026-09-23/devices/nc_downgrade_state.py,81,downgrade,shutil.copy2,,False,False,[],"[(59, 'FILE(helper)'), (91, 'FILE(helper)'), (60, 'FILE(helper)'), (53, 'MEMORY')]","for f in (""rolling.npz"", ""leg_returns_live.json""): shutil.copy2(os.path.join(nc_state, f), os.path.join(out_state, f))"
C,True,/Users/haosiyu/Desktop/quant_research/multi_asset/exports/research/nc_2026-09-23/devices/nc_downgrade_state.py,92,downgrade,open-w,w,False,False,[],"[(59, 'FILE(helper)'), (91, 'FILE(helper)'), (60, 'FILE(helper)'), (53, 'MEMORY')]","json.dump(rec, open(os.path.join(out_root, ""DOWNGRADE_RECEIPT.json""), ""w""), indent=1)"
C,True,/Users/haosiyu/Desktop/quant_research/multi_asset/exports/research/nc_2026-09-23/devices/nc_exec_config.py,92,main,open-w,w,False,False,[],"[(37, 'FILE'), (34, 'MEMORY')]","open(a.book, ""w"").write(new)"
C,True,/Users/haosiyu/Desktop/quant_research/multi_asset/exports/research/nc_2026-09-23/devices/nc_exec_config.py,36,main,open-w,wb,False,False,"[47, 46, 46, 37]","[(37, 'FILE'), (34, 'MEMORY')]","open(a.book, ""wb"").write(raw)"
C,True,/Users/haosiyu/Desktop/quant_research/multi_asset/exports/research/nc_2026-09-23/devices/nc_exinfo_probe.py,61,main,json.dump,,False,False,[],[],"json.dump(rec, open(a.out, ""w""), indent=1)"
C,True,/Users/haosiyu/Desktop/quant_research/multi_asset/exports/research/nc_2026-09-23/devices/nc_exinfo_probe.py,61,main,open-w,w,False,False,[],[],"json.dump(rec, open(a.out, ""w""), indent=1)"
D,True,/Users/haosiyu/Desktop/quant_research/multi_asset/exports/research/nc_2026-09-23/devices/nc_exinfo_probe.py,60,main,open-a,a,False,False,[],[],"open(a.out + "".requests.jsonl"", ""a"").write(json.dumps({k: rec[k] for k in (""utc"", ""path"", ""weight_declared"", ""used_weight_1m_after"")}) + ""\n"")"
C,False,/Users/haosiyu/Desktop/quant_research/multi_asset/exports/research/nc_2026-09-23/devices/nc_export_seed.py,71,main,np.savez,,False,False,[],"[(72, 'FILE(helper)'), (75, 'FILE(helper)'), (70, 'FILE(helper)'), (74, 'FILE(helper)')]","np.savez(out, **arrs)"
C,True,/Users/haosiyu/Desktop/quant_research/multi_asset/exports/research/nc_2026-09-23/devices/nc_export_seed.py,77,main,json.dump,,False,False,[],"[(72, 'FILE(helper)'), (75, 'FILE(helper)'), (70, 'FILE(helper)'), (74, 'FILE(helper)')]","json.dump(rec, open(f""{W}/receipts/{a.receipt}.json"", ""w""), indent=1)"
C,True,/Users/haosiyu/Desktop/quant_research/multi_asset/exports/research/nc_2026-09-23/devices/nc_export_seed.py,77,main,open-w,w,False,False,[],"[(72, 'FILE(helper)'), (75, 'FILE(helper)'), (70, 'FILE(helper)'), (74, 'FILE(helper)')]","json.dump(rec, open(f""{W}/receipts/{a.receipt}.json"", ""w""), indent=1)"
C,True,/Users/haosiyu/Desktop/quant_research/multi_asset/exports/research/nc_2026-09-23/devices/nc_fetch_list.py,20,main,json.dump,,False,False,[22],"[(22, 'FILE')]","json.dump(fl, open(out, ""w""))"
C,True,/Users/haosiyu/Desktop/quant_research/multi_asset/exports/research/nc_2026-09-23/devices/nc_fetch_list.py,20,main,open-w,w,False,False,[22],"[(22, 'FILE')]","json.dump(fl, open(out, ""w""))"
D,False,/Users/haosiyu/Desktop/quant_research/multi_asset/exports/research/nc_2026-09-23/devices/nc_fetch_test.py,51,main,open-a,a,False,False,"[84, 87, 88, 196, 84]","[(90, 'FILE'), (91, 'FILE'), (93, 'FILE')]","reqlog = open(os.path.join(a.out, ""requests.jsonl""), ""a""); fund_times = collections.deque(); aborted = {}"
C,True,/Users/haosiyu/Desktop/quant_research/multi_asset/exports/research/nc_2026-09-23/devices/nc_fetch_test.py,202,main,json.dump,,False,False,[],"[(90, 'FILE'), (91, 'FILE'), (93, 'FILE')]","json.dump(rec, open(os.path.join(a.out, ""NC_FETCH_TEST.json""), ""w""), indent=1)"
C,False,/Users/haosiyu/Desktop/quant_research/multi_asset/exports/research/nc_2026-09-23/devices/nc_fetch_test.py,49,main,shutil.copy2,,False,False,"[84, 87, 88, 196, 84]","[(90, 'FILE'), (91, 'FILE'), (93, 'FILE')]","for f in (""rolling.npz"", ""aux.json""): shutil.copy2(f""{HOME}/wide_shadow/state/{f}"", f""{cp}/{f}"")"
C,True,/Users/haosiyu/Desktop/quant_research/multi_asset/exports/research/nc_2026-09-23/devices/nc_fetch_test.py,202,main,open-w,w,False,False,[],"[(90, 'FILE'), (91, 'FILE'), (93, 'FILE')]","json.dump(rec, open(os.path.join(a.out, ""NC_FETCH_TEST.json""), ""w""), indent=1)"
C,True,/Users/haosiyu/Desktop/quant_research/multi_asset/exports/research/nc_2026-09-23/devices/nc_gate_g1.py,91,main,json.dump,,False,False,[],"[(31, 'FILE(helper)'), (31, 'FILE(helper)')]","json.dump(out, open(f""{W}/receipts/NC_GATE_G1.json"", ""w""), indent=1)"
C,True,/Users/haosiyu/Desktop/quant_research/multi_asset/exports/research/nc_2026-09-23/devices/nc_gate_g1.py,91,main,open-w,w,False,False,[],"[(31, 'FILE(helper)'), (31, 'FILE(helper)')]","json.dump(out, open(f""{W}/receipts/NC_GATE_G1.json"", ""w""), indent=1)"
C,True,/Users/haosiyu/Desktop/quant_research/multi_asset/exports/research/nc_2026-09-23/devices/nc_handoff_check.py,46,main,json.dump,,False,False,[],"[(23, 'FILE(helper)'), (23, 'FILE(helper)'), (23, 'FILE(helper)'), (23, 'FILE(helper)'), (23, 'FILE(helper)'), (40, 'FILE(helper)')]","json.dump(rec, open(a.out, ""w""), indent=1)"
C,True,/Users/haosiyu/Desktop/quant_research/multi_asset/exports/research/nc_2026-09-23/devices/nc_handoff_check.py,46,main,open-w,w,False,False,[],"[(23, 'FILE(helper)'), (23, 'FILE(helper)'), (23, 'FILE(helper)'), (23, 'FILE(helper)'), (23, 'FILE(helper)'), (40, 'FILE(helper)')]","json.dump(rec, open(a.out, ""w""), indent=1)"
B,False,/Users/haosiyu/Desktop/quant_research/multi_asset/exports/research/nc_2026-09-23/devices/nc_install.py,71,atomic_copy,open-x,xb,True,True,[],[],"with open(src, ""rb"") as f, open(tmp, ""xb"") as g:"
C,True,/Users/haosiyu/Desktop/quant_research/multi_asset/exports/research/nc_2026-09-23/devices/nc_install.py,216,apply,json.dump,,False,False,[],"[(226, 'FILE(helper)'), (239, 'FILE(helper)'), (240, 'FILE(helper)'), (231, 'FILE(helper)'), (236, 'FILE(helper)'), (236, 'FILE(helper)')]","wr = lambda: json.dump(rec, open(f""{bk}/NC_INSTALL_RECEIPT.json"", ""w""), indent=1)"
C,True,/Users/haosiyu/Desktop/quant_research/multi_asset/exports/research/nc_2026-09-23/devices/nc_install.py,216,apply,open-w,w,False,False,[],"[(226, 'FILE(helper)'), (239, 'FILE(helper)'), (240, 'FILE(helper)'), (231, 'FILE(helper)'), (236, 'FILE(helper)'), (236, 'FILE(helper)')]","wr = lambda: json.dump(rec, open(f""{bk}/NC_INSTALL_RECEIPT.json"", ""w""), indent=1)"
C,False,/Users/haosiyu/Desktop/quant_research/multi_asset/exports/research/nc_2026-09-23/devices/nc_install.py,222,apply,shutil.copy2,,False,False,[],"[(226, 'FILE(helper)'), (239, 'FILE(helper)'), (240, 'FILE(helper)'), (231, 'FILE(helper)'), (236, 'FILE(helper)'), (236, 'FILE(helper)')]","b = f""{bk}/files/{it['dest']}""; os.makedirs(os.path.dirname(b), exist_ok=True); shutil.copy2(cur, b); sums.append((sha(b), f""files/{it['dest']}""))"
C,False,/Users/haosiyu/Desktop/quant_research/multi_asset/exports/research/nc_2026-09-23/devices/nc_install.py,224,apply,shutil.copy2,,False,False,[],"[(226, 'FILE(helper)'), (239, 'FILE(helper)'), (240, 'FILE(helper)'), (231, 'FILE(helper)'), (236, 'FILE(helper)'), (236, 'FILE(helper)')]","if os.path.exists(f""{prod}/{f}""): shutil.copy2(f""{prod}/{f}"", f""{bk}/state/{f}""); sums.append((sha(f""{bk}/state/{f}""), f""state/{f}""))"
C,True,/Users/haosiyu/Desktop/quant_research/multi_asset/exports/research/nc_2026-09-23/devices/nc_install.py,225,apply,open-w,w,False,False,[],"[(226, 'FILE(helper)'), (239, 'FILE(helper)'), (240, 'FILE(helper)'), (231, 'FILE(helper)'), (236, 'FILE(helper)'), (236, 'FILE(helper)')]","open(f""{bk}/SHA256SUMS"", ""w"").write("""".join(f""{s}  {p}\n"" for s, p in sums))"
C,True,/Users/haosiyu/Desktop/quant_research/multi_asset/exports/research/nc_2026-09-23/devices/nc_install.py,271,rollback,json.dump,,False,False,[],"[(293, 'FILE(helper)'), (252, 'FILE(helper)'), (266, 'FILE(helper)'), (279, 'FILE(helper)'), (281, 'FILE(helper)'), (259, 'FILE(helper)')]","wr = lambda: json.dump(rec, open(f""{aside}/NC_ROLLBACK_RECEIPT.json"", ""w""), indent=1)"
C,True,/Users/haosiyu/Desktop/quant_research/multi_asset/exports/research/nc_2026-09-23/devices/nc_install.py,271,rollback,open-w,w,False,False,[],"[(293, 'FILE(helper)'), (252, 'FILE(helper)'), (266, 'FILE(helper)'), (279, 'FILE(helper)'), (281, 'FILE(helper)'), (259, 'FILE(helper)')]","wr = lambda: json.dump(rec, open(f""{aside}/NC_ROLLBACK_RECEIPT.json"", ""w""), indent=1)"
C,False,/Users/haosiyu/Desktop/quant_research/multi_asset/exports/research/nc_2026-09-23/devices/nc_install.py,285,rollback,shutil.copy2,,False,False,[],"[(293, 'FILE(helper)'), (252, 'FILE(helper)'), (266, 'FILE(helper)'), (279, 'FILE(helper)'), (281, 'FILE(helper)'), (259, 'FILE(helper)')]","if os.path.exists(f""{prod}/{f}""): shutil.copy2(f""{prod}/{f}"", f""{aside}/state/{f}"")"
C,False,/Users/haosiyu/Desktop/quant_research/multi_asset/exports/research/nc_2026-09-23/devices/nc_legs.py,78,main,np.savez_compressed,,False,False,[],"[(80, 'FILE(helper)'), (84, 'FILE(helper)'), (83, 'FILE(helper)'), (83, 'FILE(helper)'), (83, 'FILE(helper)'), (83, 'FILE(helper)')]","np.savez_compressed(out, E_ts=a, symbols=np.array(syms), KZ=KZ, Z24=Z24, ZFD=ZFD, WL=WL, ready=ready, LR=LRm, QV=QV, RN8=RN8)"
C,True,/Users/haosiyu/Desktop/quant_research/multi_asset/exports/research/nc_2026-09-23/devices/nc_legs.py,86,main,json.dump,,False,False,[],"[(80, 'FILE(helper)'), (84, 'FILE(helper)'), (83, 'FILE(helper)'), (83, 'FILE(helper)'), (83, 'FILE(helper)'), (83, 'FILE(helper)')]","json.dump(rec, open(f""{W}/receipts/NC_LEGS.json"", ""w""), indent=1)          # the name news2_stage_inputs.py binds"
C,True,/Users/haosiyu/Desktop/quant_research/multi_asset/exports/research/nc_2026-09-23/devices/nc_legs.py,86,main,open-w,w,False,False,[],"[(80, 'FILE(helper)'), (84, 'FILE(helper)'), (83, 'FILE(helper)'), (83, 'FILE(helper)'), (83, 'FILE(helper)'), (83, 'FILE(helper)')]","json.dump(rec, open(f""{W}/receipts/NC_LEGS.json"", ""w""), indent=1)          # the name news2_stage_inputs.py binds"
C,True,/Users/haosiyu/Desktop/quant_research/multi_asset/exports/research/nc_2026-09-23/devices/nc_m3_selfcheck.py,136,finish,open-w,w,False,False,[],[],"if a.out: open(a.out, ""w"").write(""\n"".join(LINES) + ""\n"")"
B,False,/Users/haosiyu/Desktop/quant_research/multi_asset/exports/research/nc_2026-09-23/devices/nc_p2_build.py,52,p1,np.savez,,True,False,[],"[(30, 'FILE(helper)'), (61, 'FILE(helper)'), (63, 'FILE(helper)')]","np.savez(o + "".tmp.npz"", anchor=np.array(rec[""anchor""], np.int64), mcount=np.array(rec[""mcount""], np.int64),"
B,True,/Users/haosiyu/Desktop/quant_research/multi_asset/exports/research/nc_2026-09-23/devices/nc_p2_build.py,61,p1,json.dump,,True,False,[],"[(30, 'FILE(helper)'), (61, 'FILE(helper)'), (63, 'FILE(helper)')]","json.dump({""shard"": k, ""nshard"": n, ""devices"": devices(), ""tree_receipt_sha256"": sha(f""{TREE}/PATCH_RECEIPT.json""), ""king_span"": H.KING_SPAN,"
B,True,/Users/haosiyu/Desktop/quant_research/multi_asset/exports/research/nc_2026-09-23/devices/nc_p2_build.py,63,p1,open-w,w,True,False,[],"[(30, 'FILE(helper)'), (61, 'FILE(helper)'), (63, 'FILE(helper)')]","""numpy"": np.__version__, ""npy_disable"": os.environ.get(""NPY_DISABLE_CPU_FEATURES""), ""sha256"": sha(o)}, open(o + "".json"", ""w""), indent=1)"
C,False,/Users/haosiyu/Desktop/quant_research/multi_asset/exports/research/nc_2026-09-23/devices/nc_p2_build.py,92,merge1,np.savez,,False,False,[],"[(74, 'FILE(helper)')]","np.savez(f""{OUT}/members_hist_all.npz"", anchors=A, off=np.concatenate([[0], np.cumsum([len(x) for x in m_all])]).astype(np.int64),"
C,False,/Users/haosiyu/Desktop/quant_research/multi_asset/exports/research/nc_2026-09-23/devices/nc_p2_build.py,106,merge1,np.savez,,False,False,[],"[(74, 'FILE(helper)')]","np.savez(f""{OUT}/p1_merged.npz"", **out)"
B,False,/Users/haosiyu/Desktop/quant_research/multi_asset/exports/research/nc_2026-09-23/devices/nc_p2_build.py,142,p2,np.savez,,True,False,[],"[(129, 'FILE(helper)'), (147, 'FILE(helper)'), (149, 'FILE(helper)')]","np.savez(o + "".tmp.npz"", anchor=np.array(out[""anchor""], np.int64), count=cnt,"
B,True,/Users/haosiyu/Desktop/quant_research/multi_asset/exports/research/nc_2026-09-23/devices/nc_p2_build.py,147,p2,json.dump,,True,False,[],"[(129, 'FILE(helper)'), (147, 'FILE(helper)'), (149, 'FILE(helper)')]","json.dump({""shard"": k, ""nshard"": n, ""devices"": devices(), ""tree_receipt_sha256"": sha(f""{TREE}/PATCH_RECEIPT.json""), ""mini_span"": H.MINI_SPAN,"
B,True,/Users/haosiyu/Desktop/quant_research/multi_asset/exports/research/nc_2026-09-23/devices/nc_p2_build.py,149,p2,open-w,w,True,False,[],"[(129, 'FILE(helper)'), (147, 'FILE(helper)'), (149, 'FILE(helper)')]","""npy_disable"": os.environ.get(""NPY_DISABLE_CPU_FEATURES""), ""sha256"": sha(o)}, open(o + "".json"", ""w""), indent=1)"
B,False,/Users/haosiyu/Desktop/quant_research/multi_asset/exports/research/nc_2026-09-23/devices/nc_p2_build.py,189,merge2,np.savez,,True,False,[],"[(192, 'FILE(helper)'), (193, 'FILE(helper)'), (159, 'FILE(helper)'), (194, 'FILE(helper)')]","np.savez(o + "".tmp.npz"", anchors=np.array(anc, np.int64), count=cnt, off=off, skip=np.array(skip), base_val=base_val, symbols=np.array(I.syms),"
B,True,/Users/haosiyu/Desktop/quant_research/multi_asset/exports/research/nc_2026-09-23/devices/nc_p2_build.py,196,merge2,json.dump,,True,False,[],"[(192, 'FILE(helper)'), (193, 'FILE(helper)'), (159, 'FILE(helper)'), (194, 'FILE(helper)')]","json.dump(rec, open(f""{W}/receipts/NC_FEATURES.json"", ""w""), indent=1)"
B,True,/Users/haosiyu/Desktop/quant_research/multi_asset/exports/research/nc_2026-09-23/devices/nc_p2_build.py,196,merge2,open-w,w,True,False,[],"[(192, 'FILE(helper)'), (193, 'FILE(helper)'), (159, 'FILE(helper)'), (194, 'FILE(helper)')]","json.dump(rec, open(f""{W}/receipts/NC_FEATURES.json"", ""w""), indent=1)"
C,False,/Users/haosiyu/Desktop/quant_research/multi_asset/exports/research/nc_2026-09-23/devices/nc_package.py,140,main,shutil.copyfile,,False,False,[],"[(114, 'FILE(helper)'), (114, 'FILE(helper)'), (128, 'FILE(helper)'), (130, 'FILE(helper)'), (100, 'FILE(helper)'), (100, 'FILE(helper)')]","shutil.copyfile(f""{a.tree}/PATCH_RECEIPT.json"", f""{a.out}/PATCH_RECEIPT.json"")"
C,True,/Users/haosiyu/Desktop/quant_research/multi_asset/exports/research/nc_2026-09-23/devices/nc_package.py,148,main,json.dump,,False,False,[],"[(114, 'FILE(helper)'), (114, 'FILE(helper)'), (128, 'FILE(helper)'), (130, 'FILE(helper)'), (100, 'FILE(helper)'), (100, 'FILE(helper)')]","json.dump(contract, open(f""{a.out}/INSTALL_CONTRACT.json"", ""w""), indent=1)"
C,False,/Users/haosiyu/Desktop/quant_research/multi_asset/exports/research/nc_2026-09-23/devices/nc_package.py,143,main,shutil.copyfile,,False,False,[],"[(114, 'FILE(helper)'), (114, 'FILE(helper)'), (128, 'FILE(helper)'), (130, 'FILE(helper)'), (100, 'FILE(helper)'), (100, 'FILE(helper)')]","shutil.copyfile(a.export_manifest, f""{a.out}/verdict/export_manifest.json"")"
C,True,/Users/haosiyu/Desktop/quant_research/multi_asset/exports/research/nc_2026-09-23/devices/nc_package.py,148,main,open-w,w,False,False,[],"[(114, 'FILE(helper)'), (114, 'FILE(helper)'), (128, 'FILE(helper)'), (130, 'FILE(helper)'), (100, 'FILE(helper)'), (100, 'FILE(helper)')]","json.dump(contract, open(f""{a.out}/INSTALL_CONTRACT.json"", ""w""), indent=1)"
C,False,/Users/haosiyu/Desktop/quant_research/multi_asset/exports/research/nc_2026-09-23/devices/nc_package.py,146,main,shutil.copyfile,,False,False,[],"[(114, 'FILE(helper)'), (114, 'FILE(helper)'), (128, 'FILE(helper)'), (130, 'FILE(helper)'), (100, 'FILE(helper)'), (100, 'FILE(helper)')]","shutil.copyfile(a.ruling, f""{a.out}/verdict/ruling.md"")"
C,True,/Users/haosiyu/Desktop/quant_research/multi_asset/exports/research/nc_2026-09-23/devices/nc_package.py,124,main,open-w,wb,False,False,[],"[(114, 'FILE(helper)'), (114, 'FILE(helper)'), (128, 'FILE(helper)'), (130, 'FILE(helper)'), (100, 'FILE(helper)'), (100, 'FILE(helper)')]","p = f""{a.out}/files/{dest}""; os.makedirs(os.path.dirname(p), exist_ok=True); open(p, ""wb"").write(raw)"
C,False,/Users/haosiyu/Desktop/quant_research/multi_asset/exports/research/nc_2026-09-23/devices/nc_parity_gate.py,117,build_state,np.savez,,False,False,"[124, 124]",[],"np.savez(f""{st}/rolling.npz"", ts=ts, data=D); del D"
C,False,/Users/haosiyu/Desktop/quant_research/multi_asset/exports/research/nc_2026-09-23/devices/nc_parity_gate.py,119,build_state,np.savez,,False,False,"[124, 124]",[],"np.savez(f""{st}/boundary_raw.npz"", ts=pk.bt[k][o], col=pk.bc[k][o].astype(np.int32), raw=pk.br[k][o])"
C,False,/Users/haosiyu/Desktop/quant_research/multi_asset/exports/research/nc_2026-09-23/devices/nc_parity_gate.py,121,build_state,np.savez,,False,False,"[124, 124]",[],"np.savez(f""{st}/members_hist.npz"", anchors=np.array(anc, np.int64), off=off,"
C,True,/Users/haosiyu/Desktop/quant_research/multi_asset/exports/research/nc_2026-09-23/devices/nc_parity_gate.py,128,build_state,json.dump,,False,False,[],[],"json.dump(aux, open(f""{st}/aux.json"", ""w""))"
C,False,/Users/haosiyu/Desktop/quant_research/multi_asset/exports/research/nc_2026-09-23/devices/nc_parity_gate.py,129,build_state,shutil.copy2,,False,False,[],[],"shutil.copy2(f""{snap}/leg_returns_live.json"", f""{st}/leg_returns_live.json"")"
C,True,/Users/haosiyu/Desktop/quant_research/multi_asset/exports/research/nc_2026-09-23/devices/nc_parity_gate.py,128,build_state,open-w,w,False,False,[],[],"json.dump(aux, open(f""{st}/aux.json"", ""w""))"
C,False,/Users/haosiyu/Desktop/quant_research/multi_asset/exports/research/nc_2026-09-23/devices/nc_parity_gate.py,228,run_one,shutil.copy2,,False,False,[],[],"if src and os.path.exists(src): shutil.copy2(src, f""{out}/logs/{dst}"")"
C,True,/Users/haosiyu/Desktop/quant_research/multi_asset/exports/research/nc_2026-09-23/devices/nc_parity_gate.py,212,run_one,open-w,w,False,False,"[217, 217, 218]",[],"open(f""{root}/combo_parity_wrap.py"", ""w"").write(WRAP); fws = f""{root}/feature_ws"""
C,True,/Users/haosiyu/Desktop/quant_research/multi_asset/exports/research/nc_2026-09-23/devices/nc_parity_gate.py,295,main,json.dump,,False,False,[],"[(288, 'FILE(helper)'), (288, 'FILE(helper)'), (289, 'FILE(helper)'), (289, 'FILE(helper)'), (291, 'FILE(helper)'), (290, 'FILE(helper)')]","json.dump(rec, open(f""{out}/NC_PARITY_GATE.json"", ""w""), indent=1, default=str)"
C,False,/Users/haosiyu/Desktop/quant_research/multi_asset/exports/research/nc_2026-09-23/devices/nc_parity_gate.py,314,main,np.savez,,False,False,[],"[(288, 'FILE(helper)'), (288, 'FILE(helper)'), (289, 'FILE(helper)'), (289, 'FILE(helper)'), (291, 'FILE(helper)'), (290, 'FILE(helper)')]","np.savez(a.emit_ref, **{k: v for k, v in pk.z.items() if not k.startswith(""ref_"")}, **ref)"
C,True,/Users/haosiyu/Desktop/quant_research/multi_asset/exports/research/nc_2026-09-23/devices/nc_parity_gate.py,295,main,open-w,w,False,False,[],"[(288, 'FILE(helper)'), (288, 'FILE(helper)'), (289, 'FILE(helper)'), (289, 'FILE(helper)'), (291, 'FILE(helper)'), (290, 'FILE(helper)')]","json.dump(rec, open(f""{out}/NC_PARITY_GATE.json"", ""w""), indent=1, default=str)"
C,False,/Users/haosiyu/Desktop/quant_research/multi_asset/exports/research/nc_2026-09-23/devices/nc_prep.py,61,main,np.save,,False,False,"[64, 68, 94, 106]","[(52, 'FILE(helper)'), (52, 'FILE(helper)'), (48, 'FILE(helper)'), (48, 'FILE(helper)'), (51, 'FILE(helper)'), (144, 'FILE(helper)')]","np.save(f""{WK}/R_crypto.npy"", Rc)"
C,False,/Users/haosiyu/Desktop/quant_research/multi_asset/exports/research/nc_2026-09-23/devices/nc_prep.py,90,main,np.savez,,False,False,"[94, 106]","[(52, 'FILE(helper)'), (52, 'FILE(helper)'), (48, 'FILE(helper)'), (48, 'FILE(helper)'), (51, 'FILE(helper)'), (144, 'FILE(helper)')]","np.savez(f""{WK}/boundary.npz"", ts=bt, col=bc, raw=br)"
C,False,/Users/haosiyu/Desktop/quant_research/multi_asset/exports/research/nc_2026-09-23/devices/nc_prep.py,122,main,np.savez,,False,False,[],"[(52, 'FILE(helper)'), (52, 'FILE(helper)'), (48, 'FILE(helper)'), (48, 'FILE(helper)'), (51, 'FILE(helper)'), (144, 'FILE(helper)')]","np.savez(f""{WK}/fund_state.npz"", anchors=anchors, cols=cols, ev_off=np.array(ev_off, np.int64), kidx=kidx, **ev)"
C,False,/Users/haosiyu/Desktop/quant_research/multi_asset/exports/research/nc_2026-09-23/devices/nc_prep.py,143,main,np.savez,,False,False,[],"[(52, 'FILE(helper)'), (52, 'FILE(helper)'), (48, 'FILE(helper)'), (48, 'FILE(helper)'), (51, 'FILE(helper)'), (144, 'FILE(helper)')]","np.savez(f""{WK}/axes.npz"", ts=ts, symbols=np.array(syms), crypto_cols=cols, anchors=anchors)"
C,True,/Users/haosiyu/Desktop/quant_research/multi_asset/exports/research/nc_2026-09-23/devices/nc_prep.py,147,main,json.dump,,False,False,[],"[(52, 'FILE(helper)'), (52, 'FILE(helper)'), (48, 'FILE(helper)'), (48, 'FILE(helper)'), (51, 'FILE(helper)'), (144, 'FILE(helper)')]","json.dump(rec, open(f""{W}/receipts/NC_PREP.json"", ""w""), indent=1)"
C,True,/Users/haosiyu/Desktop/quant_research/multi_asset/exports/research/nc_2026-09-23/devices/nc_prep.py,147,main,open-w,w,False,False,[],"[(52, 'FILE(helper)'), (52, 'FILE(helper)'), (48, 'FILE(helper)'), (48, 'FILE(helper)'), (51, 'FILE(helper)'), (144, 'FILE(helper)')]","json.dump(rec, open(f""{W}/receipts/NC_PREP.json"", ""w""), indent=1)"
C,True,/Users/haosiyu/Desktop/quant_research/multi_asset/exports/research/nc_2026-09-23/devices/nc_ret5_fallback_probe.py,100,main,json.dump,,False,False,[],[],"json.dump(rec, open(f""{out}/RET5_FALLBACK_PROBE.json"", ""w""), indent=1)"
C,False,/Users/haosiyu/Desktop/quant_research/multi_asset/exports/research/nc_2026-09-23/devices/nc_ret5_fallback_probe.py,43,main,shutil.copy2,,False,False,"[68, 68, 70, 80, 92]",[],"shutil.copy2(f""{snap}/{f}"", f""{sb}/wide_shadow/state/{f}"")"
C,True,/Users/haosiyu/Desktop/quant_research/multi_asset/exports/research/nc_2026-09-23/devices/nc_ret5_fallback_probe.py,100,main,open-w,w,False,False,[],[],"json.dump(rec, open(f""{out}/RET5_FALLBACK_PROBE.json"", ""w""), indent=1)"
C,False,/Users/haosiyu/Desktop/quant_research/multi_asset/exports/research/nc_2026-09-23/devices/nc_ret5_fallback_probe.py,47,main,shutil.copy2,,False,False,"[68, 68, 70, 80, 92]",[],"shutil.copy2(f""{WS}/state/target_live_king/{A}.json{suf}"", f""{sb}/wide_shadow/state/target_live/{A}.json{suf}"")"
C,True,/Users/haosiyu/Desktop/quant_research/multi_asset/exports/research/nc_2026-09-23/devices/nc_ret5_fallback_probe.py,49,main,open-w,w,False,False,"[68, 68, 70, 80, 92]",[],"open(f""{sb}/dl_quant_live/live/telegram_notify.py"", ""w"").write("
C,True,/Users/haosiyu/Desktop/quant_research/multi_asset/exports/research/nc_2026-09-23/devices/nc_ret5_fallback_probe.py,53,main,open-w,w,False,False,"[68, 68, 70, 80, 92]",[],"open(f""{sb}/wide_shadow/fea171/_probe_wrap.py"", ""w"").write(WRAP)"
C,True,/Users/haosiyu/Desktop/quant_research/multi_asset/exports/research/nc_2026-09-23/devices/nc_ret5_fallback_probe.py,56,main,open-w,w,False,False,"[68, 68, 70, 80, 92]",[],"open(prof, ""w"").write('(version 1)\n(allow default)\n(deny network*)\n(deny file-write*)\n(allow file-write* (subpath (param ""SANDBOX"")) (literal ""/dev/null""))\n'"
C,True,/Users/haosiyu/Desktop/quant_research/multi_asset/exports/research/nc_2026-09-23/devices/nc_ret5_fallback_probe.py,64,main,open-w,w,False,False,"[68, 68, 70, 80, 92]",[],"open(f""{out}/combo_run.log"", ""w"").write(r.stdout + ""\n--- stderr ---\n"" + r.stderr)"
C,True,/Users/haosiyu/Desktop/quant_research/multi_asset/exports/research/nc_2026-09-23/devices/nc_sandbox_lib.py,93,build_bundle,json.dump,,False,False,[],"[(92, 'MEMORY')]","json.dump(man, open(f""{dst}/MANIFEST.json"", ""w""), indent=1)"
C,True,/Users/haosiyu/Desktop/quant_research/multi_asset/exports/research/nc_2026-09-23/devices/nc_sandbox_lib.py,93,build_bundle,open-w,w,False,False,[],"[(92, 'MEMORY')]","json.dump(man, open(f""{dst}/MANIFEST.json"", ""w""), indent=1)"
C,False,/Users/haosiyu/Desktop/quant_research/multi_asset/exports/research/nc_2026-09-23/devices/nc_sandbox_lib.py,89,build_bundle,shutil.copy2,,False,False,"[90, 92, 90, 92]","[(92, 'MEMORY')]","else: shutil.copy2(s, f""{dst}/{f}"")"
C,True,/Users/haosiyu/Desktop/quant_research/multi_asset/exports/research/nc_2026-09-23/devices/nc_sandbox_lib.py,91,build_bundle,open-w,wb,False,False,"[92, 92]","[(92, 'MEMORY')]","raw = json.dumps(crypto_axis_json(cfg[""symbols_panel""])).encode(); open(f""{dst}/crypto_axis.json"", ""wb"").write(raw)"
C,False,/Users/haosiyu/Desktop/quant_research/multi_asset/exports/research/nc_2026-09-23/devices/nc_sandbox_lib.py,114,build_sandbox,shutil.copy2,,False,False,[],"[(109, 'FILE(helper)'), (111, 'FILE(helper)')]","shutil.copy2(f""{WS}/fea171/f10_live_s42_np.npz"", f""{ws}/fea171/f10_live_s42_np.npz"")"
C,False,/Users/haosiyu/Desktop/quant_research/multi_asset/exports/research/nc_2026-09-23/devices/nc_sandbox_lib.py,105,build_sandbox,shutil.copy2,,False,False,[],"[(109, 'FILE(helper)'), (111, 'FILE(helper)')]","shutil.copy2(f""{tree}/shadow_loop_v3.py"", f""{ws}/shadow_loop_v3.py"")"
C,False,/Users/haosiyu/Desktop/quant_research/multi_asset/exports/research/nc_2026-09-23/devices/nc_sandbox_lib.py,109,build_sandbox,shutil.copy2,,False,False,[],"[(109, 'FILE(helper)'), (111, 'FILE(helper)')]","assert sha(OLD_PRODUCER) == PIN[""old_shadow""]; shutil.copy2(OLD_PRODUCER, f""{ws}/shadow_loop_v3.py"")"
C,True,/Users/haosiyu/Desktop/quant_research/multi_asset/exports/research/nc_2026-09-23/devices/nc_sandbox_lib.py,101,build_sandbox,open-w,w,False,False,[],"[(109, 'FILE(helper)'), (111, 'FILE(helper)')]","open(f""{exe}/live/telegram_notify.py"", ""w"").write('import json,os,time\nclass TelegramNotifier:\n    def __init__(self, token=None, chat_id=None): pass\n'"
C,False,/Users/haosiyu/Desktop/quant_research/multi_asset/exports/research/nc_2026-09-23/devices/nc_sandbox_lib.py,112,build_sandbox,shutil.copy2,,False,False,[],"[(109, 'FILE(helper)'), (111, 'FILE(helper)')]","shutil.copy2(f""{WS}/fea171/{f}"", f""{ws}/fea171/{f}"")"
C,False,/Users/haosiyu/Desktop/quant_research/multi_asset/exports/research/nc_2026-09-23/devices/nc_sandbox_lib.py,113,build_sandbox,shutil.copy2,,False,False,[],"[(109, 'FILE(helper)'), (111, 'FILE(helper)')]","for f in (""feature_cache_identity.py"", ""xfer_syms.npz"", ""xfer_ref.npz""): shutil.copy2(f""{WS}/fea171/{f}"", f""{ws}/fea171/{f}"")"
C,False,/Users/haosiyu/Desktop/quant_research/multi_asset/exports/research/nc_2026-09-23/devices/nc_sandbox_lib.py,107,build_sandbox,shutil.copy2,,False,False,[],"[(109, 'FILE(helper)'), (111, 'FILE(helper)')]","if os.path.isfile(f""{tree}/fea171/{f}""): shutil.copy2(f""{tree}/fea171/{f}"", f""{ws}/fea171/{f}"")"
C,True,/Users/haosiyu/Desktop/quant_research/multi_asset/exports/research/nc_2026-09-23/devices/nc_sandbox_lib.py,192,run_combo,open-w,w,False,False,"[203, 203]",[],"open(prof, ""w"").write('(version 1)\n(allow default)\n(deny network*)\n(deny file-write*)\n(allow file-write* (subpath (param ""SANDBOX"")) (literal ""/dev/null""))\n'"
C,True,/Users/haosiyu/Desktop/quant_research/multi_asset/exports/research/nc_2026-09-23/devices/nc_sandbox_lib.py,201,run_combo,open-w,w,False,False,"[203, 203]",[],"open(f""{sb}/combo_{tag}.log"", ""w"").write(r.stdout + ""\n--- stderr ---\n"" + r.stderr)"
C,False,/Users/haosiyu/Desktop/quant_research/multi_asset/exports/research/nc_2026-09-23/devices/nc_sandbox_lib.py,215,carry_prior,shutil.copy2,,False,False,[],[],"os.makedirs(os.path.dirname(dst), exist_ok=True); shutil.copy2(src, dst); got.append(os.path.basename(dst))"
C,True,/Users/haosiyu/Desktop/quant_research/multi_asset/exports/research/nc_2026-09-23/devices/nc_sandbox_lib.py,235,harness_phase_fix,open-w,w,False,False,[],"[(236, 'FILE(helper)'), (237, 'FILE(helper)')]","open(f""{dst}/shadow_loop_v3.py"", ""w"").write(src.replace(old, 'for k in (""setup"", ""exchange_info"", ""klines"",'))"
C,False,/Users/haosiyu/Desktop/quant_research/multi_asset/exports/research/nc_2026-09-23/devices/nc_sandbox_lib.py,252,copy_state,shutil.copy2,,False,False,[],[],"if os.path.isfile(f""{src}/{f}""): shutil.copy2(f""{src}/{f}"", f""{dst}/{f}"")"
C,True,/Users/haosiyu/Desktop/quant_research/multi_asset/exports/research/nc_2026-09-23/devices/nc_sandbox_lib.py,279,synthetic_nc_state,json.dump,,False,False,[],[],"json.dump(aux, open(f""{out_state}/aux.json"", ""w""))"
C,False,/Users/haosiyu/Desktop/quant_research/multi_asset/exports/research/nc_2026-09-23/devices/nc_sandbox_lib.py,280,synthetic_nc_state,np.savez,,False,False,[],[],"np.savez(f""{out_state}/boundary_raw.npz"", ts=np.zeros(0, np.int64), col=np.zeros(0, np.int32), raw=np.zeros(0, np.float32))"
C,False,/Users/haosiyu/Desktop/quant_research/multi_asset/exports/research/nc_2026-09-23/devices/nc_sandbox_lib.py,281,synthetic_nc_state,np.savez,,False,False,[],[],"np.savez(f""{out_state}/members_hist.npz"", anchors=np.zeros(0, np.int64), off=np.zeros(1, np.int64), idx=np.zeros(0, np.int16))"
C,False,/Users/haosiyu/Desktop/quant_research/multi_asset/exports/research/nc_2026-09-23/devices/nc_sandbox_lib.py,263,synthetic_nc_state,shutil.copy2,,False,False,"[264, 264, 267, 264, 264]",[],"for f in (""rolling.npz"", ""leg_returns_live.json""): shutil.copy2(f""{snap}/{f}"", f""{out_state}/{f}"")"
C,True,/Users/haosiyu/Desktop/quant_research/multi_asset/exports/research/nc_2026-09-23/devices/nc_sandbox_lib.py,279,synthetic_nc_state,open-w,w,False,False,[],[],"json.dump(aux, open(f""{out_state}/aux.json"", ""w""))"
C,False,/Users/haosiyu/Desktop/quant_research/multi_asset/exports/research/nc_2026-09-23/devices/nc_sandbox_lib.py,283,synthetic_nc_state,shutil.copy2,,False,False,[],[],"os.makedirs(f""{out_state}/weights"", exist_ok=True); shutil.copy2(f""{WS}/state/weights/{A0}.npz"", f""{out_state}/weights/{A0}.npz"")"
C,False,/Users/haosiyu/Desktop/quant_research/multi_asset/exports/research/nc_2026-09-23/devices/nc_seed_state.py,204,main,np.savez_compressed,,False,False,[],"[(42, 'FILE(helper)'), (40, 'FILE(helper)'), (40, 'FILE(helper)'), (41, 'FILE(helper)'), (70, 'FILE(helper)'), (213, 'FILE(helper)')]","np.savez_compressed(f""{out_state}/rolling.npz"", ts=ts, data=D)"
C,False,/Users/haosiyu/Desktop/quant_research/multi_asset/exports/research/nc_2026-09-23/devices/nc_seed_state.py,208,main,shutil.copy2,,False,False,[],"[(42, 'FILE(helper)'), (40, 'FILE(helper)'), (40, 'FILE(helper)'), (41, 'FILE(helper)'), (70, 'FILE(helper)'), (213, 'FILE(helper)')]","shutil.copy2(f""{a.prod}/leg_returns_live.json"", f""{out_state}/leg_returns_live.json"")"
C,False,/Users/haosiyu/Desktop/quant_research/multi_asset/exports/research/nc_2026-09-23/devices/nc_seed_state.py,209,main,np.savez,,False,False,[],"[(42, 'FILE(helper)'), (40, 'FILE(helper)'), (40, 'FILE(helper)'), (41, 'FILE(helper)'), (70, 'FILE(helper)'), (213, 'FILE(helper)')]","np.savez(f""{out_state}/boundary_raw.npz"", ts=bt, col=bc, raw=br)"
C,False,/Users/haosiyu/Desktop/quant_research/multi_asset/exports/research/nc_2026-09-23/devices/nc_seed_state.py,211,main,np.savez,,False,False,[],"[(42, 'FILE(helper)'), (40, 'FILE(helper)'), (40, 'FILE(helper)'), (41, 'FILE(helper)'), (70, 'FILE(helper)'), (213, 'FILE(helper)')]","np.savez(f""{out_state}/members_hist.npz"", anchors=np.array(anc, np.int64), off=off, idx=(np.concatenate([mh[x] for x in anc]) if anc else np.zeros(0)).astype(np.int16))"
C,True,/Users/haosiyu/Desktop/quant_research/multi_asset/exports/research/nc_2026-09-23/devices/nc_seed_state.py,215,main,json.dump,,False,False,[],"[(42, 'FILE(helper)'), (40, 'FILE(helper)'), (40, 'FILE(helper)'), (41, 'FILE(helper)'), (70, 'FILE(helper)'), (213, 'FILE(helper)')]","json.dump(rec, open(os.path.join(a.out, ""SEED_RECEIPT.json""), ""w""), indent=1, default=str)"
C,True,/Users/haosiyu/Desktop/quant_research/multi_asset/exports/research/nc_2026-09-23/devices/nc_seed_state.py,134,main,json.dump,,False,False,"[141, 141]","[(42, 'FILE(helper)'), (40, 'FILE(helper)'), (40, 'FILE(helper)'), (41, 'FILE(helper)'), (70, 'FILE(helper)'), (213, 'FILE(helper)')]","json.dump(rec, open(os.path.join(a.out, ""SEED_RECEIPT.json""), ""w""), indent=1, default=str)"
C,False,/Users/haosiyu/Desktop/quant_research/multi_asset/exports/research/nc_2026-09-23/devices/nc_seed_state.py,207,main,open-w,w,False,False,[],"[(42, 'FILE(helper)'), (40, 'FILE(helper)'), (40, 'FILE(helper)'), (41, 'FILE(helper)'), (70, 'FILE(helper)'), (213, 'FILE(helper)')]","with open(f""{out_state}/aux.json"", ""w"") as f: json.dump(aux_new, f)"
C,False,/Users/haosiyu/Desktop/quant_research/multi_asset/exports/research/nc_2026-09-23/devices/nc_seed_state.py,207,main,json.dump,,False,False,[],"[(42, 'FILE(helper)'), (40, 'FILE(helper)'), (40, 'FILE(helper)'), (41, 'FILE(helper)'), (70, 'FILE(helper)'), (213, 'FILE(helper)')]","with open(f""{out_state}/aux.json"", ""w"") as f: json.dump(aux_new, f)"
C,True,/Users/haosiyu/Desktop/quant_research/multi_asset/exports/research/nc_2026-09-23/devices/nc_seed_state.py,215,main,open-w,w,False,False,[],"[(42, 'FILE(helper)'), (40, 'FILE(helper)'), (40, 'FILE(helper)'), (41, 'FILE(helper)'), (70, 'FILE(helper)'), (213, 'FILE(helper)')]","json.dump(rec, open(os.path.join(a.out, ""SEED_RECEIPT.json""), ""w""), indent=1, default=str)"
C,True,/Users/haosiyu/Desktop/quant_research/multi_asset/exports/research/nc_2026-09-23/devices/nc_seed_state.py,134,main,open-w,w,False,False,"[141, 141]","[(42, 'FILE(helper)'), (40, 'FILE(helper)'), (40, 'FILE(helper)'), (41, 'FILE(helper)'), (70, 'FILE(helper)'), (213, 'FILE(helper)')]","json.dump(rec, open(os.path.join(a.out, ""SEED_RECEIPT.json""), ""w""), indent=1, default=str)"
C,False,/Users/haosiyu/Desktop/quant_research/multi_asset/exports/research/nc_2026-09-23/devices/nc_timing_gate.py,64,worst_mutation,np.savez_compressed,,False,False,[65],[],"np.savez_compressed(f""{state}/rolling.npz"", ts=ts, data=d)"
C,False,/Users/haosiyu/Desktop/quant_research/multi_asset/exports/research/nc_2026-09-23/devices/nc_timing_gate.py,66,worst_mutation,np.savez,,False,False,[],[],"np.savez(f""{state}/boundary_raw.npz"", ts=b[""ts""][keep], col=b[""col""][keep], raw=b[""raw""][keep])"
C,True,/Users/haosiyu/Desktop/quant_research/multi_asset/exports/research/nc_2026-09-23/devices/nc_timing_gate.py,70,worst_mutation,json.dump,,False,False,[],[],"json.dump(aux, open(f""{state}/aux.json"", ""w""))"
C,True,/Users/haosiyu/Desktop/quant_research/multi_asset/exports/research/nc_2026-09-23/devices/nc_timing_gate.py,70,worst_mutation,open-w,w,False,False,[],[],"json.dump(aux, open(f""{state}/aux.json"", ""w""))"
C,True,/Users/haosiyu/Desktop/quant_research/multi_asset/exports/research/nc_2026-09-23/devices/nc_timing_gate.py,109,one,json.dump,,False,False,[],[],"json.dump(rec, open(f""{out}/anchors/{tag}.json"", ""w""), indent=1, default=str)"
C,True,/Users/haosiyu/Desktop/quant_research/multi_asset/exports/research/nc_2026-09-23/devices/nc_timing_gate.py,109,one,open-w,w,False,False,[],[],"json.dump(rec, open(f""{out}/anchors/{tag}.json"", ""w""), indent=1, default=str)"
C,True,/Users/haosiyu/Desktop/quant_research/multi_asset/exports/research/nc_2026-09-23/devices/nc_timing_gate.py,193,main,json.dump,,False,False,[],"[(155, 'FILE(helper)'), (155, 'FILE(helper)'), (155, 'FILE(helper)'), (156, 'FILE(helper)'), (158, 'FILE(helper)')]","json.dump(rec, open(f""{out}/NC_TIMING_GATE.json"", ""w""), indent=1, default=str)"
C,True,/Users/haosiyu/Desktop/quant_research/multi_asset/exports/research/nc_2026-09-23/devices/nc_timing_gate.py,193,main,open-w,w,False,False,[],"[(155, 'FILE(helper)'), (155, 'FILE(helper)'), (155, 'FILE(helper)'), (156, 'FILE(helper)'), (158, 'FILE(helper)')]","json.dump(rec, open(f""{out}/NC_TIMING_GATE.json"", ""w""), indent=1, default=str)"
C,True,/Users/haosiyu/Desktop/quant_research/multi_asset/exports/research/nc_2026-09-23/devices/nc_v2_beta_parity.py,53,main,json.dump,,False,False,[],"[(29, 'FILE')]","json.dump(rec, open(out, ""w""), indent=1)"
C,True,/Users/haosiyu/Desktop/quant_research/multi_asset/exports/research/nc_2026-09-23/devices/nc_v2_beta_parity.py,53,main,open-w,w,False,False,[],"[(29, 'FILE')]","json.dump(rec, open(out, ""w""), indent=1)"
C,False,/Users/haosiyu/Desktop/quant_research/multi_asset/exports/research/nc_2026-09-23/devices/nc_v2_nonbeta_gate.py,39,run,shutil.copy2,,False,False,"[40, 40]",[],"for f in TREE_FILES: shutil.copy2(f""{tree}/{f}"", f""{sb}/wide_shadow/{f}"")"
C,False,/Users/haosiyu/Desktop/quant_research/multi_asset/exports/research/nc_2026-09-23/devices/nc_v2_nonbeta_gate.py,41,run,shutil.copy2,,False,False,[],[],"for f in list(gen[""files""]) + [""generation.json""]: shutil.copy2(f""{snap}/{f}"", f""{sb}/wide_shadow/state/{f}"")"
C,False,/Users/haosiyu/Desktop/quant_research/multi_asset/exports/research/nc_2026-09-23/devices/nc_v2_nonbeta_gate.py,44,run,shutil.copy2,,False,False,[],[],"if os.path.exists(f""{WS}/state/target_live_king/{A}.json{suf}""): shutil.copy2(f""{WS}/state/target_live_king/{A}.json{suf}"", f""{sb}/wide_shadow/state/target_live/{A}.json{suf}"")"
C,True,/Users/haosiyu/Desktop/quant_research/multi_asset/exports/research/nc_2026-09-23/devices/nc_v2_nonbeta_gate.py,46,run,open-w,w,False,False,[],[],"open(f""{sb}/dl_quant_live/live/telegram_notify.py"", ""w"").write("
C,True,/Users/haosiyu/Desktop/quant_research/multi_asset/exports/research/nc_2026-09-23/devices/nc_v2_nonbeta_gate.py,50,run,open-w,w,False,False,[],[],"open(f""{sb}/wide_shadow/fea171/_gate_wrap.py"", ""w"").write(WRAP)"
C,True,/Users/haosiyu/Desktop/quant_research/multi_asset/exports/research/nc_2026-09-23/devices/nc_v2_nonbeta_gate.py,53,run,open-w,w,False,False,[],[],"open(prof, ""w"").write('(version 1)\n(allow default)\n(deny network*)\n(deny file-write*)\n(allow file-write* (subpath (param ""SANDBOX"")) (literal ""/dev/null""))\n'"
C,True,/Users/haosiyu/Desktop/quant_research/multi_asset/exports/research/nc_2026-09-23/devices/nc_v2_nonbeta_gate.py,60,run,open-w,w,False,False,[],[],"open(f""{sb}.combo.log"", ""w"").write(r.stdout + ""\n--- stderr ---\n"" + r.stderr)"
C,True,/Users/haosiyu/Desktop/quant_research/multi_asset/exports/research/nc_2026-09-23/devices/nc_v2_nonbeta_gate.py,172,main,json.dump,,False,False,[],"[(137, 'FILE(helper)'), (137, 'FILE(helper)')]","json.dump(rec, open(f""{out}/NC_V2_NONBETA_GATE.json"", ""w""), indent=1, default=str)"
C,True,/Users/haosiyu/Desktop/quant_research/multi_asset/exports/research/nc_2026-09-23/devices/nc_v2_nonbeta_gate.py,172,main,open-w,w,False,False,[],"[(137, 'FILE(helper)'), (137, 'FILE(helper)')]","json.dump(rec, open(f""{out}/NC_V2_NONBETA_GATE.json"", ""w""), indent=1, default=str)"
C,True,/Users/haosiyu/Desktop/quant_research/multi_asset/exports/research/nc_2026-09-23/devices/nc_v2_nonbeta_gate_rev1.py,148,main,json.dump,,False,False,[],"[(65, 'FILE(helper)'), (65, 'FILE(helper)'), (66, 'FILE(helper)'), (150, 'FILE(helper)'), (98, 'FILE(helper)'), (98, 'FILE(helper)')]","json.dump(rec, open(outp, ""w""), indent=1, default=str)"
C,True,/Users/haosiyu/Desktop/quant_research/multi_asset/exports/research/nc_2026-09-23/devices/nc_v2_nonbeta_gate_rev1.py,148,main,open-w,w,False,False,[],"[(65, 'FILE(helper)'), (65, 'FILE(helper)'), (66, 'FILE(helper)'), (150, 'FILE(helper)'), (98, 'FILE(helper)'), (98, 'FILE(helper)')]","json.dump(rec, open(outp, ""w""), indent=1, default=str)"
C,True,/Users/haosiyu/Desktop/quant_research/multi_asset/exports/research/nc_2026-09-23/devices/nc_version_probe.py,155,main,open-w,w,False,False,[],[],"open(a.out, ""w"").write(""\n"".join(LINES) + ""\n"")"
C,False,/Users/haosiyu/Desktop/quant_research/multi_asset/exports/research/nc_2026-09-23/devices/news2_b_edits_9c475421.py,499,main,shutil.copyfile,,False,False,[],"[(466, 'FILE(helper)'), (472, 'FILE(helper)'), (497, 'FILE(helper)'), (511, 'FILE(helper)'), (507, 'FILE(helper)')]","shutil.copyfile(srcs[""fea171/stable_trend_reference.py""], out / ""fea171/stable_trend_reference.py"")"
C,False,/Users/haosiyu/Desktop/quant_research/multi_asset/exports/research/nc_2026-09-23/devices/news2_b_edits_9c475421.py,528,main,write_text,,False,False,[],"[(466, 'FILE(helper)'), (472, 'FILE(helper)'), (497, 'FILE(helper)'), (511, 'FILE(helper)'), (507, 'FILE(helper)')]","(out / ""PATCH_RECEIPT.json"").write_text(json.dumps(rec, indent=1, ensure_ascii=False))"
C,False,/Users/haosiyu/Desktop/quant_research/multi_asset/exports/research/nc_2026-09-23/devices/news2_b_edits_9c475421.py,496,main,write_text,,False,False,[],"[(466, 'FILE(helper)'), (472, 'FILE(helper)'), (497, 'FILE(helper)'), (511, 'FILE(helper)'), (507, 'FILE(helper)')]",(out / name).write_text(P.text)
C,False,/Users/haosiyu/Desktop/quant_research/multi_asset/exports/research/nc_2026-09-23/devices/news2_b_edits_9c475421.py,506,main,shutil.copyfile,,False,False,[],"[(466, 'FILE(helper)'), (472, 'FILE(helper)'), (497, 'FILE(helper)'), (511, 'FILE(helper)'), (507, 'FILE(helper)')]","shutil.copyfile(src, out / ""fea171"" / extra)"
