anchor,symbol,in_ch0_over_1pct_union,row_close_utc,ch0_as_f32,rr,rr_minus_ch0
A08,AINUSDT,True,2026-09-16T01:50:00Z,-0.300048828125,-0.5496222972869873,-0.2495734691619873
A08,AINUSDT,True,2026-09-16T02:25:00Z,-0.300048828125,-0.3303518295288086,-0.030303001403808594
A08,AINUSDT,True,2026-09-16T02:30:00Z,0.300048828125,0.34401899576187134,0.04397016763687134
A08,AKEUSDT,False,2026-09-02T21:45:00Z,0.300048828125,0.42492547631263733,0.12487664818763733
A08,B2USDT,True,2026-09-19T08:05:00Z,0.300048828125,0.7587878704071045,0.4587390422821045
A08,B2USDT,True,2026-09-23T08:25:00Z,0.300048828125,0.37552157044410706,0.07547274231910706
A08,BULLAUSDT,True,2026-09-05T03:00:00Z,0.300048828125,0.5581316351890564,0.2580828070640564
A08,LSKUSDT,True,2026-09-13T03:30:00Z,0.300048828125,0.4657931923866272,0.1657443642616272
A08,TAKEUSDT,True,2026-09-23T07:05:00Z,0.300048828125,0.33281052112579346,0.03276169300079346
A08,WOOUSDT,False,2026-09-06T01:35:00Z,0.300048828125,0.3005847930908203,0.0005359649658203125
A12,AINUSDT,True,2026-09-16T01:50:00Z,-0.300048828125,-0.5496222972869873,-0.2495734691619873
A12,AINUSDT,True,2026-09-16T02:25:00Z,-0.300048828125,-0.3303518295288086,-0.030303001403808594
A12,AINUSDT,True,2026-09-16T02:30:00Z,0.300048828125,0.34401899576187134,0.04397016763687134
A12,AKEUSDT,False,2026-09-02T21:45:00Z,0.300048828125,0.42492547631263733,0.12487664818763733
A12,B2USDT,True,2026-09-19T08:05:00Z,0.300048828125,0.7587878704071045,0.4587390422821045
A12,B2USDT,True,2026-09-23T08:25:00Z,0.300048828125,0.37552157044410706,0.07547274231910706
A12,BULLAUSDT,True,2026-09-05T03:00:00Z,0.300048828125,0.5581316351890564,0.2580828070640564
A12,LSKUSDT,True,2026-09-13T03:30:00Z,0.300048828125,0.4657931923866272,0.1657443642616272
A12,TAKEUSDT,True,2026-09-23T07:05:00Z,0.300048828125,0.33281052112579346,0.03276169300079346
A12,WOOUSDT,False,2026-09-06T01:35:00Z,0.300048828125,0.3005847930908203,0.0005359649658203125
